name,slug,nationality,countryCode,club,league,position,positionGroup,birthDate,heightCm,preferredFoot,active,popularity,imageUrl,clubLogoUrl
Kepa Arrizabalaga,kepa-arrizabalaga,Spain,ES,Arsenal FC,PREMIER_LEAGUE,Goalkeeper,GOALKEEPER,1994-10-03,,,true,50,,https://crests.football-data.org/57.png
David Raya,david-raya,Spain,ES,Arsenal FC,PREMIER_LEAGUE,Goalkeeper,GOALKEEPER,1995-09-15,,,true,50,,https://crests.football-data.org/57.png
Illan Meslier,illan-meslier,France,FR,Arsenal FC,PREMIER_LEAGUE,Goalkeeper,GOALKEEPER,2000-03-02,,,true,50,,https://crests.football-data.org/57.png
Tommy Setford,tommy-setford,England,GB,Arsenal FC,PREMIER_LEAGUE,Goalkeeper,GOALKEEPER,2006-03-13,,,true,50,,https://crests.football-data.org/57.png
Ben White,ben-white,England,GB,Arsenal FC,PREMIER_LEAGUE,Defender,DEFENDER,1997-10-08,,,true,50,,https://crests.football-data.org/57.png
Ezri Konsa,ezri-konsa,England,GB,Arsenal FC,PREMIER_LEAGUE,Defender,DEFENDER,1997-10-23,,,true,50,,https://crests.football-data.org/57.png
Gabriel Magalhães,gabriel-magalhaes,Brazil,BR,Arsenal FC,PREMIER_LEAGUE,Defender,DEFENDER,1997-12-19,,,true,50,,https://crests.football-data.org/57.png
William Saliba,william-saliba,France,FR,Arsenal FC,PREMIER_LEAGUE,Defender,DEFENDER,2001-03-24,,,true,50,,https://crests.football-data.org/57.png
Jurrien Timber,jurrien-timber,Netherlands,NL,Arsenal FC,PREMIER_LEAGUE,Defender,DEFENDER,2001-06-17,,,true,50,,https://crests.football-data.org/57.png
Piero Hincapié,piero-hincapie,Ecuador,EC,Arsenal FC,PREMIER_LEAGUE,Defender,DEFENDER,2002-01-09,,,true,50,,https://crests.football-data.org/57.png
Riccardo Calafiori,riccardo-calafiori,Italy,IT,Arsenal FC,PREMIER_LEAGUE,Defender,DEFENDER,2002-05-19,,,true,50,,https://crests.football-data.org/57.png
Cristhian Mosquera,cristhian-mosquera,Spain,ES,Arsenal FC,PREMIER_LEAGUE,Defender,DEFENDER,2004-06-27,,,true,50,,https://crests.football-data.org/57.png
Myles Lewis-Skelly,myles-lewis-skelly,England,GB,Arsenal FC,PREMIER_LEAGUE,Defender,DEFENDER,2006-09-26,,,true,50,,https://crests.football-data.org/57.png
Bruno Guimarães,bruno-guimaraes,Brazil,BR,Arsenal FC,PREMIER_LEAGUE,Midfielder,MIDFIELDER,1997-11-16,,,true,50,,https://crests.football-data.org/57.png
Eberechi Eze,eberechi-eze,England,GB,Arsenal FC,PREMIER_LEAGUE,Midfielder,MIDFIELDER,1998-06-29,,,true,50,,https://crests.football-data.org/57.png
Martin Ødegaard,martin-degaard,Norway,NO,Arsenal FC,PREMIER_LEAGUE,Midfielder,MIDFIELDER,1998-12-17,,,true,50,,https://crests.football-data.org/57.png
Mikel Merino,mikel-merino,Spain,ES,Arsenal FC,PREMIER_LEAGUE,Midfielder,MIDFIELDER,1996-06-22,,,true,50,,https://crests.football-data.org/57.png
Declan Rice,declan-rice,England,GB,Arsenal FC,PREMIER_LEAGUE,Midfielder,MIDFIELDER,1999-01-14,,,true,50,,https://crests.football-data.org/57.png
Christian Nørgaard,christian-n-rgaard,Denmark,DK,Arsenal FC,PREMIER_LEAGUE,Midfielder,MIDFIELDER,1994-03-10,,,true,50,,https://crests.football-data.org/57.png
Fabio Vieira,fabio-vieira,Portugal,PT,Arsenal FC,PREMIER_LEAGUE,Midfielder,MIDFIELDER,2000-05-30,,,true,50,,https://crests.football-data.org/57.png
Martín Zubimendi,martin-zubimendi,Spain,ES,Arsenal FC,PREMIER_LEAGUE,Midfielder,MIDFIELDER,1999-02-02,,,true,50,,https://crests.football-data.org/57.png
Ethan Nwaneri,ethan-nwaneri,England,GB,Arsenal FC,PREMIER_LEAGUE,Midfielder,MIDFIELDER,2007-03-21,,,true,50,,https://crests.football-data.org/57.png
Kai Havertz,kai-havertz,Germany,DE,Arsenal FC,PREMIER_LEAGUE,Forward,FORWARD,1999-06-11,,,true,50,,https://crests.football-data.org/57.png
Gabriel Jesus,gabriel-jesus,Brazil,BR,Arsenal FC,PREMIER_LEAGUE,Forward,FORWARD,1997-04-03,,,true,50,,https://crests.football-data.org/57.png
Reiss Nelson,reiss-nelson,England,GB,Arsenal FC,PREMIER_LEAGUE,Forward,FORWARD,1999-12-10,,,true,50,,https://crests.football-data.org/57.png
Viktor Gyökeres,viktor-gyokeres,Sweden,SE,Arsenal FC,PREMIER_LEAGUE,Forward,FORWARD,1998-06-04,,,true,50,,https://crests.football-data.org/57.png
Martinelli,martinelli,Brazil,BR,Arsenal FC,PREMIER_LEAGUE,Forward,FORWARD,2001-06-18,,,true,50,,https://crests.football-data.org/57.png
Bukayo Saka,bukayo-saka,England,GB,Arsenal FC,PREMIER_LEAGUE,Forward,FORWARD,2001-09-05,,,true,50,,https://crests.football-data.org/57.png
Christos Tzolis,christos-tzolis,Greece,GR,Arsenal FC,PREMIER_LEAGUE,Forward,FORWARD,2002-01-30,,,true,50,,https://crests.football-data.org/57.png
Noni Madueke,noni-madueke,England,GB,Arsenal FC,PREMIER_LEAGUE,Forward,FORWARD,2002-03-10,,,true,50,,https://crests.football-data.org/57.png
Max Dowman,max-dowman,England,GB,Arsenal FC,PREMIER_LEAGUE,Forward,FORWARD,2009-12-31,,,true,50,,https://crests.football-data.org/57.png
Emiliano Martínez,emiliano-martinez,Argentina,AR,Aston Villa FC,PREMIER_LEAGUE,Goalkeeper,GOALKEEPER,1992-09-02,,,true,50,,https://crests.football-data.org/58.png
Marco Bizot,marco-bizot,Netherlands,NL,Aston Villa FC,PREMIER_LEAGUE,Goalkeeper,GOALKEEPER,1991-03-10,,,true,50,,https://crests.football-data.org/58.png
Joe Gauci,joe-gauci,Australia,AU,Aston Villa FC,PREMIER_LEAGUE,Goalkeeper,GOALKEEPER,2000-07-04,,,true,50,,https://crests.football-data.org/58.png
Zion Suzuki,zion-suzuki,Japan,JP,Aston Villa FC,PREMIER_LEAGUE,Goalkeeper,GOALKEEPER,2002-08-21,,,true,50,,https://crests.football-data.org/58.png
Oliwier Zych,oliwier-zych,Poland,PL,Aston Villa FC,PREMIER_LEAGUE,Goalkeeper,GOALKEEPER,2004-06-28,,,true,50,,https://crests.football-data.org/58.png
Lucas Digne,lucas-digne,France,FR,Aston Villa FC,PREMIER_LEAGUE,Defender,DEFENDER,1993-07-20,,,true,50,,https://crests.football-data.org/58.png
Victor Nilsson-Lindelöf,victor-nilsson-lindelof,Sweden,SE,Aston Villa FC,PREMIER_LEAGUE,Defender,DEFENDER,1994-07-17,,,true,50,,https://crests.football-data.org/58.png
Ezri Konsa,ezri-konsa-1,England,GB,Aston Villa FC,PREMIER_LEAGUE,Defender,DEFENDER,1997-10-23,,,true,50,,https://crests.football-data.org/58.png
Aaron Wan-Bissaka,aaron-wan-bissaka,Congo DR,CD,Aston Villa FC,PREMIER_LEAGUE,Defender,DEFENDER,1997-11-26,,,true,50,,https://crests.football-data.org/58.png
Tyrone Mings,tyrone-mings,England,GB,Aston Villa FC,PREMIER_LEAGUE,Defender,DEFENDER,1993-03-13,,,true,50,,https://crests.football-data.org/58.png
Matty Cash,matty-cash,Poland,PL,Aston Villa FC,PREMIER_LEAGUE,Defender,DEFENDER,1997-08-07,,,true,50,,https://crests.football-data.org/58.png
Pau Torres,pau-torres,Spain,ES,Aston Villa FC,PREMIER_LEAGUE,Defender,DEFENDER,1997-01-16,,,true,50,,https://crests.football-data.org/58.png
Ian Maatsen,ian-maatsen,Netherlands,NL,Aston Villa FC,PREMIER_LEAGUE,Defender,DEFENDER,2002-03-10,,,true,50,,https://crests.football-data.org/58.png
Matteo Ruggeri,matteo-ruggeri,Italy,IT,Aston Villa FC,PREMIER_LEAGUE,Defender,DEFENDER,2002-07-11,,,true,50,,https://crests.football-data.org/58.png
Andrés Garcia,andres-garcia,Spain,ES,Aston Villa FC,PREMIER_LEAGUE,Defender,DEFENDER,2003-02-07,,,true,50,,https://crests.football-data.org/58.png
Kosta Nedeljković,kosta-nedeljkovic,Serbia,RS,Aston Villa FC,PREMIER_LEAGUE,Defender,DEFENDER,2005-12-16,,,true,50,,https://crests.football-data.org/58.png
Modou Keba Cisse,modou-keba-cisse,Senegal,SN,Aston Villa FC,PREMIER_LEAGUE,Defender,DEFENDER,2005-08-04,,,true,50,,https://crests.football-data.org/58.png
Leon Goretzka,leon-goretzka,Germany,DE,Aston Villa FC,PREMIER_LEAGUE,Midfielder,MIDFIELDER,1995-02-06,,,true,50,,https://crests.football-data.org/58.png
Ross Barkley,ross-barkley,England,GB,Aston Villa FC,PREMIER_LEAGUE,Midfielder,MIDFIELDER,1993-12-05,,,true,50,,https://crests.football-data.org/58.png
Boubacar Kamara,boubacar-kamara,France,FR,Aston Villa FC,PREMIER_LEAGUE,Midfielder,MIDFIELDER,1999-11-23,,,true,50,,https://crests.football-data.org/58.png
John McGinn,john-mcginn,Scotland,GB,Aston Villa FC,PREMIER_LEAGUE,Midfielder,MIDFIELDER,1994-10-18,,,true,50,,https://crests.football-data.org/58.png
Morgan Rogers,morgan-rogers,England,GB,Aston Villa FC,PREMIER_LEAGUE,Midfielder,MIDFIELDER,2002-07-26,,,true,50,,https://crests.football-data.org/58.png
Amadou Onana,amadou-onana,Belgium,BE,Aston Villa FC,PREMIER_LEAGUE,Midfielder,MIDFIELDER,2001-08-16,,,true,50,,https://crests.football-data.org/58.png
João Gomes,joao-gomes,Brazil,BR,Aston Villa FC,PREMIER_LEAGUE,Midfielder,MIDFIELDER,2001-02-12,,,true,50,,https://crests.football-data.org/58.png
Lamare Bogarde,lamare-bogarde,Netherlands,NL,Aston Villa FC,PREMIER_LEAGUE,Midfielder,MIDFIELDER,2004-01-05,,,true,50,,https://crests.football-data.org/58.png
Johan Manzambi,johan-manzambi,Switzerland,CH,Aston Villa FC,PREMIER_LEAGUE,Midfielder,MIDFIELDER,2005-10-14,,,true,50,,https://crests.football-data.org/58.png
George Hemmings,george-hemmings,England,GB,Aston Villa FC,PREMIER_LEAGUE,Midfielder,MIDFIELDER,2007-03-04,,,true,50,,https://crests.football-data.org/58.png
Leon Bailey,leon-bailey,Jamaica,JM,Aston Villa FC,PREMIER_LEAGUE,Forward,FORWARD,1997-08-09,,,true,50,,https://crests.football-data.org/58.png
Ollie Watkins,ollie-watkins,England,GB,Aston Villa FC,PREMIER_LEAGUE,Forward,FORWARD,1995-12-30,,,true,50,,https://crests.football-data.org/58.png
Tammy Abraham,tammy-abraham,England,GB,Aston Villa FC,PREMIER_LEAGUE,Forward,FORWARD,1997-10-02,,,true,50,,https://crests.football-data.org/58.png
Emiliano Buendía,emiliano-buendia,Argentina,AR,Aston Villa FC,PREMIER_LEAGUE,Forward,FORWARD,1996-12-25,,,true,50,,https://crests.football-data.org/58.png
Evann Guessand,evann-guessand,Ivory Coast,CI,Aston Villa FC,PREMIER_LEAGUE,Forward,FORWARD,2001-07-01,,,true,50,,https://crests.football-data.org/58.png
Nicolas Jackson,nicolas-jackson,Senegal,SN,Aston Villa FC,PREMIER_LEAGUE,Forward,FORWARD,2001-06-20,,,true,50,,https://crests.football-data.org/58.png
Lewis Dobbin,lewis-dobbin,England,GB,Aston Villa FC,PREMIER_LEAGUE,Forward,FORWARD,2003-01-03,,,true,50,,https://crests.football-data.org/58.png
Alejandro Garnacho,alejandro-garnacho,Argentina,AR,Aston Villa FC,PREMIER_LEAGUE,Forward,FORWARD,2004-07-01,,,true,50,,https://crests.football-data.org/58.png
Alysson,alysson,Brazil,BR,Aston Villa FC,PREMIER_LEAGUE,Forward,FORWARD,2006-05-05,,,true,50,,https://crests.football-data.org/58.png
Bradley Burrowes,bradley-burrowes,England,GB,Aston Villa FC,PREMIER_LEAGUE,Forward,FORWARD,2008-03-04,,,true,50,,https://crests.football-data.org/58.png
Brian Madjo,brian-madjo,Luxembourg,LU,Aston Villa FC,PREMIER_LEAGUE,Forward,FORWARD,2009-01-12,,,true,50,,https://crests.football-data.org/58.png
Emiliano Martínez,emiliano-martinez-1,Argentina,AR,Chelsea FC,PREMIER_LEAGUE,Goalkeeper,GOALKEEPER,1992-09-02,,,true,50,,https://crests.football-data.org/61.png
Robert Sánchez,robert-sanchez,Spain,ES,Chelsea FC,PREMIER_LEAGUE,Goalkeeper,GOALKEEPER,1997-11-18,,,true,50,,https://crests.football-data.org/61.png
Gabriel Slonina,gabriel-slonina,USA,US,Chelsea FC,PREMIER_LEAGUE,Goalkeeper,GOALKEEPER,2004-05-15,,,true,50,,https://crests.football-data.org/61.png
Filip Jörgensen,filip-jorgensen,Denmark,DK,Chelsea FC,PREMIER_LEAGUE,Goalkeeper,GOALKEEPER,2002-04-16,,,true,50,,https://crests.football-data.org/61.png
Teddy Sharman-Lowe,teddy-sharman-lowe,England,GB,Chelsea FC,PREMIER_LEAGUE,Goalkeeper,GOALKEEPER,2003-01-19,,,true,50,,https://crests.football-data.org/61.png
Mike Penders,mike-penders,Belgium,BE,Chelsea FC,PREMIER_LEAGUE,Goalkeeper,GOALKEEPER,2005-07-31,,,true,50,,https://crests.football-data.org/61.png
Axel Disasi,axel-disasi,France,FR,Chelsea FC,PREMIER_LEAGUE,Defender,DEFENDER,1998-03-11,,,true,50,,https://crests.football-data.org/61.png
Trevoh Chalobah,trevoh-chalobah,England,GB,Chelsea FC,PREMIER_LEAGUE,Defender,DEFENDER,1999-07-05,,,true,50,,https://crests.football-data.org/61.png
Tosin Adarabioyo,tosin-adarabioyo,England,GB,Chelsea FC,PREMIER_LEAGUE,Defender,DEFENDER,1997-09-24,,,true,50,,https://crests.football-data.org/61.png
Wesley Fofana,wesley-fofana,France,FR,Chelsea FC,PREMIER_LEAGUE,Defender,DEFENDER,2000-12-17,,,true,50,,https://crests.football-data.org/61.png
Reece James,reece-james,England,GB,Chelsea FC,PREMIER_LEAGUE,Defender,DEFENDER,1999-12-08,,,true,50,,https://crests.football-data.org/61.png
Maxence Lacroix,maxence-lacroix,France,FR,Chelsea FC,PREMIER_LEAGUE,Defender,DEFENDER,2000-04-06,,,true,50,,https://crests.football-data.org/61.png
Pep Chavarría,pep-chavarria,Spain,ES,Chelsea FC,PREMIER_LEAGUE,Defender,DEFENDER,1998-04-10,,,true,50,,https://crests.football-data.org/61.png
Malo Gusto,malo-gusto,France,FR,Chelsea FC,PREMIER_LEAGUE,Defender,DEFENDER,2003-05-19,,,true,50,,https://crests.football-data.org/61.png
Benoît Badiashile,benoit-badiashile,France,FR,Chelsea FC,PREMIER_LEAGUE,Defender,DEFENDER,2001-03-26,,,true,50,,https://crests.football-data.org/61.png
Levi Colwill,levi-colwill,England,GB,Chelsea FC,PREMIER_LEAGUE,Defender,DEFENDER,2003-02-26,,,true,50,,https://crests.football-data.org/61.png
Caleb Wiley,caleb-wiley,USA,US,Chelsea FC,PREMIER_LEAGUE,Defender,DEFENDER,2004-12-22,,,true,50,,https://crests.football-data.org/61.png
Jorrel Hato,jorrel-hato,Netherlands,NL,Chelsea FC,PREMIER_LEAGUE,Defender,DEFENDER,2006-03-07,,,true,50,,https://crests.football-data.org/61.png
Mamadou Sarr,mamadou-sarr,Senegal,SN,Chelsea FC,PREMIER_LEAGUE,Defender,DEFENDER,2005-08-29,,,true,50,,https://crests.football-data.org/61.png
Marco Palestra,marco-palestra,Italy,IT,Chelsea FC,PREMIER_LEAGUE,Defender,DEFENDER,2005-03-03,,,true,50,,https://crests.football-data.org/61.png
Aaron Anselmino,aaron-anselmino,Argentina,AR,Chelsea FC,PREMIER_LEAGUE,Defender,DEFENDER,2005-04-29,,,true,50,,https://crests.football-data.org/61.png
Josh Acheampong,josh-acheampong,England,GB,Chelsea FC,PREMIER_LEAGUE,Defender,DEFENDER,2006-05-05,,,true,50,,https://crests.football-data.org/61.png
Denner,denner,Brazil,BR,Chelsea FC,PREMIER_LEAGUE,Defender,DEFENDER,2008-02-25,,,true,50,,https://crests.football-data.org/61.png
Jordan Henderson,jordan-henderson,England,GB,Chelsea FC,PREMIER_LEAGUE,Midfielder,MIDFIELDER,1990-06-17,,,true,50,,https://crests.football-data.org/61.png
Morgan Rogers,morgan-rogers-1,England,GB,Chelsea FC,PREMIER_LEAGUE,Midfielder,MIDFIELDER,2002-07-26,,,true,50,,https://crests.football-data.org/61.png
Enzo Fernández,enzo-fernandez,Argentina,AR,Chelsea FC,PREMIER_LEAGUE,Midfielder,MIDFIELDER,2001-01-17,,,true,50,,https://crests.football-data.org/61.png
Moisés Caicedo,moises-caicedo,Ecuador,EC,Chelsea FC,PREMIER_LEAGUE,Midfielder,MIDFIELDER,2001-11-02,,,true,50,,https://crests.football-data.org/61.png
Cole Palmer,cole-palmer,England,GB,Chelsea FC,PREMIER_LEAGUE,Midfielder,MIDFIELDER,2002-05-06,,,true,50,,https://crests.football-data.org/61.png
Dario Essugo,dario-essugo,Portugal,PT,Chelsea FC,PREMIER_LEAGUE,Midfielder,MIDFIELDER,2005-03-14,,,true,50,,https://crests.football-data.org/61.png
Valentin Barco,valentin-barco,Argentina,AR,Chelsea FC,PREMIER_LEAGUE,Midfielder,MIDFIELDER,2004-07-23,,,true,50,,https://crests.football-data.org/61.png
Romeo Lavia,romeo-lavia,Belgium,BE,Chelsea FC,PREMIER_LEAGUE,Midfielder,MIDFIELDER,2004-01-06,,,true,50,,https://crests.football-data.org/61.png
Ray Paez,ray-paez,Ecuador,EC,Chelsea FC,PREMIER_LEAGUE,Midfielder,MIDFIELDER,2007-05-04,,,true,50,,https://crests.football-data.org/61.png
Pedro Neto,pedro-neto,Portugal,PT,Chelsea FC,PREMIER_LEAGUE,Forward,FORWARD,2000-03-09,,,true,50,,https://crests.football-data.org/61.png
Danny Welbeck,danny-welbeck,England,GB,Chelsea FC,PREMIER_LEAGUE,Forward,FORWARD,1990-11-26,,,true,50,,https://crests.football-data.org/61.png
Mykhailo Mudryk,mykhailo-mudryk,Ukraine,UA,Chelsea FC,PREMIER_LEAGUE,Forward,FORWARD,2001-01-05,,,true,50,,https://crests.football-data.org/61.png
João Pedro,joao-pedro,Brazil,BR,Chelsea FC,PREMIER_LEAGUE,Forward,FORWARD,2001-09-26,,,true,50,,https://crests.football-data.org/61.png
Emanuel Emegha,emanuel-emegha,Netherlands,NL,Chelsea FC,PREMIER_LEAGUE,Forward,FORWARD,2003-02-03,,,true,50,,https://crests.football-data.org/61.png
Liam Delap,liam-delap,England,GB,Chelsea FC,PREMIER_LEAGUE,Forward,FORWARD,2003-02-08,,,true,50,,https://crests.football-data.org/61.png
Nicolas Jackson,nicolas-jackson-1,Senegal,SN,Chelsea FC,PREMIER_LEAGUE,Forward,FORWARD,2001-06-20,,,true,50,,https://crests.football-data.org/61.png
Jamie Bynoe-Gittens,jamie-bynoe-gittens,England,GB,Chelsea FC,PREMIER_LEAGUE,Forward,FORWARD,2004-08-08,,,true,50,,https://crests.football-data.org/61.png
Alejandro Garnacho,alejandro-garnacho-1,Argentina,AR,Chelsea FC,PREMIER_LEAGUE,Forward,FORWARD,2004-07-01,,,true,50,,https://crests.football-data.org/61.png
Marc Guiu,marc-guiu,Spain,ES,Chelsea FC,PREMIER_LEAGUE,Forward,FORWARD,2006-01-04,,,true,50,,https://crests.football-data.org/61.png
Geovany Quenda,geovany-quenda,Guinea-Bissau,GW,Chelsea FC,PREMIER_LEAGUE,Forward,FORWARD,2007-04-30,,,true,50,,https://crests.football-data.org/61.png
Estevao,estevao,Brazil,BR,Chelsea FC,PREMIER_LEAGUE,Forward,FORWARD,2007-04-24,,,true,50,,https://crests.football-data.org/61.png
Jordan Pickford,jordan-pickford,England,GB,Everton FC,PREMIER_LEAGUE,Goalkeeper,GOALKEEPER,1994-03-07,,,true,50,,https://crests.football-data.org/62.png
Thomas King,thomas-king,Wales,GB,Everton FC,PREMIER_LEAGUE,Goalkeeper,GOALKEEPER,1995-03-09,,,true,50,,https://crests.football-data.org/62.png
Mark Travers,mark-travers,Ireland,IE,Everton FC,PREMIER_LEAGUE,Goalkeeper,GOALKEEPER,1999-05-18,,,true,50,,https://crests.football-data.org/62.png
James Tarkowski,james-tarkowski,England,GB,Everton FC,PREMIER_LEAGUE,Defender,DEFENDER,1992-11-19,,,true,50,,https://crests.football-data.org/62.png
Michael Keane,michael-keane,England,GB,Everton FC,PREMIER_LEAGUE,Defender,DEFENDER,1993-01-11,,,true,50,,https://crests.football-data.org/62.png
Vitalii Mykolenko,vitalii-mykolenko,Ukraine,UA,Everton FC,PREMIER_LEAGUE,Defender,DEFENDER,1999-05-29,,,true,50,,https://crests.football-data.org/62.png
Jarrad Branthwaite,jarrad-branthwaite,England,GB,Everton FC,PREMIER_LEAGUE,Defender,DEFENDER,2002-06-27,,,true,50,,https://crests.football-data.org/62.png
Jake O'Brien,jake-o-brien,Ireland,IE,Everton FC,PREMIER_LEAGUE,Defender,DEFENDER,2001-05-15,,,true,50,,https://crests.football-data.org/62.png
Nathan Patterson,nathan-patterson,Scotland,GB,Everton FC,PREMIER_LEAGUE,Defender,DEFENDER,2001-10-16,,,true,50,,https://crests.football-data.org/62.png
Adam Aznou,adam-aznou,Morocco,MA,Everton FC,PREMIER_LEAGUE,Defender,DEFENDER,2006-06-02,,,true,50,,https://crests.football-data.org/62.png
Christian Nørgaard,christian-n-rgaard-1,Denmark,DK,Everton FC,PREMIER_LEAGUE,Midfielder,MIDFIELDER,1994-03-10,,,true,50,,https://crests.football-data.org/62.png
James Garner,james-garner,England,GB,Everton FC,PREMIER_LEAGUE,Midfielder,MIDFIELDER,2001-03-13,,,true,50,,https://crests.football-data.org/62.png
Hayden Hackney,hayden-hackney,England,GB,Everton FC,PREMIER_LEAGUE,Midfielder,MIDFIELDER,2002-06-26,,,true,50,,https://crests.football-data.org/62.png
Kiernan Dewsbury Hall,kiernan-dewsbury-hall,England,GB,Everton FC,PREMIER_LEAGUE,Midfielder,MIDFIELDER,1998-09-06,,,true,50,,https://crests.football-data.org/62.png
Carlos Alcaraz,carlos-alcaraz,Argentina,AR,Everton FC,PREMIER_LEAGUE,Midfielder,MIDFIELDER,2002-11-30,,,true,50,,https://crests.football-data.org/62.png
Merlin Röhl,merlin-rohl,Germany,DE,Everton FC,PREMIER_LEAGUE,Midfielder,MIDFIELDER,2002-07-05,,,true,50,,https://crests.football-data.org/62.png
Tim Iroegbunam,tim-iroegbunam,England,GB,Everton FC,PREMIER_LEAGUE,Midfielder,MIDFIELDER,2002-08-12,,,true,50,,https://crests.football-data.org/62.png
Harrison Armstrong,harrison-armstrong,England,GB,Everton FC,PREMIER_LEAGUE,Midfielder,MIDFIELDER,2007-01-19,,,true,50,,https://crests.football-data.org/62.png
Dwight McNeil,dwight-mcneil,England,GB,Everton FC,PREMIER_LEAGUE,Forward,FORWARD,1999-11-22,,,true,50,,https://crests.football-data.org/62.png
Iliman Ndiaye,iliman-ndiaye,Senegal,SN,Everton FC,PREMIER_LEAGUE,Forward,FORWARD,2000-03-06,,,true,50,,https://crests.football-data.org/62.png
Brennan Johnson,brennan-johnson,Wales,GB,Everton FC,PREMIER_LEAGUE,Forward,FORWARD,2001-05-23,,,true,50,,https://crests.football-data.org/62.png
Beto,beto,Guinea-Bissau,GW,Everton FC,PREMIER_LEAGUE,Forward,FORWARD,1998-01-31,,,true,50,,https://crests.football-data.org/62.png
Thierno Barry,thierno-barry,France,FR,Everton FC,PREMIER_LEAGUE,Forward,FORWARD,2000-01-12,,,true,50,,https://crests.football-data.org/62.png
Tyler Dibling,tyler-dibling,England,GB,Everton FC,PREMIER_LEAGUE,Forward,FORWARD,2006-02-17,,,true,50,,https://crests.football-data.org/62.png
Tyrique George,tyrique-george,England,GB,Everton FC,PREMIER_LEAGUE,Forward,FORWARD,2006-02-04,,,true,50,,https://crests.football-data.org/62.png
Bernd Leno,bernd-leno,Germany,DE,Fulham FC,PREMIER_LEAGUE,Goalkeeper,GOALKEEPER,1992-03-04,,,true,50,,https://crests.football-data.org/63.png
Benjamin Lecomte,benjamin-lecomte,France,FR,Fulham FC,PREMIER_LEAGUE,Goalkeeper,GOALKEEPER,1991-04-26,,,true,50,,https://crests.football-data.org/63.png
Alex Borto,alex-borto,United States,US,Fulham FC,PREMIER_LEAGUE,Goalkeeper,GOALKEEPER,2003-11-06,,,true,50,,https://crests.football-data.org/63.png
Timothy Castagne,timothy-castagne,Belgium,BE,Fulham FC,PREMIER_LEAGUE,Defender,DEFENDER,1995-12-05,,,true,50,,https://crests.football-data.org/63.png
Joachim Andersen,joachim-andersen,Denmark,DK,Fulham FC,PREMIER_LEAGUE,Defender,DEFENDER,1996-05-31,,,true,50,,https://crests.football-data.org/63.png
Antonee Robinson,antonee-robinson,USA,US,Fulham FC,PREMIER_LEAGUE,Defender,DEFENDER,1997-08-08,,,true,50,,https://crests.football-data.org/63.png
Ryan Sessegnon,ryan-sessegnon,England,GB,Fulham FC,PREMIER_LEAGUE,Defender,DEFENDER,2000-05-18,,,true,50,,https://crests.football-data.org/63.png
Issa Diop,issa-diop,France,FR,Fulham FC,PREMIER_LEAGUE,Defender,DEFENDER,1997-01-09,,,true,50,,https://crests.football-data.org/63.png
Kenny Tete,kenny-tete,Netherlands,NL,Fulham FC,PREMIER_LEAGUE,Defender,DEFENDER,1995-10-09,,,true,50,,https://crests.football-data.org/63.png
Jorge Cuenca,jorge-cuenca,Spain,ES,Fulham FC,PREMIER_LEAGUE,Defender,DEFENDER,1999-11-17,,,true,50,,https://crests.football-data.org/63.png
Calvin Bassey,calvin-bassey,Nigeria,NG,Fulham FC,PREMIER_LEAGUE,Defender,DEFENDER,1999-12-31,,,true,50,,https://crests.football-data.org/63.png
Luc De Fougerolles,luc-de-fougerolles,Canada,CA,Fulham FC,PREMIER_LEAGUE,Defender,DEFENDER,2005-10-12,,,true,50,,https://crests.football-data.org/63.png
Tom Cairney,tom-cairney,England,GB,Fulham FC,PREMIER_LEAGUE,Midfielder,MIDFIELDER,1991-01-20,,,true,50,,https://crests.football-data.org/63.png
Harrison Reed,harrison-reed,England,GB,Fulham FC,PREMIER_LEAGUE,Midfielder,MIDFIELDER,1995-01-27,,,true,50,,https://crests.football-data.org/63.png
Sander Berge,sander-berge,Norway,NO,Fulham FC,PREMIER_LEAGUE,Midfielder,MIDFIELDER,1998-02-14,,,true,50,,https://crests.football-data.org/63.png
Saša Lukić,sasa-lukic,Serbia,RS,Fulham FC,PREMIER_LEAGUE,Midfielder,MIDFIELDER,1996-08-13,,,true,50,,https://crests.football-data.org/63.png
Emile Smith Rowe,emile-smith-rowe,England,GB,Fulham FC,PREMIER_LEAGUE,Midfielder,MIDFIELDER,2000-07-28,,,true,50,,https://crests.football-data.org/63.png
Luke Harris,luke-harris,Wales,GB,Fulham FC,PREMIER_LEAGUE,Midfielder,MIDFIELDER,2005-04-03,,,true,50,,https://crests.football-data.org/63.png
Shea Charles,shea-charles,Northern Ireland,GB,Fulham FC,PREMIER_LEAGUE,Midfielder,MIDFIELDER,2003-11-05,,,true,50,,https://crests.football-data.org/63.png
Joshua King,joshua-king,England,GB,Fulham FC,PREMIER_LEAGUE,Midfielder,MIDFIELDER,2007-01-03,,,true,50,,https://crests.football-data.org/63.png
César Palacios,cesar-palacios,Spain,ES,Fulham FC,PREMIER_LEAGUE,Midfielder,MIDFIELDER,2004-11-11,,,true,50,,https://crests.football-data.org/63.png
Alex Iwobi,alex-iwobi,Nigeria,NG,Fulham FC,PREMIER_LEAGUE,Forward,FORWARD,1996-05-03,,,true,50,,https://crests.football-data.org/63.png
Rodrigo Muniz,rodrigo-muniz,Brazil,BR,Fulham FC,PREMIER_LEAGUE,Forward,FORWARD,2001-05-04,,,true,50,,https://crests.football-data.org/63.png
Kevin Santos,kevin-santos,Brazil,BR,Fulham FC,PREMIER_LEAGUE,Forward,FORWARD,2003-01-04,,,true,50,,https://crests.football-data.org/63.png
Oscar Bobb,oscar-bobb,Norway,NO,Fulham FC,PREMIER_LEAGUE,Forward,FORWARD,2003-07-12,,,true,50,,https://crests.football-data.org/63.png
Jonah Kusi-Asare,jonah-kusi-asare,Sweden,SE,Fulham FC,PREMIER_LEAGUE,Forward,FORWARD,2007-07-04,,,true,50,,https://crests.football-data.org/63.png
Gonzalo García,gonzalo-garcia,Spain,ES,Fulham FC,PREMIER_LEAGUE,Forward,FORWARD,2004-03-24,,,true,50,,https://crests.football-data.org/63.png
Alisson Becker,alisson-becker,Brazil,BR,Liverpool FC,PREMIER_LEAGUE,Goalkeeper,GOALKEEPER,1992-10-02,,,true,50,,https://crests.football-data.org/64.png
Freddie Woodman,freddie-woodman,England,GB,Liverpool FC,PREMIER_LEAGUE,Goalkeeper,GOALKEEPER,1997-03-04,,,true,50,,https://crests.football-data.org/64.png
Giorgi Mamardashvili,giorgi-mamardashvili,Georgia,GE,Liverpool FC,PREMIER_LEAGUE,Goalkeeper,GOALKEEPER,2000-09-29,,,true,50,,https://crests.football-data.org/64.png
Vítězslav Jaroš,vitezslav-jaros,Czech Republic,CZ,Liverpool FC,PREMIER_LEAGUE,Goalkeeper,GOALKEEPER,2001-07-23,,,true,50,,https://crests.football-data.org/64.png
Harvey Davies,harvey-davies,England,GB,Liverpool FC,PREMIER_LEAGUE,Goalkeeper,GOALKEEPER,2003-09-03,,,true,50,,https://crests.football-data.org/64.png
Kostas Tsimikas,kostas-tsimikas,Greece,GR,Liverpool FC,PREMIER_LEAGUE,Defender,DEFENDER,1996-05-12,,,true,50,,https://crests.football-data.org/64.png
Joe Gomez,joe-gomez,England,GB,Liverpool FC,PREMIER_LEAGUE,Defender,DEFENDER,1997-05-23,,,true,50,,https://crests.football-data.org/64.png
Virgil van Dijk,virgil-van-dijk,Netherlands,NL,Liverpool FC,PREMIER_LEAGUE,Defender,DEFENDER,1991-07-08,,,true,50,,https://crests.football-data.org/64.png
Ronald Araújo,ronald-araujo,Uruguay,UY,Liverpool FC,PREMIER_LEAGUE,Defender,DEFENDER,1999-03-07,,,true,50,,https://crests.football-data.org/64.png
Calvin Ramsay,calvin-ramsay,Scotland,GB,Liverpool FC,PREMIER_LEAGUE,Defender,DEFENDER,2003-07-31,,,true,50,,https://crests.football-data.org/64.png
Jeremie Frimpong,jeremie-frimpong,Netherlands,NL,Liverpool FC,PREMIER_LEAGUE,Defender,DEFENDER,2000-12-10,,,true,50,,https://crests.football-data.org/64.png
Milos Kerkez,milos-kerkez,Hungary,HU,Liverpool FC,PREMIER_LEAGUE,Defender,DEFENDER,2003-11-07,,,true,50,,https://crests.football-data.org/64.png
Conor Bradley,conor-bradley,Northern Ireland,GB,Liverpool FC,PREMIER_LEAGUE,Defender,DEFENDER,2003-07-09,,,true,50,,https://crests.football-data.org/64.png
Giovanni Leoni,giovanni-leoni,Italy,IT,Liverpool FC,PREMIER_LEAGUE,Defender,DEFENDER,2006-12-21,,,true,50,,https://crests.football-data.org/64.png
Jeremy Jacquet,jeremy-jacquet,France,FR,Liverpool FC,PREMIER_LEAGUE,Defender,DEFENDER,2005-07-13,,,true,50,,https://crests.football-data.org/64.png
Wataru Endō,wataru-endo,Japan,JP,Liverpool FC,PREMIER_LEAGUE,Midfielder,MIDFIELDER,1993-02-09,,,true,50,,https://crests.football-data.org/64.png
Curtis Jones,curtis-jones,England,GB,Liverpool FC,PREMIER_LEAGUE,Midfielder,MIDFIELDER,2001-01-30,,,true,50,,https://crests.football-data.org/64.png
Dominik Szoboszlai,dominik-szoboszlai,Hungary,HU,Liverpool FC,PREMIER_LEAGUE,Midfielder,MIDFIELDER,2000-10-25,,,true,50,,https://crests.football-data.org/64.png
Florian Wirtz,florian-wirtz,Germany,DE,Liverpool FC,PREMIER_LEAGUE,Midfielder,MIDFIELDER,2003-05-03,,,true,50,,https://crests.football-data.org/64.png
Alexis Mac Allister,alexis-mac-allister,Argentina,AR,Liverpool FC,PREMIER_LEAGUE,Midfielder,MIDFIELDER,1998-12-24,,,true,50,,https://crests.football-data.org/64.png
Ryan Gravenberch,ryan-gravenberch,Netherlands,NL,Liverpool FC,PREMIER_LEAGUE,Midfielder,MIDFIELDER,2002-05-16,,,true,50,,https://crests.football-data.org/64.png
Harvey Elliott,harvey-elliott,England,GB,Liverpool FC,PREMIER_LEAGUE,Midfielder,MIDFIELDER,2003-04-04,,,true,50,,https://crests.football-data.org/64.png
Stefan Bajcetic,stefan-bajcetic,Spain,ES,Liverpool FC,PREMIER_LEAGUE,Midfielder,MIDFIELDER,2004-10-22,,,true,50,,https://crests.football-data.org/64.png
Trey Nyoni,trey-nyoni,England,GB,Liverpool FC,PREMIER_LEAGUE,Midfielder,MIDFIELDER,2007-06-30,,,true,50,,https://crests.football-data.org/64.png
Federico Chiesa,federico-chiesa,Italy,IT,Liverpool FC,PREMIER_LEAGUE,Forward,FORWARD,1997-10-25,,,true,50,,https://crests.football-data.org/64.png
Alexander Isak,alexander-isak,Sweden,SE,Liverpool FC,PREMIER_LEAGUE,Forward,FORWARD,1999-09-21,,,true,50,,https://crests.football-data.org/64.png
Cody Gakpo,cody-gakpo,Netherlands,NL,Liverpool FC,PREMIER_LEAGUE,Forward,FORWARD,1999-05-07,,,true,50,,https://crests.football-data.org/64.png
Hugo Ekitike,hugo-ekitike,France,FR,Liverpool FC,PREMIER_LEAGUE,Forward,FORWARD,2002-06-20,,,true,50,,https://crests.football-data.org/64.png
Víctor Muñoz,victor-munoz,Spain,ES,Liverpool FC,PREMIER_LEAGUE,Forward,FORWARD,2003-07-13,,,true,50,,https://crests.football-data.org/64.png
Rio Ngumoha,rio-ngumoha,England,GB,Liverpool FC,PREMIER_LEAGUE,Forward,FORWARD,2008-08-29,,,true,50,,https://crests.football-data.org/64.png
Géronimo Rulli,geronimo-rulli,Argentina,AR,Manchester City FC,PREMIER_LEAGUE,Goalkeeper,GOALKEEPER,1992-05-20,,,true,50,,https://crests.football-data.org/65.png
Gianluigi Donnarumma,gianluigi-donnarumma,Italy,IT,Manchester City FC,PREMIER_LEAGUE,Goalkeeper,GOALKEEPER,1999-02-25,,,true,50,,https://crests.football-data.org/65.png
Marcus Bettinelli,marcus-bettinelli,England,GB,Manchester City FC,PREMIER_LEAGUE,Goalkeeper,GOALKEEPER,1992-05-24,,,true,50,,https://crests.football-data.org/65.png
James Trafford,james-trafford,England,GB,Manchester City FC,PREMIER_LEAGUE,Goalkeeper,GOALKEEPER,2002-10-10,,,true,50,,https://crests.football-data.org/65.png
Rayan Aït Nouri,rayan-ait-nouri,Algeria,DZ,Manchester City FC,PREMIER_LEAGUE,Defender,DEFENDER,2001-06-06,,,true,50,,https://crests.football-data.org/65.png
Rúben Dias,ruben-dias,Portugal,PT,Manchester City FC,PREMIER_LEAGUE,Defender,DEFENDER,1997-05-14,,,true,50,,https://crests.football-data.org/65.png
Matheus Nunes,matheus-nunes,Portugal,PT,Manchester City FC,PREMIER_LEAGUE,Defender,DEFENDER,1998-08-27,,,true,50,,https://crests.football-data.org/65.png
Marc Guéhi,marc-guehi,England,GB,Manchester City FC,PREMIER_LEAGUE,Defender,DEFENDER,2000-07-13,,,true,50,,https://crests.football-data.org/65.png
Joško Gvardiol,josko-gvardiol,Croatia,HR,Manchester City FC,PREMIER_LEAGUE,Defender,DEFENDER,2002-01-23,,,true,50,,https://crests.football-data.org/65.png
Issa Kaboré,issa-kabore,Burkina Faso,BF,Manchester City FC,PREMIER_LEAGUE,Defender,DEFENDER,2001-05-12,,,true,50,,https://crests.football-data.org/65.png
Josh Wilson-Esbrand,josh-wilson-esbrand,England,GB,Manchester City FC,PREMIER_LEAGUE,Defender,DEFENDER,2002-12-26,,,true,50,,https://crests.football-data.org/65.png
Rico Lewis,rico-lewis,England,GB,Manchester City FC,PREMIER_LEAGUE,Defender,DEFENDER,2004-11-21,,,true,50,,https://crests.football-data.org/65.png
Nico O'Reilly,nico-o-reilly,England,GB,Manchester City FC,PREMIER_LEAGUE,Defender,DEFENDER,2005-03-21,,,true,50,,https://crests.football-data.org/65.png
Abdukodir Khusanov,abdukodir-khusanov,Uzbekistan,UZ,Manchester City FC,PREMIER_LEAGUE,Defender,DEFENDER,2004-02-29,,,true,50,,https://crests.football-data.org/65.png
Max Alleyne,max-alleyne,England,GB,Manchester City FC,PREMIER_LEAGUE,Defender,DEFENDER,2005-07-21,,,true,50,,https://crests.football-data.org/65.png
Vitor Reis,vitor-reis,Brazil,BR,Manchester City FC,PREMIER_LEAGUE,Defender,DEFENDER,2006-01-12,,,true,50,,https://crests.football-data.org/65.png
Juma Bah,juma-bah,Sierra Leone,SL,Manchester City FC,PREMIER_LEAGUE,Defender,DEFENDER,2006-04-11,,,true,50,,https://crests.football-data.org/65.png
Mateo Kovačić,mateo-kovacic,Croatia,HR,Manchester City FC,PREMIER_LEAGUE,Midfielder,MIDFIELDER,1994-05-06,,,true,50,,https://crests.football-data.org/65.png
Rodri,rodri,Spain,ES,Manchester City FC,PREMIER_LEAGUE,Midfielder,MIDFIELDER,1996-06-22,,,true,50,,https://crests.football-data.org/65.png
Kalvin Phillips,kalvin-phillips,England,GB,Manchester City FC,PREMIER_LEAGUE,Midfielder,MIDFIELDER,1995-12-02,,,true,50,,https://crests.football-data.org/65.png
Tijjani Reijnders,tijjani-reijnders,Netherlands,NL,Manchester City FC,PREMIER_LEAGUE,Midfielder,MIDFIELDER,1998-07-29,,,true,50,,https://crests.football-data.org/65.png
Phil Foden,phil-foden,England,GB,Manchester City FC,PREMIER_LEAGUE,Midfielder,MIDFIELDER,2000-05-28,,,true,50,,https://crests.football-data.org/65.png
Elliot Anderson,elliot-anderson,England,GB,Manchester City FC,PREMIER_LEAGUE,Midfielder,MIDFIELDER,2002-11-06,,,true,50,,https://crests.football-data.org/65.png
Rayan Cherki,rayan-cherki,France,FR,Manchester City FC,PREMIER_LEAGUE,Midfielder,MIDFIELDER,2003-08-17,,,true,50,,https://crests.football-data.org/65.png
Nico Gonzalez,nico-gonzalez,Spain,ES,Manchester City FC,PREMIER_LEAGUE,Midfielder,MIDFIELDER,2002-01-03,,,true,50,,https://crests.football-data.org/65.png
Claudio Echeverri,claudio-echeverri,Argentina,AR,Manchester City FC,PREMIER_LEAGUE,Midfielder,MIDFIELDER,2006-01-02,,,true,50,,https://crests.football-data.org/65.png
Ayyoub Bouaddi,ayyoub-bouaddi,France,FR,Manchester City FC,PREMIER_LEAGUE,Midfielder,MIDFIELDER,2007-10-02,,,true,50,,https://crests.football-data.org/65.png
Jack Grealish,jack-grealish,England,GB,Manchester City FC,PREMIER_LEAGUE,Forward,FORWARD,1995-09-10,,,true,50,,https://crests.football-data.org/65.png
Antoine Semenyo,antoine-semenyo,Ghana,GH,Manchester City FC,PREMIER_LEAGUE,Forward,FORWARD,2000-01-07,,,true,50,,https://crests.football-data.org/65.png
Erling Haaland,erling-haaland,Norway,NO,Manchester City FC,PREMIER_LEAGUE,Forward,FORWARD,2000-07-21,,,true,50,,https://crests.football-data.org/65.png
Omar Marmoush,omar-marmoush,Egypt,EG,Manchester City FC,PREMIER_LEAGUE,Forward,FORWARD,1999-02-07,,,true,50,,https://crests.football-data.org/65.png
Jeremy Doku,jeremy-doku,Belgium,BE,Manchester City FC,PREMIER_LEAGUE,Forward,FORWARD,2002-05-27,,,true,50,,https://crests.football-data.org/65.png
Sávio,savio,Brazil,BR,Manchester City FC,PREMIER_LEAGUE,Forward,FORWARD,2004-04-10,,,true,50,,https://crests.football-data.org/65.png
Jeremy Monga,jeremy-monga,England,GB,Manchester City FC,PREMIER_LEAGUE,Forward,FORWARD,2009-07-10,,,true,50,,https://crests.football-data.org/65.png
Ryan McAidoo,ryan-mcaidoo,England,GB,Manchester City FC,PREMIER_LEAGUE,Forward,FORWARD,2008-06-24,,,true,50,,https://crests.football-data.org/65.png
Karl Darlow,karl-darlow,Wales,GB,Manchester United FC,PREMIER_LEAGUE,Goalkeeper,GOALKEEPER,1990-10-08,,,true,50,,https://crests.football-data.org/66.png
Tom Heaton,tom-heaton,England,GB,Manchester United FC,PREMIER_LEAGUE,Goalkeeper,GOALKEEPER,1986-04-15,,,true,50,,https://crests.football-data.org/66.png
Altay Bayındır,altay-bay-nd-r,Turkey,TR,Manchester United FC,PREMIER_LEAGUE,Goalkeeper,GOALKEEPER,1998-04-14,,,true,50,,https://crests.football-data.org/66.png
Senne Lammens,senne-lammens,Belgium,BE,Manchester United FC,PREMIER_LEAGUE,Goalkeeper,GOALKEEPER,2002-07-07,,,true,50,,https://crests.football-data.org/66.png
Radek Vitek,radek-vitek,Czech Republic,CZ,Manchester United FC,PREMIER_LEAGUE,Goalkeeper,GOALKEEPER,2003-10-24,,,true,50,,https://crests.football-data.org/66.png
Dermot Mee,dermot-mee,Northern Ireland,GB,Manchester United FC,PREMIER_LEAGUE,Goalkeeper,GOALKEEPER,2002-11-20,,,true,50,,https://crests.football-data.org/66.png
Harry Maguire,harry-maguire,England,GB,Manchester United FC,PREMIER_LEAGUE,Defender,DEFENDER,1993-03-05,,,true,50,,https://crests.football-data.org/66.png
Matthijs de Ligt,matthijs-de-ligt,Netherlands,NL,Manchester United FC,PREMIER_LEAGUE,Defender,DEFENDER,1999-08-12,,,true,50,,https://crests.football-data.org/66.png
Noussair Mazraoui,noussair-mazraoui,Morocco,MA,Manchester United FC,PREMIER_LEAGUE,Defender,DEFENDER,1997-11-14,,,true,50,,https://crests.football-data.org/66.png
Luke Shaw,luke-shaw,England,GB,Manchester United FC,PREMIER_LEAGUE,Defender,DEFENDER,1995-07-12,,,true,50,,https://crests.football-data.org/66.png
Diogo Dalot,diogo-dalot,Portugal,PT,Manchester United FC,PREMIER_LEAGUE,Defender,DEFENDER,1999-03-18,,,true,50,,https://crests.football-data.org/66.png
Lisandro Martínez,lisandro-martinez,Argentina,AR,Manchester United FC,PREMIER_LEAGUE,Defender,DEFENDER,1998-01-18,,,true,50,,https://crests.football-data.org/66.png
Leny Yoro,leny-yoro,France,FR,Manchester United FC,PREMIER_LEAGUE,Defender,DEFENDER,2005-11-13,,,true,50,,https://crests.football-data.org/66.png
Tyler Fredricson,tyler-fredricson,England,GB,Manchester United FC,PREMIER_LEAGUE,Defender,DEFENDER,2005-02-23,,,true,50,,https://crests.football-data.org/66.png
Harry Amass,harry-amass,England,GB,Manchester United FC,PREMIER_LEAGUE,Defender,DEFENDER,2007-03-16,,,true,50,,https://crests.football-data.org/66.png
Ayden Heaven,ayden-heaven,England,GB,Manchester United FC,PREMIER_LEAGUE,Defender,DEFENDER,2006-09-22,,,true,50,,https://crests.football-data.org/66.png
Diego León,diego-leon,Paraguay,PY,Manchester United FC,PREMIER_LEAGUE,Defender,DEFENDER,2007-04-03,,,true,50,,https://crests.football-data.org/66.png
Bruno Fernandes,bruno-fernandes,Portugal,PT,Manchester United FC,PREMIER_LEAGUE,Midfielder,MIDFIELDER,1994-09-08,,,true,50,,https://crests.football-data.org/66.png
Youri Tielemans,youri-tielemans,Belgium,BE,Manchester United FC,PREMIER_LEAGUE,Midfielder,MIDFIELDER,1997-05-07,,,true,50,,https://crests.football-data.org/66.png
Mason Mount,mason-mount,England,GB,Manchester United FC,PREMIER_LEAGUE,Midfielder,MIDFIELDER,1999-01-10,,,true,50,,https://crests.football-data.org/66.png
Manuel Ugarte,manuel-ugarte,Uruguay,UY,Manchester United FC,PREMIER_LEAGUE,Midfielder,MIDFIELDER,2001-04-11,,,true,50,,https://crests.football-data.org/66.png
Andrey Santos,andrey-santos,Brazil,BR,Manchester United FC,PREMIER_LEAGUE,Midfielder,MIDFIELDER,2004-05-03,,,true,50,,https://crests.football-data.org/66.png
Carlos Baleba,carlos-baleba,Cameroon,CM,Manchester United FC,PREMIER_LEAGUE,Midfielder,MIDFIELDER,2004-01-03,,,true,50,,https://crests.football-data.org/66.png
Kobbie Mainoo,kobbie-mainoo,England,GB,Manchester United FC,PREMIER_LEAGUE,Midfielder,MIDFIELDER,2005-04-19,,,true,50,,https://crests.football-data.org/66.png
Daniel Gore,daniel-gore,England,GB,Manchester United FC,PREMIER_LEAGUE,Midfielder,MIDFIELDER,2004-09-26,,,true,50,,https://crests.football-data.org/66.png
Toby Collyer,toby-collyer,England,GB,Manchester United FC,PREMIER_LEAGUE,Midfielder,MIDFIELDER,2004-01-03,,,true,50,,https://crests.football-data.org/66.png
Jack Fletcher,jack-fletcher,England,GB,Manchester United FC,PREMIER_LEAGUE,Midfielder,MIDFIELDER,2007-03-19,,,true,50,,https://crests.football-data.org/66.png
Tyler Fletcher,tyler-fletcher,England,GB,Manchester United FC,PREMIER_LEAGUE,Midfielder,MIDFIELDER,2007-03-19,,,true,50,,https://crests.football-data.org/66.png
Jacob Devaney,jacob-devaney,Ireland,IE,Manchester United FC,PREMIER_LEAGUE,Midfielder,MIDFIELDER,2007-06-11,,,true,50,,https://crests.football-data.org/66.png
Marcus Rashford,marcus-rashford,England,GB,Manchester United FC,PREMIER_LEAGUE,Forward,FORWARD,1997-10-31,,,true,50,,https://crests.football-data.org/66.png
Bryan Mbeumo,bryan-mbeumo,Cameroon,CM,Manchester United FC,PREMIER_LEAGUE,Forward,FORWARD,1999-08-07,,,true,50,,https://crests.football-data.org/66.png
Matheus Cunha,matheus-cunha,Brazil,BR,Manchester United FC,PREMIER_LEAGUE,Forward,FORWARD,1999-05-27,,,true,50,,https://crests.football-data.org/66.png
Joshua Zirkzee,joshua-zirkzee,Netherlands,NL,Manchester United FC,PREMIER_LEAGUE,Forward,FORWARD,2001-05-22,,,true,50,,https://crests.football-data.org/66.png
Benjamin Šeško,benjamin-sesko,Slovenia,SI,Manchester United FC,PREMIER_LEAGUE,Forward,FORWARD,2003-05-31,,,true,50,,https://crests.football-data.org/66.png
Amad Diallo,amad-diallo,Ivory Coast,CI,Manchester United FC,PREMIER_LEAGUE,Forward,FORWARD,2002-07-11,,,true,50,,https://crests.football-data.org/66.png
Patrick Dorgu,patrick-dorgu,Denmark,DK,Manchester United FC,PREMIER_LEAGUE,Forward,FORWARD,2004-10-26,,,true,50,,https://crests.football-data.org/66.png
Ethan Wheatley,ethan-wheatley,England,GB,Manchester United FC,PREMIER_LEAGUE,Forward,FORWARD,2006-01-20,,,true,50,,https://crests.football-data.org/66.png
Chido Obi-Martin,chido-obi-martin,Denmark,DK,Manchester United FC,PREMIER_LEAGUE,Forward,FORWARD,2007-11-29,,,true,50,,https://crests.football-data.org/66.png
Shea Lacey,shea-lacey,England,GB,Manchester United FC,PREMIER_LEAGUE,Forward,FORWARD,2007-04-14,,,true,50,,https://crests.football-data.org/66.png
Nick Pope,nick-pope,England,GB,Newcastle United FC,PREMIER_LEAGUE,Goalkeeper,GOALKEEPER,1992-04-19,,,true,50,,https://crests.football-data.org/67.png
Mark Gillespie,mark-gillespie,England,GB,Newcastle United FC,PREMIER_LEAGUE,Goalkeeper,GOALKEEPER,1992-03-27,,,true,50,,https://crests.football-data.org/67.png
Lukáš Horníček,lukas-hornicek,Czech Republic,CZ,Newcastle United FC,PREMIER_LEAGUE,Goalkeeper,GOALKEEPER,2002-07-13,,,true,50,,https://crests.football-data.org/67.png
Ewen Jaouen,ewen-jaouen,France,FR,Newcastle United FC,PREMIER_LEAGUE,Goalkeeper,GOALKEEPER,2005-12-29,,,true,50,,https://crests.football-data.org/67.png
Aidan Harris,aidan-harris,England,GB,Newcastle United FC,PREMIER_LEAGUE,Goalkeeper,GOALKEEPER,2006-12-16,,,true,50,,https://crests.football-data.org/67.png
Fabian Schär,fabian-schar,Switzerland,CH,Newcastle United FC,PREMIER_LEAGUE,Defender,DEFENDER,1991-12-20,,,true,50,,https://crests.football-data.org/67.png
Dan Burn,dan-burn,England,GB,Newcastle United FC,PREMIER_LEAGUE,Defender,DEFENDER,1992-05-09,,,true,50,,https://crests.football-data.org/67.png
Sven Botman,sven-botman,Netherlands,NL,Newcastle United FC,PREMIER_LEAGUE,Defender,DEFENDER,2000-01-12,,,true,50,,https://crests.football-data.org/67.png
Amar Dedić,amar-dedic,Austria,AT,Newcastle United FC,PREMIER_LEAGUE,Defender,DEFENDER,2002-08-18,,,true,50,,https://crests.football-data.org/67.png
Malick Thiaw,malick-thiaw,Germany,DE,Newcastle United FC,PREMIER_LEAGUE,Defender,DEFENDER,2001-08-08,,,true,50,,https://crests.football-data.org/67.png
Valentino Livramento,valentino-livramento,England,GB,Newcastle United FC,PREMIER_LEAGUE,Defender,DEFENDER,2002-11-12,,,true,50,,https://crests.football-data.org/67.png
Lewis Hall,lewis-hall,England,GB,Newcastle United FC,PREMIER_LEAGUE,Defender,DEFENDER,2004-09-08,,,true,50,,https://crests.football-data.org/67.png
Alex Murphy,alex-murphy,Ireland,IE,Newcastle United FC,PREMIER_LEAGUE,Defender,DEFENDER,2004-06-25,,,true,50,,https://crests.football-data.org/67.png
Leo Shahar,leo-shahar,England,GB,Newcastle United FC,PREMIER_LEAGUE,Defender,DEFENDER,2007-03-18,,,true,50,,https://crests.football-data.org/67.png
Bruno Guimarães,bruno-guimaraes-1,Brazil,BR,Newcastle United FC,PREMIER_LEAGUE,Midfielder,MIDFIELDER,1997-11-16,,,true,50,,https://crests.football-data.org/67.png
Joe Willock,joe-willock,England,GB,Newcastle United FC,PREMIER_LEAGUE,Midfielder,MIDFIELDER,1999-08-20,,,true,50,,https://crests.football-data.org/67.png
Joelinton,joelinton,Brazil,BR,Newcastle United FC,PREMIER_LEAGUE,Midfielder,MIDFIELDER,1996-08-14,,,true,50,,https://crests.football-data.org/67.png
Jacob Ramsey,jacob-ramsey,England,GB,Newcastle United FC,PREMIER_LEAGUE,Midfielder,MIDFIELDER,2001-05-28,,,true,50,,https://crests.football-data.org/67.png
Joe White,joe-white,England,GB,Newcastle United FC,PREMIER_LEAGUE,Midfielder,MIDFIELDER,2002-10-01,,,true,50,,https://crests.football-data.org/67.png
Nico Gonzalez,nico-gonzalez-1,Spain,ES,Newcastle United FC,PREMIER_LEAGUE,Midfielder,MIDFIELDER,2002-01-03,,,true,50,,https://crests.football-data.org/67.png
Lewis Miley,lewis-miley,England,GB,Newcastle United FC,PREMIER_LEAGUE,Midfielder,MIDFIELDER,2006-05-01,,,true,50,,https://crests.football-data.org/67.png
Sean Steur,sean-steur,Netherlands,NL,Newcastle United FC,PREMIER_LEAGUE,Midfielder,MIDFIELDER,2008-01-11,,,true,50,,https://crests.football-data.org/67.png
Aladji Bamba,aladji-bamba,France,FR,Newcastle United FC,PREMIER_LEAGUE,Midfielder,MIDFIELDER,2006-07-14,,,true,50,,https://crests.football-data.org/67.png
Yoane Wissa,yoane-wissa,Congo DR,CD,Newcastle United FC,PREMIER_LEAGUE,Forward,FORWARD,1996-09-03,,,true,50,,https://crests.football-data.org/67.png
Jacob Murphy,jacob-murphy,England,GB,Newcastle United FC,PREMIER_LEAGUE,Forward,FORWARD,1995-02-24,,,true,50,,https://crests.football-data.org/67.png
Harvey Barnes,harvey-barnes,England,GB,Newcastle United FC,PREMIER_LEAGUE,Forward,FORWARD,1997-12-09,,,true,50,,https://crests.football-data.org/67.png
Nick Woltemade,nick-woltemade,Germany,DE,Newcastle United FC,PREMIER_LEAGUE,Forward,FORWARD,2002-02-14,,,true,50,,https://crests.football-data.org/67.png
Anthony Elanga,anthony-elanga,Sweden,SE,Newcastle United FC,PREMIER_LEAGUE,Forward,FORWARD,2002-04-27,,,true,50,,https://crests.football-data.org/67.png
William Osula,william-osula,Denmark,DK,Newcastle United FC,PREMIER_LEAGUE,Forward,FORWARD,2003-08-04,,,true,50,,https://crests.football-data.org/67.png
Bazoumana Touré,bazoumana-toure,Ivory Coast,CI,Newcastle United FC,PREMIER_LEAGUE,Forward,FORWARD,2006-03-02,,,true,50,,https://crests.football-data.org/67.png
Simon Moore,simon-moore,England,GB,Sunderland AFC,PREMIER_LEAGUE,Goalkeeper,GOALKEEPER,1990-05-19,,,true,50,,https://crests.football-data.org/71.png
Anthony Patterson,anthony-patterson,England,GB,Sunderland AFC,PREMIER_LEAGUE,Goalkeeper,GOALKEEPER,2000-05-10,,,true,50,,https://crests.football-data.org/71.png
Robin Roefs,robin-roefs,Netherlands,NL,Sunderland AFC,PREMIER_LEAGUE,Goalkeeper,GOALKEEPER,2003-01-17,,,true,50,,https://crests.football-data.org/71.png
Melker Ellborg,melker-ellborg,Sweden,SE,Sunderland AFC,PREMIER_LEAGUE,Goalkeeper,GOALKEEPER,2003-05-22,,,true,50,,https://crests.football-data.org/71.png
Thomas Meunier,thomas-meunier,Belgium,BE,Sunderland AFC,PREMIER_LEAGUE,Defender,DEFENDER,1991-09-12,,,true,50,,https://crests.football-data.org/71.png
Luke O'Nien,luke-o-nien,England,GB,Sunderland AFC,PREMIER_LEAGUE,Defender,DEFENDER,1994-11-21,,,true,50,,https://crests.football-data.org/71.png
Arthur Masuaku,arthur-masuaku,Congo DR,CD,Sunderland AFC,PREMIER_LEAGUE,Defender,DEFENDER,1993-11-07,,,true,50,,https://crests.football-data.org/71.png
Nordi Mukiele,nordi-mukiele,France,FR,Sunderland AFC,PREMIER_LEAGUE,Defender,DEFENDER,1997-11-01,,,true,50,,https://crests.football-data.org/71.png
Reinildo,reinildo,Mozambique,MZ,Sunderland AFC,PREMIER_LEAGUE,Defender,DEFENDER,1994-01-21,,,true,50,,https://crests.football-data.org/71.png
Omar Alderete,omar-alderete,Paraguay,PY,Sunderland AFC,PREMIER_LEAGUE,Defender,DEFENDER,1996-12-26,,,true,50,,https://crests.football-data.org/71.png
Trai Hume,trai-hume,Northern Ireland,GB,Sunderland AFC,PREMIER_LEAGUE,Defender,DEFENDER,2002-03-18,,,true,50,,https://crests.football-data.org/71.png
Daniel Ballard,daniel-ballard,Northern Ireland,GB,Sunderland AFC,PREMIER_LEAGUE,Defender,DEFENDER,1999-09-22,,,true,50,,https://crests.football-data.org/71.png
Timothee Pembele,timothee-pembele,France,FR,Sunderland AFC,PREMIER_LEAGUE,Defender,DEFENDER,2002-09-09,,,true,50,,https://crests.football-data.org/71.png
Jenson Seelt,jenson-seelt,Netherlands,NL,Sunderland AFC,PREMIER_LEAGUE,Defender,DEFENDER,2003-05-23,,,true,50,,https://crests.football-data.org/71.png
Leo Fuhr Hjelde,leo-fuhr-hjelde,Norway,NO,Sunderland AFC,PREMIER_LEAGUE,Defender,DEFENDER,2003-08-26,,,true,50,,https://crests.football-data.org/71.png
Aji Alese,aji-alese,England,GB,Sunderland AFC,PREMIER_LEAGUE,Defender,DEFENDER,2001-01-17,,,true,50,,https://crests.football-data.org/71.png
Dayann Methalie,dayann-methalie,France,FR,Sunderland AFC,PREMIER_LEAGUE,Defender,DEFENDER,2006-02-15,,,true,50,,https://crests.football-data.org/71.png
Granit Xhaka,granit-xhaka,Switzerland,CH,Sunderland AFC,PREMIER_LEAGUE,Midfielder,MIDFIELDER,1992-09-27,,,true,50,,https://crests.football-data.org/71.png
Alan Browne,alan-browne,Ireland,IE,Sunderland AFC,PREMIER_LEAGUE,Midfielder,MIDFIELDER,1995-04-15,,,true,50,,https://crests.football-data.org/71.png
Enzo Le Fée,enzo-le-fee,France,FR,Sunderland AFC,PREMIER_LEAGUE,Midfielder,MIDFIELDER,2000-02-03,,,true,50,,https://crests.football-data.org/71.png
Abdoullah Ba,abdoullah-ba,France,FR,Sunderland AFC,PREMIER_LEAGUE,Midfielder,MIDFIELDER,2003-07-31,,,true,50,,https://crests.football-data.org/71.png
Habib Diarra,habib-diarra,Senegal,SN,Sunderland AFC,PREMIER_LEAGUE,Midfielder,MIDFIELDER,2004-01-03,,,true,50,,https://crests.football-data.org/71.png
Noah Sadiki,noah-sadiki,Congo DR,CD,Sunderland AFC,PREMIER_LEAGUE,Midfielder,MIDFIELDER,2004-12-17,,,true,50,,https://crests.football-data.org/71.png
Chris Rigg,chris-rigg,England,GB,Sunderland AFC,PREMIER_LEAGUE,Midfielder,MIDFIELDER,2007-06-18,,,true,50,,https://crests.football-data.org/71.png
Jules Ahoka,jules-ahoka,DR Congo,CD,Sunderland AFC,PREMIER_LEAGUE,Midfielder,MIDFIELDER,2005-12-17,,,true,50,,https://crests.football-data.org/71.png
Wilson Isidor,wilson-isidor,Haiti,HT,Sunderland AFC,PREMIER_LEAGUE,Forward,FORWARD,2000-08-27,,,true,50,,https://crests.football-data.org/71.png
Brian Brobbey,brian-brobbey,Netherlands,NL,Sunderland AFC,PREMIER_LEAGUE,Forward,FORWARD,2002-02-01,,,true,50,,https://crests.football-data.org/71.png
Simon Adingra,simon-adingra,Ivory Coast,CI,Sunderland AFC,PREMIER_LEAGUE,Forward,FORWARD,2002-01-01,,,true,50,,https://crests.football-data.org/71.png
Romaine Mundle,romaine-mundle,England,GB,Sunderland AFC,PREMIER_LEAGUE,Forward,FORWARD,2003-04-24,,,true,50,,https://crests.football-data.org/71.png
Nilson Angulo,nilson-angulo,Ecuador,EC,Sunderland AFC,PREMIER_LEAGUE,Forward,FORWARD,2003-06-19,,,true,50,,https://crests.football-data.org/71.png
Ahmed Abdullahi,ahmed-abdullahi,Nigeria,NG,Sunderland AFC,PREMIER_LEAGUE,Forward,FORWARD,2004-06-19,,,true,50,,https://crests.football-data.org/71.png
Chemsdine Talbi,chemsdine-talbi,Morocco,MA,Sunderland AFC,PREMIER_LEAGUE,Forward,FORWARD,2005-05-09,,,true,50,,https://crests.football-data.org/71.png
Luís Semedo,luis-semedo,Portugal,PT,Sunderland AFC,PREMIER_LEAGUE,Forward,FORWARD,2003-08-11,,,true,50,,https://crests.football-data.org/71.png
Jocelin Bi,jocelin-bi,Ivory Coast,CI,Sunderland AFC,PREMIER_LEAGUE,Forward,FORWARD,2005-02-09,,,true,50,,https://crests.football-data.org/71.png
Guglielmo Vicario,guglielmo-vicario,Italy,IT,Tottenham Hotspur FC,PREMIER_LEAGUE,Goalkeeper,GOALKEEPER,1996-10-07,,,true,50,,https://crests.football-data.org/73.png
Martin Dúbravka,martin-dubravka,Slovakia,SK,Tottenham Hotspur FC,PREMIER_LEAGUE,Goalkeeper,GOALKEEPER,1989-01-15,,,true,50,,https://crests.football-data.org/73.png
Brandon Austin,brandon-austin,England,GB,Tottenham Hotspur FC,PREMIER_LEAGUE,Goalkeeper,GOALKEEPER,1999-01-08,,,true,50,,https://crests.football-data.org/73.png
Antonín Kinský,antonin-kinsky,Czech Republic,CZ,Tottenham Hotspur FC,PREMIER_LEAGUE,Goalkeeper,GOALKEEPER,2003-03-13,,,true,50,,https://crests.football-data.org/73.png
Kevin Danso,kevin-danso,Austria,AT,Tottenham Hotspur FC,PREMIER_LEAGUE,Defender,DEFENDER,1998-09-19,,,true,50,,https://crests.football-data.org/73.png
Andrew Robertson,andrew-robertson,Scotland,GB,Tottenham Hotspur FC,PREMIER_LEAGUE,Defender,DEFENDER,1994-03-11,,,true,50,,https://crests.football-data.org/73.png
Ben Davies,ben-davies,Wales,GB,Tottenham Hotspur FC,PREMIER_LEAGUE,Defender,DEFENDER,1993-04-24,,,true,50,,https://crests.football-data.org/73.png
Christian Romero,christian-romero,Argentina,AR,Tottenham Hotspur FC,PREMIER_LEAGUE,Defender,DEFENDER,1998-04-27,,,true,50,,https://crests.football-data.org/73.png
Marcos Senesi,marcos-senesi,Argentina,AR,Tottenham Hotspur FC,PREMIER_LEAGUE,Defender,DEFENDER,1997-05-10,,,true,50,,https://crests.football-data.org/73.png
Djed Spence,djed-spence,England,GB,Tottenham Hotspur FC,PREMIER_LEAGUE,Defender,DEFENDER,2000-08-09,,,true,50,,https://crests.football-data.org/73.png
Pedro Porro,pedro-porro,Spain,ES,Tottenham Hotspur FC,PREMIER_LEAGUE,Defender,DEFENDER,1999-09-13,,,true,50,,https://crests.football-data.org/73.png
Jan Paul van Hecke,jan-paul-van-hecke,Netherlands,NL,Tottenham Hotspur FC,PREMIER_LEAGUE,Defender,DEFENDER,2000-06-08,,,true,50,,https://crests.football-data.org/73.png
Mickey van de Ven,mickey-van-de-ven,Netherlands,NL,Tottenham Hotspur FC,PREMIER_LEAGUE,Defender,DEFENDER,2001-04-19,,,true,50,,https://crests.football-data.org/73.png
Destiny Udogie,destiny-udogie,Italy,IT,Tottenham Hotspur FC,PREMIER_LEAGUE,Defender,DEFENDER,2002-11-28,,,true,50,,https://crests.football-data.org/73.png
Ashley Phillips,ashley-phillips,England,GB,Tottenham Hotspur FC,PREMIER_LEAGUE,Defender,DEFENDER,2005-06-26,,,true,50,,https://crests.football-data.org/73.png
Archie Gray,archie-gray,England,GB,Tottenham Hotspur FC,PREMIER_LEAGUE,Defender,DEFENDER,2006-03-12,,,true,50,,https://crests.football-data.org/73.png
Kota Takai,kota-takai,Japan,JP,Tottenham Hotspur FC,PREMIER_LEAGUE,Defender,DEFENDER,2004-09-04,,,true,50,,https://crests.football-data.org/73.png
Souza,souza,Brazil,BR,Tottenham Hotspur FC,PREMIER_LEAGUE,Defender,DEFENDER,2006-06-16,,,true,50,,https://crests.football-data.org/73.png
Dejan Kulusevski,dejan-kulusevski,Sweden,SE,Tottenham Hotspur FC,PREMIER_LEAGUE,Midfielder,MIDFIELDER,2000-04-25,,,true,50,,https://crests.football-data.org/73.png
Rodrigo Bentancur,rodrigo-bentancur,Uruguay,UY,Tottenham Hotspur FC,PREMIER_LEAGUE,Midfielder,MIDFIELDER,1997-06-25,,,true,50,,https://crests.football-data.org/73.png
Sandro Tonali,sandro-tonali,Italy,IT,Tottenham Hotspur FC,PREMIER_LEAGUE,Midfielder,MIDFIELDER,2000-05-08,,,true,50,,https://crests.football-data.org/73.png
James Maddison,james-maddison,England,GB,Tottenham Hotspur FC,PREMIER_LEAGUE,Midfielder,MIDFIELDER,1996-11-23,,,true,50,,https://crests.football-data.org/73.png
Conor Gallagher,conor-gallagher,England,GB,Tottenham Hotspur FC,PREMIER_LEAGUE,Midfielder,MIDFIELDER,2000-02-06,,,true,50,,https://crests.football-data.org/73.png
Xavi Simons,xavi-simons,Netherlands,NL,Tottenham Hotspur FC,PREMIER_LEAGUE,Midfielder,MIDFIELDER,2003-04-21,,,true,50,,https://crests.football-data.org/73.png
Pape Sarr,pape-sarr,Senegal,SN,Tottenham Hotspur FC,PREMIER_LEAGUE,Midfielder,MIDFIELDER,2002-09-14,,,true,50,,https://crests.football-data.org/73.png
Mateus Fernandes,mateus-fernandes,Portugal,PT,Tottenham Hotspur FC,PREMIER_LEAGUE,Midfielder,MIDFIELDER,2004-07-10,,,true,50,,https://crests.football-data.org/73.png
Lucas Bergvall,lucas-bergvall,Sweden,SE,Tottenham Hotspur FC,PREMIER_LEAGUE,Midfielder,MIDFIELDER,2006-02-02,,,true,50,,https://crests.football-data.org/73.png
Dominic Solanke,dominic-solanke,England,GB,Tottenham Hotspur FC,PREMIER_LEAGUE,Forward,FORWARD,1997-09-14,,,true,50,,https://crests.football-data.org/73.png
Richarlison,richarlison,Brazil,BR,Tottenham Hotspur FC,PREMIER_LEAGUE,Forward,FORWARD,1997-05-10,,,true,50,,https://crests.football-data.org/73.png
Manor Solomon,manor-solomon,Israel,IL,Tottenham Hotspur FC,PREMIER_LEAGUE,Forward,FORWARD,1999-07-24,,,true,50,,https://crests.football-data.org/73.png
Omar Marmoush,omar-marmoush-1,Egypt,EG,Tottenham Hotspur FC,PREMIER_LEAGUE,Forward,FORWARD,1999-02-07,,,true,50,,https://crests.football-data.org/73.png
Mohammed Kudus,mohammed-kudus,Ghana,GH,Tottenham Hotspur FC,PREMIER_LEAGUE,Forward,FORWARD,2000-08-02,,,true,50,,https://crests.football-data.org/73.png
Sávio,savio-1,Brazil,BR,Tottenham Hotspur FC,PREMIER_LEAGUE,Forward,FORWARD,2004-04-10,,,true,50,,https://crests.football-data.org/73.png
Dane Scarlett,dane-scarlett,England,GB,Tottenham Hotspur FC,PREMIER_LEAGUE,Forward,FORWARD,2004-03-24,,,true,50,,https://crests.football-data.org/73.png
Mathys Tel,mathys-tel,France,FR,Tottenham Hotspur FC,PREMIER_LEAGUE,Forward,FORWARD,2005-04-27,,,true,50,,https://crests.football-data.org/73.png
Wilson Odobert,wilson-odobert,France,FR,Tottenham Hotspur FC,PREMIER_LEAGUE,Forward,FORWARD,2004-11-28,,,true,50,,https://crests.football-data.org/73.png
Mikey Moore,mikey-moore,England,GB,Tottenham Hotspur FC,PREMIER_LEAGUE,Forward,FORWARD,2007-08-11,,,true,50,,https://crests.football-data.org/73.png
Min-hyuk Yang,min-hyuk-yang,South Korea,KR,Tottenham Hotspur FC,PREMIER_LEAGUE,Forward,FORWARD,2006-04-16,,,true,50,,https://crests.football-data.org/73.png
William Lankshear,william-lankshear,England,GB,Tottenham Hotspur FC,PREMIER_LEAGUE,Forward,FORWARD,2005-04-20,,,true,50,,https://crests.football-data.org/73.png
Jack Butland,jack-butland,England,GB,Hull City AFC,PREMIER_LEAGUE,Goalkeeper,GOALKEEPER,1993-03-10,,,true,50,,https://crests.football-data.org/322.png
Dillon Phillips,dillon-phillips,England,GB,Hull City AFC,PREMIER_LEAGUE,Goalkeeper,GOALKEEPER,1995-06-11,,,true,50,,https://crests.football-data.org/322.png
Harvey Cartwright,harvey-cartwright,England,GB,Hull City AFC,PREMIER_LEAGUE,Goalkeeper,GOALKEEPER,2002-05-09,,,true,50,,https://crests.football-data.org/322.png
Konstantinos Tzolakis,konstantinos-tzolakis,Greece,GR,Hull City AFC,PREMIER_LEAGUE,Goalkeeper,GOALKEEPER,2002-11-08,,,true,50,,https://crests.football-data.org/322.png
Thimothee Lo-Tutala,thimothee-lo-tutala,France,FR,Hull City AFC,PREMIER_LEAGUE,Goalkeeper,GOALKEEPER,2003-02-13,,,true,50,,https://crests.football-data.org/322.png
Matt Targett,matt-targett,England,GB,Hull City AFC,PREMIER_LEAGUE,Defender,DEFENDER,1995-09-18,,,true,50,,https://crests.football-data.org/322.png
Paddy McNair,paddy-mcnair,Northern Ireland,GB,Hull City AFC,PREMIER_LEAGUE,Defender,DEFENDER,1995-04-27,,,true,50,,https://crests.football-data.org/322.png
John Egan,john-egan,Ireland,IE,Hull City AFC,PREMIER_LEAGUE,Defender,DEFENDER,1992-10-20,,,true,50,,https://crests.football-data.org/322.png
Lewie Coyle,lewie-coyle,England,GB,Hull City AFC,PREMIER_LEAGUE,Defender,DEFENDER,1995-10-15,,,true,50,,https://crests.football-data.org/322.png
Semi Ajayi,semi-ajayi,Nigeria,NG,Hull City AFC,PREMIER_LEAGUE,Defender,DEFENDER,1993-11-09,,,true,50,,https://crests.football-data.org/322.png
Ryan John Giles,ryan-john-giles,England,GB,Hull City AFC,PREMIER_LEAGUE,Defender,DEFENDER,2000-01-26,,,true,50,,https://crests.football-data.org/322.png
Cody Drameh,cody-drameh,England,GB,Hull City AFC,PREMIER_LEAGUE,Defender,DEFENDER,2001-12-08,,,true,50,,https://crests.football-data.org/322.png
Matty Jacob,matty-jacob,England,GB,Hull City AFC,PREMIER_LEAGUE,Defender,DEFENDER,2001-06-03,,,true,50,,https://crests.football-data.org/322.png
Charlie Hughes,charlie-hughes,England,GB,Hull City AFC,PREMIER_LEAGUE,Defender,DEFENDER,2003-10-16,,,true,50,,https://crests.football-data.org/322.png
Nobel Mendy,nobel-mendy,Senegal,SN,Hull City AFC,PREMIER_LEAGUE,Defender,DEFENDER,2004-08-16,,,true,50,,https://crests.football-data.org/322.png
Lucas Herrington,lucas-herrington,Australia,AU,Hull City AFC,PREMIER_LEAGUE,Defender,DEFENDER,2007-09-05,,,true,50,,https://crests.football-data.org/322.png
Regan Slater,regan-slater,England,GB,Hull City AFC,PREMIER_LEAGUE,Midfielder,MIDFIELDER,1999-09-11,,,true,50,,https://crests.football-data.org/322.png
Matty Crooks,matty-crooks,England,GB,Hull City AFC,PREMIER_LEAGUE,Midfielder,MIDFIELDER,1994-01-20,,,true,50,,https://crests.football-data.org/322.png
Kieran Dowell,kieran-dowell,England,GB,Hull City AFC,PREMIER_LEAGUE,Midfielder,MIDFIELDER,1997-10-10,,,true,50,,https://crests.football-data.org/322.png
Abdülkadir Ömür,abdulkadir-omur,Turkey,TR,Hull City AFC,PREMIER_LEAGUE,Midfielder,MIDFIELDER,1999-06-25,,,true,50,,https://crests.football-data.org/322.png
Hidemasa Morita,hidemasa-morita,Japan,JP,Hull City AFC,PREMIER_LEAGUE,Midfielder,MIDFIELDER,1995-05-10,,,true,50,,https://crests.football-data.org/322.png
Eliot Matazo,eliot-matazo,Belgium,BE,Hull City AFC,PREMIER_LEAGUE,Midfielder,MIDFIELDER,2002-02-15,,,true,50,,https://crests.football-data.org/322.png
Lucas Gourna-Douath,lucas-gourna-douath,France,FR,Hull City AFC,PREMIER_LEAGUE,Midfielder,MIDFIELDER,2003-08-05,,,true,50,,https://crests.football-data.org/322.png
Darko Gyabi,darko-gyabi,England,GB,Hull City AFC,PREMIER_LEAGUE,Midfielder,MIDFIELDER,2004-02-17,,,true,50,,https://crests.football-data.org/322.png
Elliot Stroud,elliot-stroud,Sweden,SE,Hull City AFC,PREMIER_LEAGUE,Midfielder,MIDFIELDER,2002-06-22,,,true,50,,https://crests.football-data.org/322.png
Jens Hjertö-Dahl,jens-hjerto-dahl,Norway,NO,Hull City AFC,PREMIER_LEAGUE,Midfielder,MIDFIELDER,2005-10-31,,,true,50,,https://crests.football-data.org/322.png
Óscar Zambrano,oscar-zambrano,Ecuador,EC,Hull City AFC,PREMIER_LEAGUE,Midfielder,MIDFIELDER,2004-04-20,,,true,50,,https://crests.football-data.org/322.png
Oliver McBurnie,oliver-mcburnie,Scotland,GB,Hull City AFC,PREMIER_LEAGUE,Forward,FORWARD,1996-06-04,,,true,50,,https://crests.football-data.org/322.png
Joe Gelhardt,joe-gelhardt,England,GB,Hull City AFC,PREMIER_LEAGUE,Forward,FORWARD,2002-05-04,,,true,50,,https://crests.football-data.org/322.png
Liam Millar,liam-millar,Canada,CA,Hull City AFC,PREMIER_LEAGUE,Forward,FORWARD,1999-09-27,,,true,50,,https://crests.football-data.org/322.png
Enis Destan,enis-destan,Turkey,TR,Hull City AFC,PREMIER_LEAGUE,Forward,FORWARD,2002-06-15,,,true,50,,https://crests.football-data.org/322.png
Mohamed Ali Cho,mohamed-ali-cho,France,FR,Hull City AFC,PREMIER_LEAGUE,Forward,FORWARD,2004-01-19,,,true,50,,https://crests.football-data.org/322.png
David Akintola,david-akintola,Nigeria,NG,Hull City AFC,PREMIER_LEAGUE,Forward,FORWARD,1996-01-13,,,true,50,,https://crests.football-data.org/322.png
Mason Burstow,mason-burstow,England,GB,Hull City AFC,PREMIER_LEAGUE,Forward,FORWARD,2003-08-04,,,true,50,,https://crests.football-data.org/322.png
Abu Kamara,abu-kamara,England,GB,Hull City AFC,PREMIER_LEAGUE,Forward,FORWARD,2003-07-21,,,true,50,,https://crests.football-data.org/322.png
Mohamed Belloumi,mohamed-belloumi,Algeria,DZ,Hull City AFC,PREMIER_LEAGUE,Forward,FORWARD,2002-06-01,,,true,50,,https://crests.football-data.org/322.png
Lucas Perri,lucas-perri,Brazil,BR,Leeds United FC,PREMIER_LEAGUE,Goalkeeper,GOALKEEPER,1997-12-10,,,true,50,,https://crests.football-data.org/341.png
Alex Cairns,alex-cairns,England,GB,Leeds United FC,PREMIER_LEAGUE,Goalkeeper,GOALKEEPER,1993-01-04,,,true,50,,https://crests.football-data.org/341.png
Michael Zetterer,michael-zetterer,Germany,DE,Leeds United FC,PREMIER_LEAGUE,Goalkeeper,GOALKEEPER,1995-07-12,,,true,50,,https://crests.football-data.org/341.png
James Trafford,james-trafford-1,England,GB,Leeds United FC,PREMIER_LEAGUE,Goalkeeper,GOALKEEPER,2002-10-10,,,true,50,,https://crests.football-data.org/341.png
Nico Elvedi,nico-elvedi,Switzerland,CH,Leeds United FC,PREMIER_LEAGUE,Defender,DEFENDER,1996-09-30,,,true,50,,https://crests.football-data.org/341.png
Jayden Bogle,jayden-bogle,England,GB,Leeds United FC,PREMIER_LEAGUE,Defender,DEFENDER,2000-07-27,,,true,50,,https://crests.football-data.org/341.png
James Justin,james-justin,England,GB,Leeds United FC,PREMIER_LEAGUE,Defender,DEFENDER,1998-02-23,,,true,50,,https://crests.football-data.org/341.png
Joe Rodon,joe-rodon,Wales,GB,Leeds United FC,PREMIER_LEAGUE,Defender,DEFENDER,1997-10-22,,,true,50,,https://crests.football-data.org/341.png
Maximilian Wöber,maximilian-wober,Austria,AT,Leeds United FC,PREMIER_LEAGUE,Defender,DEFENDER,1998-02-04,,,true,50,,https://crests.football-data.org/341.png
Sam Byram,sam-byram,England,GB,Leeds United FC,PREMIER_LEAGUE,Defender,DEFENDER,1993-09-16,,,true,50,,https://crests.football-data.org/341.png
Sebastiaan Bornauw,sebastiaan-bornauw,Belgium,BE,Leeds United FC,PREMIER_LEAGUE,Defender,DEFENDER,1999-03-22,,,true,50,,https://crests.football-data.org/341.png
Gabriel Gudmundsson,gabriel-gudmundsson,Sweden,SE,Leeds United FC,PREMIER_LEAGUE,Defender,DEFENDER,1999-04-29,,,true,50,,https://crests.football-data.org/341.png
Jaka Bijol,jaka-bijol,Slovenia,SI,Leeds United FC,PREMIER_LEAGUE,Defender,DEFENDER,1999-02-05,,,true,50,,https://crests.football-data.org/341.png
Isaac Schmidt,isaac-schmidt,Switzerland,CH,Leeds United FC,PREMIER_LEAGUE,Defender,DEFENDER,1999-12-07,,,true,50,,https://crests.football-data.org/341.png
Tarik Muharemović,tarik-muharemovic,Bosnia-Herzegovina,BA,Leeds United FC,PREMIER_LEAGUE,Defender,DEFENDER,2003-02-28,,,true,50,,https://crests.football-data.org/341.png
Sean Longstaff,sean-longstaff,England,GB,Leeds United FC,PREMIER_LEAGUE,Midfielder,MIDFIELDER,1997-10-30,,,true,50,,https://crests.football-data.org/341.png
Ethan Ampadu,ethan-ampadu,Wales,GB,Leeds United FC,PREMIER_LEAGUE,Midfielder,MIDFIELDER,2000-09-14,,,true,50,,https://crests.football-data.org/341.png
Ao Tanaka,ao-tanaka,Japan,JP,Leeds United FC,PREMIER_LEAGUE,Midfielder,MIDFIELDER,1998-09-10,,,true,50,,https://crests.football-data.org/341.png
Anton Stach,anton-stach,Germany,DE,Leeds United FC,PREMIER_LEAGUE,Midfielder,MIDFIELDER,1998-11-15,,,true,50,,https://crests.football-data.org/341.png
Ilia Gruev,ilia-gruev,Bulgaria,BG,Leeds United FC,PREMIER_LEAGUE,Midfielder,MIDFIELDER,2000-05-06,,,true,50,,https://crests.football-data.org/341.png
Brenden Aaronson,brenden-aaronson,USA,US,Leeds United FC,PREMIER_LEAGUE,Midfielder,MIDFIELDER,2000-10-22,,,true,50,,https://crests.football-data.org/341.png
Charlie Crewe,charlie-crewe,Wales,GB,Leeds United FC,PREMIER_LEAGUE,Midfielder,MIDFIELDER,2006-06-15,,,true,50,,https://crests.football-data.org/341.png
Jack Harrison,jack-harrison,England,GB,Leeds United FC,PREMIER_LEAGUE,Forward,FORWARD,1996-11-20,,,true,50,,https://crests.football-data.org/341.png
Dominic Calvert-Lewin,dominic-calvert-lewin,England,GB,Leeds United FC,PREMIER_LEAGUE,Forward,FORWARD,1997-03-16,,,true,50,,https://crests.football-data.org/341.png
Lukas Nmecha,lukas-nmecha,Germany,DE,Leeds United FC,PREMIER_LEAGUE,Forward,FORWARD,1998-12-14,,,true,50,,https://crests.football-data.org/341.png
Daniel James,daniel-james,Wales,GB,Leeds United FC,PREMIER_LEAGUE,Forward,FORWARD,1997-11-10,,,true,50,,https://crests.football-data.org/341.png
Harry Wilson,harry-wilson,Wales,GB,Leeds United FC,PREMIER_LEAGUE,Forward,FORWARD,1997-03-22,,,true,50,,https://crests.football-data.org/341.png
Noah Okafor,noah-okafor,Switzerland,CH,Leeds United FC,PREMIER_LEAGUE,Forward,FORWARD,2000-05-24,,,true,50,,https://crests.football-data.org/341.png
Joël Piroe,joel-piroe,Netherlands,NL,Leeds United FC,PREMIER_LEAGUE,Forward,FORWARD,1999-08-02,,,true,50,,https://crests.football-data.org/341.png
Joe Gelhardt,joe-gelhardt-1,England,GB,Leeds United FC,PREMIER_LEAGUE,Forward,FORWARD,2002-05-04,,,true,50,,https://crests.football-data.org/341.png
Largie Ramazani,largie-ramazani,Belgium,BE,Leeds United FC,PREMIER_LEAGUE,Forward,FORWARD,2001-02-27,,,true,50,,https://crests.football-data.org/341.png
Wilfried Gnonto,wilfried-gnonto,Italy,IT,Leeds United FC,PREMIER_LEAGUE,Forward,FORWARD,2003-11-05,,,true,50,,https://crests.football-data.org/341.png
Mateo Fernandez,mateo-fernandez,Spain,ES,Leeds United FC,PREMIER_LEAGUE,Forward,FORWARD,2003-10-19,,,true,50,,https://crests.football-data.org/341.png
David Button,david-button,England,GB,Ipswich Town FC,PREMIER_LEAGUE,Goalkeeper,GOALKEEPER,1989-02-27,,,true,50,,https://crests.football-data.org/349.png
Christian Walton,christian-walton,England,GB,Ipswich Town FC,PREMIER_LEAGUE,Goalkeeper,GOALKEEPER,1995-11-09,,,true,50,,https://crests.football-data.org/349.png
Alex Palmer,alex-palmer,England,GB,Ipswich Town FC,PREMIER_LEAGUE,Goalkeeper,GOALKEEPER,1996-08-10,,,true,50,,https://crests.football-data.org/349.png
Kjell Scherpen,kjell-scherpen,Netherlands,NL,Ipswich Town FC,PREMIER_LEAGUE,Goalkeeper,GOALKEEPER,2000-01-23,,,true,50,,https://crests.football-data.org/349.png
Kayne van Oevelen,kayne-van-oevelen,Netherlands,NL,Ipswich Town FC,PREMIER_LEAGUE,Goalkeeper,GOALKEEPER,2003-08-08,,,true,50,,https://crests.football-data.org/349.png
Darnell Furlong,darnell-furlong,England,GB,Ipswich Town FC,PREMIER_LEAGUE,Defender,DEFENDER,1995-10-31,,,true,50,,https://crests.football-data.org/349.png
Ben Johnson,ben-johnson,England,GB,Ipswich Town FC,PREMIER_LEAGUE,Defender,DEFENDER,2000-01-24,,,true,50,,https://crests.football-data.org/349.png
Issa Diop,issa-diop-1,France,FR,Ipswich Town FC,PREMIER_LEAGUE,Defender,DEFENDER,1997-01-09,,,true,50,,https://crests.football-data.org/349.png
Dara O'Shea,dara-o-shea,Ireland,IE,Ipswich Town FC,PREMIER_LEAGUE,Defender,DEFENDER,1999-03-04,,,true,50,,https://crests.football-data.org/349.png
Cédric Kipré,cedric-kipre,Ivory Coast,CI,Ipswich Town FC,PREMIER_LEAGUE,Defender,DEFENDER,1996-12-09,,,true,50,,https://crests.football-data.org/349.png
Leif Davis,leif-davis,England,GB,Ipswich Town FC,PREMIER_LEAGUE,Defender,DEFENDER,1999-12-31,,,true,50,,https://crests.football-data.org/349.png
Jacob Greaves,jacob-greaves,England,GB,Ipswich Town FC,PREMIER_LEAGUE,Defender,DEFENDER,2000-09-12,,,true,50,,https://crests.football-data.org/349.png
Elkan Baggott,elkan-baggott,Indonesia,ID,Ipswich Town FC,PREMIER_LEAGUE,Defender,DEFENDER,2002-10-23,,,true,50,,https://crests.football-data.org/349.png
Harry Clarke,harry-clarke,England,GB,Ipswich Town FC,PREMIER_LEAGUE,Defender,DEFENDER,2001-03-02,,,true,50,,https://crests.football-data.org/349.png
Abdoul Ouattara,abdoul-ouattara,Ivory Coast,CI,Ipswich Town FC,PREMIER_LEAGUE,Defender,DEFENDER,2005-10-22,,,true,50,,https://crests.football-data.org/349.png
Wes Burns,wes-burns,Wales,GB,Ipswich Town FC,PREMIER_LEAGUE,Midfielder,MIDFIELDER,1994-11-23,,,true,50,,https://crests.football-data.org/349.png
Samuel Szmodics,samuel-szmodics,Ireland,IE,Ipswich Town FC,PREMIER_LEAGUE,Midfielder,MIDFIELDER,1995-09-24,,,true,50,,https://crests.football-data.org/349.png
Jack Taylor,jack-taylor,Ireland,IE,Ipswich Town FC,PREMIER_LEAGUE,Midfielder,MIDFIELDER,1998-06-23,,,true,50,,https://crests.football-data.org/349.png
Azor Matusiwa,azor-matusiwa,Netherlands,NL,Ipswich Town FC,PREMIER_LEAGUE,Midfielder,MIDFIELDER,1998-04-28,,,true,50,,https://crests.football-data.org/349.png
Exequiel Palacios,exequiel-palacios,Argentina,AR,Ipswich Town FC,PREMIER_LEAGUE,Midfielder,MIDFIELDER,1998-10-05,,,true,50,,https://crests.football-data.org/349.png
Saša Lukić,sasa-lukic-1,Serbia,RS,Ipswich Town FC,PREMIER_LEAGUE,Midfielder,MIDFIELDER,1996-08-13,,,true,50,,https://crests.football-data.org/349.png
Florentino,florentino,Portugal,PT,Ipswich Town FC,PREMIER_LEAGUE,Midfielder,MIDFIELDER,1999-08-19,,,true,50,,https://crests.football-data.org/349.png
Marcelino Núñez,marcelino-nunez,Chile,CL,Ipswich Town FC,PREMIER_LEAGUE,Midfielder,MIDFIELDER,2000-03-01,,,true,50,,https://crests.football-data.org/349.png
Anis Mehmeti,anis-mehmeti,Albania,AL,Ipswich Town FC,PREMIER_LEAGUE,Midfielder,MIDFIELDER,2001-01-09,,,true,50,,https://crests.football-data.org/349.png
Julio Enciso,julio-enciso,Paraguay,PY,Ipswich Town FC,PREMIER_LEAGUE,Midfielder,MIDFIELDER,2004-01-23,,,true,50,,https://crests.football-data.org/349.png
Cameron Humphreys,cameron-humphreys,England,GB,Ipswich Town FC,PREMIER_LEAGUE,Midfielder,MIDFIELDER,2003-10-30,,,true,50,,https://crests.football-data.org/349.png
Kasey McAteer,kasey-mcateer,Ireland,IE,Ipswich Town FC,PREMIER_LEAGUE,Midfielder,MIDFIELDER,2001-11-22,,,true,50,,https://crests.football-data.org/349.png
Jack Clarke,jack-clarke,England,GB,Ipswich Town FC,PREMIER_LEAGUE,Forward,FORWARD,2000-11-23,,,true,50,,https://crests.football-data.org/349.png
Chiedozie Ogbene,chiedozie-ogbene,Ireland,IE,Ipswich Town FC,PREMIER_LEAGUE,Forward,FORWARD,1997-05-01,,,true,50,,https://crests.football-data.org/349.png
Chuba Akpom,chuba-akpom,England,GB,Ipswich Town FC,PREMIER_LEAGUE,Forward,FORWARD,1995-10-09,,,true,50,,https://crests.football-data.org/349.png
George Hirst,george-hirst,Scotland,GB,Ipswich Town FC,PREMIER_LEAGUE,Forward,FORWARD,1999-02-15,,,true,50,,https://crests.football-data.org/349.png
Daizen Maeda,daizen-maeda,Japan,JP,Ipswich Town FC,PREMIER_LEAGUE,Forward,FORWARD,1997-10-20,,,true,50,,https://crests.football-data.org/349.png
Jaden Philogene-Bidace,jaden-philogene-bidace,England,GB,Ipswich Town FC,PREMIER_LEAGUE,Forward,FORWARD,2002-02-08,,,true,50,,https://crests.football-data.org/349.png
Emersonn,emersonn,Brazil,BR,Ipswich Town FC,PREMIER_LEAGUE,Forward,FORWARD,2004-07-16,,,true,50,,https://crests.football-data.org/349.png
Ali Al-Hamadi,ali-al-hamadi,Iraq,IQ,Ipswich Town FC,PREMIER_LEAGUE,Forward,FORWARD,2002-03-01,,,true,50,,https://crests.football-data.org/349.png
Abdul Issahaku,abdul-issahaku,Ghana,GH,Ipswich Town FC,PREMIER_LEAGUE,Forward,FORWARD,2004-03-08,,,true,50,,https://crests.football-data.org/349.png
Sindre Egeli,sindre-egeli,Norway,NO,Ipswich Town FC,PREMIER_LEAGUE,Forward,FORWARD,2006-06-21,,,true,50,,https://crests.football-data.org/349.png
John,john,Brazil,BR,Nottingham Forest FC,PREMIER_LEAGUE,Goalkeeper,GOALKEEPER,1996-02-13,,,true,50,,https://crests.football-data.org/351.png
Matz Sels,matz-sels,Belgium,BE,Nottingham Forest FC,PREMIER_LEAGUE,Goalkeeper,GOALKEEPER,1992-02-26,,,true,50,,https://crests.football-data.org/351.png
Steven Benda,steven-benda,Germany,DE,Nottingham Forest FC,PREMIER_LEAGUE,Goalkeeper,GOALKEEPER,1998-10-01,,,true,50,,https://crests.football-data.org/351.png
Nikola Milenković,nikola-milenkovic,Serbia,RS,Nottingham Forest FC,PREMIER_LEAGUE,Defender,DEFENDER,1997-10-12,,,true,50,,https://crests.football-data.org/351.png
Ola Aina,ola-aina,Nigeria,NG,Nottingham Forest FC,PREMIER_LEAGUE,Defender,DEFENDER,1996-10-08,,,true,50,,https://crests.football-data.org/351.png
Omar Richards,omar-richards,England,GB,Nottingham Forest FC,PREMIER_LEAGUE,Defender,DEFENDER,1998-02-15,,,true,50,,https://crests.football-data.org/351.png
Morato,morato,Brazil,BR,Nottingham Forest FC,PREMIER_LEAGUE,Defender,DEFENDER,2001-06-30,,,true,50,,https://crests.football-data.org/351.png
Neco Williams,neco-williams,Wales,GB,Nottingham Forest FC,PREMIER_LEAGUE,Defender,DEFENDER,2001-04-13,,,true,50,,https://crests.football-data.org/351.png
Luca Netz,luca-netz,Germany,DE,Nottingham Forest FC,PREMIER_LEAGUE,Defender,DEFENDER,2003-05-15,,,true,50,,https://crests.football-data.org/351.png
Jair Paula,jair-paula,Brazil,BR,Nottingham Forest FC,PREMIER_LEAGUE,Defender,DEFENDER,2005-03-07,,,true,50,,https://crests.football-data.org/351.png
Ousmane Diomande,ousmane-diomande,Cote d'Ivoire,XX,Nottingham Forest FC,PREMIER_LEAGUE,Defender,DEFENDER,2004-11-16,,,true,50,,https://crests.football-data.org/351.png
Nicolò Savona,nicolo-savona,Italy,IT,Nottingham Forest FC,PREMIER_LEAGUE,Defender,DEFENDER,2003-03-19,,,true,50,,https://crests.football-data.org/351.png
Murillo,murillo,Brazil,BR,Nottingham Forest FC,PREMIER_LEAGUE,Defender,DEFENDER,2002-07-04,,,true,50,,https://crests.football-data.org/351.png
Zach Abbott,zach-abbott,England,GB,Nottingham Forest FC,PREMIER_LEAGUE,Defender,DEFENDER,2006-05-13,,,true,50,,https://crests.football-data.org/351.png
Tyler Bindon,tyler-bindon,New Zealand,NZ,Nottingham Forest FC,PREMIER_LEAGUE,Defender,DEFENDER,2005-01-27,,,true,50,,https://crests.football-data.org/351.png
Eric da Silva Moreira,eric-da-silva-moreira,Germany,DE,Nottingham Forest FC,PREMIER_LEAGUE,Defender,DEFENDER,2006-05-03,,,true,50,,https://crests.football-data.org/351.png
Morgan Gibbs-White,morgan-gibbs-white,England,GB,Nottingham Forest FC,PREMIER_LEAGUE,Midfielder,MIDFIELDER,2000-01-27,,,true,50,,https://crests.football-data.org/351.png
Ryan Yates,ryan-yates,England,GB,Nottingham Forest FC,PREMIER_LEAGUE,Midfielder,MIDFIELDER,1997-11-21,,,true,50,,https://crests.football-data.org/351.png
Ibrahim Sangaré,ibrahim-sangare,Ivory Coast,CI,Nottingham Forest FC,PREMIER_LEAGUE,Midfielder,MIDFIELDER,1997-12-02,,,true,50,,https://crests.football-data.org/351.png
Xaver Schlager,xaver-schlager,Austria,AT,Nottingham Forest FC,PREMIER_LEAGUE,Midfielder,MIDFIELDER,1997-09-28,,,true,50,,https://crests.football-data.org/351.png
Nicolás Domínguez,nicolas-dominguez,Argentina,AR,Nottingham Forest FC,PREMIER_LEAGUE,Midfielder,MIDFIELDER,1998-06-28,,,true,50,,https://crests.football-data.org/351.png
James McAtee,james-mcatee,England,GB,Nottingham Forest FC,PREMIER_LEAGUE,Midfielder,MIDFIELDER,2002-10-18,,,true,50,,https://crests.football-data.org/351.png
Callum Hudson-Odoi,callum-hudson-odoi,England,GB,Nottingham Forest FC,PREMIER_LEAGUE,Forward,FORWARD,2000-11-07,,,true,50,,https://crests.football-data.org/351.png
Chris Wood,chris-wood,New Zealand,NZ,Nottingham Forest FC,PREMIER_LEAGUE,Forward,FORWARD,1991-12-07,,,true,50,,https://crests.football-data.org/351.png
Taiwo Awoniyi,taiwo-awoniyi,Nigeria,NG,Nottingham Forest FC,PREMIER_LEAGUE,Forward,FORWARD,1997-08-12,,,true,50,,https://crests.football-data.org/351.png
Dan Ndoye,dan-ndoye,Switzerland,CH,Nottingham Forest FC,PREMIER_LEAGUE,Forward,FORWARD,2000-10-25,,,true,50,,https://crests.football-data.org/351.png
Arnaud Kalimuendo,arnaud-kalimuendo,France,FR,Nottingham Forest FC,PREMIER_LEAGUE,Forward,FORWARD,2002-01-20,,,true,50,,https://crests.football-data.org/351.png
Liam Delap,liam-delap-1,England,GB,Nottingham Forest FC,PREMIER_LEAGUE,Forward,FORWARD,2003-02-08,,,true,50,,https://crests.football-data.org/351.png
Dilane Bakwa,dilane-bakwa,France,FR,Nottingham Forest FC,PREMIER_LEAGUE,Forward,FORWARD,2002-08-26,,,true,50,,https://crests.football-data.org/351.png
Omari Hutchinson,omari-hutchinson,England,GB,Nottingham Forest FC,PREMIER_LEAGUE,Forward,FORWARD,2003-10-29,,,true,50,,https://crests.football-data.org/351.png
Igor Jesus,igor-jesus,Brazil,BR,Nottingham Forest FC,PREMIER_LEAGUE,Forward,FORWARD,2001-02-25,,,true,50,,https://crests.football-data.org/351.png
Dean Henderson,dean-henderson,England,GB,Crystal Palace FC,PREMIER_LEAGUE,Goalkeeper,GOALKEEPER,1997-03-12,,,true,50,,https://crests.football-data.org/354.png
Remi Matthews,remi-matthews,England,GB,Crystal Palace FC,PREMIER_LEAGUE,Goalkeeper,GOALKEEPER,1994-02-10,,,true,50,,https://crests.football-data.org/354.png
Walter Benítez,walter-benitez,Argentina,AR,Crystal Palace FC,PREMIER_LEAGUE,Goalkeeper,GOALKEEPER,1993-03-19,,,true,50,,https://crests.football-data.org/354.png
Owen Goodman,owen-goodman,Canada,CA,Crystal Palace FC,PREMIER_LEAGUE,Goalkeeper,GOALKEEPER,2003-11-27,,,true,50,,https://crests.football-data.org/354.png
Axel Disasi,axel-disasi-1,France,FR,Crystal Palace FC,PREMIER_LEAGUE,Defender,DEFENDER,1998-03-11,,,true,50,,https://crests.football-data.org/354.png
Nathaniel Clyne,nathaniel-clyne,England,GB,Crystal Palace FC,PREMIER_LEAGUE,Defender,DEFENDER,1991-04-05,,,true,50,,https://crests.football-data.org/354.png
Takehiro Tomiyasu,takehiro-tomiyasu,Japan,JP,Crystal Palace FC,PREMIER_LEAGUE,Defender,DEFENDER,1998-11-05,,,true,50,,https://crests.football-data.org/354.png
Borna Sosa,borna-sosa,Croatia,HR,Crystal Palace FC,PREMIER_LEAGUE,Defender,DEFENDER,1998-01-21,,,true,50,,https://crests.football-data.org/354.png
Daniel Muñoz,daniel-munoz,Colombia,CO,Crystal Palace FC,PREMIER_LEAGUE,Defender,DEFENDER,1996-05-26,,,true,50,,https://crests.football-data.org/354.png
Maxence Lacroix,maxence-lacroix-1,France,FR,Crystal Palace FC,PREMIER_LEAGUE,Defender,DEFENDER,2000-04-06,,,true,50,,https://crests.football-data.org/354.png
Chris Richards,chris-richards,USA,US,Crystal Palace FC,PREMIER_LEAGUE,Defender,DEFENDER,2000-03-28,,,true,50,,https://crests.football-data.org/354.png
Tyrick Mitchell,tyrick-mitchell,England,GB,Crystal Palace FC,PREMIER_LEAGUE,Defender,DEFENDER,1999-09-01,,,true,50,,https://crests.football-data.org/354.png
Óscar Mingueza,oscar-mingueza,Spain,ES,Crystal Palace FC,PREMIER_LEAGUE,Defender,DEFENDER,1999-05-13,,,true,50,,https://crests.football-data.org/354.png
Chadi Riad,chadi-riad,Morocco,MA,Crystal Palace FC,PREMIER_LEAGUE,Defender,DEFENDER,2003-06-17,,,true,50,,https://crests.football-data.org/354.png
Anan Khalaili,anan-khalaili,Israel,IL,Crystal Palace FC,PREMIER_LEAGUE,Defender,DEFENDER,2004-09-03,,,true,50,,https://crests.football-data.org/354.png
Jaydee Canvot,jaydee-canvot,France,FR,Crystal Palace FC,PREMIER_LEAGUE,Defender,DEFENDER,2006-07-29,,,true,50,,https://crests.football-data.org/354.png
Caleb Kporha,caleb-kporha,England,GB,Crystal Palace FC,PREMIER_LEAGUE,Defender,DEFENDER,2006-07-15,,,true,50,,https://crests.football-data.org/354.png
Rio Cardines,rio-cardines,Trinidad & Tobago,XX,Crystal Palace FC,PREMIER_LEAGUE,Defender,DEFENDER,2006-01-07,,,true,50,,https://crests.football-data.org/354.png
Jefferson Lerma,jefferson-lerma,Colombia,CO,Crystal Palace FC,PREMIER_LEAGUE,Midfielder,MIDFIELDER,1994-10-25,,,true,50,,https://crests.football-data.org/354.png
Daichi Kamada,daichi-kamada,Japan,JP,Crystal Palace FC,PREMIER_LEAGUE,Midfielder,MIDFIELDER,1996-08-05,,,true,50,,https://crests.football-data.org/354.png
Will Hughes,will-hughes,England,GB,Crystal Palace FC,PREMIER_LEAGUE,Midfielder,MIDFIELDER,1995-04-17,,,true,50,,https://crests.football-data.org/354.png
Cheick Doucouré,cheick-doucoure,Mali,ML,Crystal Palace FC,PREMIER_LEAGUE,Midfielder,MIDFIELDER,2000-01-08,,,true,50,,https://crests.football-data.org/354.png
Justin Devenny,justin-devenny,Northern Ireland,GB,Crystal Palace FC,PREMIER_LEAGUE,Midfielder,MIDFIELDER,2003-10-11,,,true,50,,https://crests.football-data.org/354.png
David Ozoh,david-ozoh,England,GB,Crystal Palace FC,PREMIER_LEAGUE,Midfielder,MIDFIELDER,2002-01-18,,,true,50,,https://crests.football-data.org/354.png
Adam Wharton,adam-wharton,England,GB,Crystal Palace FC,PREMIER_LEAGUE,Midfielder,MIDFIELDER,2004-06-02,,,true,50,,https://crests.football-data.org/354.png
Jean-Philippe Mateta,jean-philippe-mateta,France,FR,Crystal Palace FC,PREMIER_LEAGUE,Forward,FORWARD,1997-06-28,,,true,50,,https://crests.football-data.org/354.png
Ismaïla Sarr,ismaila-sarr,Senegal,SN,Crystal Palace FC,PREMIER_LEAGUE,Forward,FORWARD,1998-02-25,,,true,50,,https://crests.football-data.org/354.png
Eddie Nketiah,eddie-nketiah,England,GB,Crystal Palace FC,PREMIER_LEAGUE,Forward,FORWARD,1999-05-30,,,true,50,,https://crests.football-data.org/354.png
Dwight McNeil,dwight-mcneil-1,England,GB,Crystal Palace FC,PREMIER_LEAGUE,Forward,FORWARD,1999-11-22,,,true,50,,https://crests.football-data.org/354.png
Brennan Johnson,brennan-johnson-1,Wales,GB,Crystal Palace FC,PREMIER_LEAGUE,Forward,FORWARD,2001-05-23,,,true,50,,https://crests.football-data.org/354.png
Evann Guessand,evann-guessand-1,Ivory Coast,CI,Crystal Palace FC,PREMIER_LEAGUE,Forward,FORWARD,2001-07-01,,,true,50,,https://crests.football-data.org/354.png
Yeremi Pino,yeremi-pino,Spain,ES,Crystal Palace FC,PREMIER_LEAGUE,Forward,FORWARD,2002-10-20,,,true,50,,https://crests.football-data.org/354.png
Matheus Franca,matheus-franca,Brazil,BR,Crystal Palace FC,PREMIER_LEAGUE,Forward,FORWARD,2004-04-01,,,true,50,,https://crests.football-data.org/354.png
Jesurun Rak-Sakyi,jesurun-rak-sakyi,England,GB,Crystal Palace FC,PREMIER_LEAGUE,Forward,FORWARD,2002-10-05,,,true,50,,https://crests.football-data.org/354.png
Romain Esse,romain-esse,England,GB,Crystal Palace FC,PREMIER_LEAGUE,Forward,FORWARD,1999-02-06,,,true,50,,https://crests.football-data.org/354.png
Jørgen Strand Larsen,j-rgen-strand-larsen,Norway,NO,Crystal Palace FC,PREMIER_LEAGUE,Forward,FORWARD,2000-02-06,,,true,50,,https://crests.football-data.org/354.png
Zavier Gozo,zavier-gozo,USA,US,Crystal Palace FC,PREMIER_LEAGUE,Forward,FORWARD,2007-03-22,,,true,50,,https://crests.football-data.org/354.png
Jason Steele,jason-steele,England,GB,Brighton & Hove Albion FC,PREMIER_LEAGUE,Goalkeeper,GOALKEEPER,1990-08-18,,,true,50,,https://crests.football-data.org/397.png
Bart Verbruggen,bart-verbruggen,Netherlands,NL,Brighton & Hove Albion FC,PREMIER_LEAGUE,Goalkeeper,GOALKEEPER,2002-08-18,,,true,50,,https://crests.football-data.org/397.png
Thomas McGill,thomas-mcgill,England,GB,Brighton & Hove Albion FC,PREMIER_LEAGUE,Goalkeeper,GOALKEEPER,2000-03-25,,,true,50,,https://crests.football-data.org/397.png
Carl Rushworth,carl-rushworth,England,GB,Brighton & Hove Albion FC,PREMIER_LEAGUE,Goalkeeper,GOALKEEPER,2001-07-02,,,true,50,,https://crests.football-data.org/397.png
James Beadle,james-beadle,England,GB,Brighton & Hove Albion FC,PREMIER_LEAGUE,Goalkeeper,GOALKEEPER,2004-07-16,,,true,50,,https://crests.football-data.org/397.png
Olivier Boscagli,olivier-boscagli,France,FR,Brighton & Hove Albion FC,PREMIER_LEAGUE,Defender,DEFENDER,1997-11-18,,,true,50,,https://crests.football-data.org/397.png
Pascal Struijk,pascal-struijk,Netherlands,NL,Brighton & Hove Albion FC,PREMIER_LEAGUE,Defender,DEFENDER,1999-08-11,,,true,50,,https://crests.football-data.org/397.png
Lewis Dunk,lewis-dunk,England,GB,Brighton & Hove Albion FC,PREMIER_LEAGUE,Defender,DEFENDER,1991-11-21,,,true,50,,https://crests.football-data.org/397.png
Ferdi Kadıoğlu,ferdi-kad-oglu,Turkey,TR,Brighton & Hove Albion FC,PREMIER_LEAGUE,Defender,DEFENDER,1999-10-07,,,true,50,,https://crests.football-data.org/397.png
Igor Julio,igor-julio,Brazil,BR,Brighton & Hove Albion FC,PREMIER_LEAGUE,Defender,DEFENDER,1998-02-07,,,true,50,,https://crests.football-data.org/397.png
Michael Svoboda,michael-svoboda,Austria,AT,Brighton & Hove Albion FC,PREMIER_LEAGUE,Defender,DEFENDER,1998-10-15,,,true,50,,https://crests.football-data.org/397.png
Mats Wieffer,mats-wieffer,Netherlands,NL,Brighton & Hove Albion FC,PREMIER_LEAGUE,Defender,DEFENDER,1999-11-16,,,true,50,,https://crests.football-data.org/397.png
Maxim De Cuyper,maxim-de-cuyper,Belgium,BE,Brighton & Hove Albion FC,PREMIER_LEAGUE,Defender,DEFENDER,2000-12-22,,,true,50,,https://crests.football-data.org/397.png
Jaouen Hadjam,jaouen-hadjam,Algeria,DZ,Brighton & Hove Albion FC,PREMIER_LEAGUE,Defender,DEFENDER,2003-03-26,,,true,50,,https://crests.football-data.org/397.png
Eiran Cashin,eiran-cashin,Ireland,IE,Brighton & Hove Albion FC,PREMIER_LEAGUE,Defender,DEFENDER,2001-11-09,,,true,50,,https://crests.football-data.org/397.png
Diego Coppola,diego-coppola,Italy,IT,Brighton & Hove Albion FC,PREMIER_LEAGUE,Defender,DEFENDER,2003-12-28,,,true,50,,https://crests.football-data.org/397.png
Costinha,costinha,Portugal,PT,Brighton & Hove Albion FC,PREMIER_LEAGUE,Defender,DEFENDER,2000-03-26,,,true,50,,https://crests.football-data.org/397.png
Luka Vušković,luka-vuskovic,Croatia,HR,Brighton & Hove Albion FC,PREMIER_LEAGUE,Defender,DEFENDER,2007-02-24,,,true,50,,https://crests.football-data.org/397.png
Matt O'Riley,matt-o-riley,Denmark,DK,Brighton & Hove Albion FC,PREMIER_LEAGUE,Midfielder,MIDFIELDER,2000-11-21,,,true,50,,https://crests.football-data.org/397.png
Pascal Groß,pascal-gro,Germany,DE,Brighton & Hove Albion FC,PREMIER_LEAGUE,Midfielder,MIDFIELDER,1991-06-15,,,true,50,,https://crests.football-data.org/397.png
Yasin Ayari,yasin-ayari,Sweden,SE,Brighton & Hove Albion FC,PREMIER_LEAGUE,Midfielder,MIDFIELDER,2003-10-06,,,true,50,,https://crests.football-data.org/397.png
Carlos Baleba,carlos-baleba-1,Cameroon,CM,Brighton & Hove Albion FC,PREMIER_LEAGUE,Midfielder,MIDFIELDER,2004-01-03,,,true,50,,https://crests.football-data.org/397.png
Diego Gómez,diego-gomez,Paraguay,PY,Brighton & Hove Albion FC,PREMIER_LEAGUE,Midfielder,MIDFIELDER,2003-03-27,,,true,50,,https://crests.football-data.org/397.png
Facundo Buonanotte,facundo-buonanotte,Argentina,AR,Brighton & Hove Albion FC,PREMIER_LEAGUE,Midfielder,MIDFIELDER,2004-12-23,,,true,50,,https://crests.football-data.org/397.png
Jack Hinshelwood,jack-hinshelwood,England,GB,Brighton & Hove Albion FC,PREMIER_LEAGUE,Midfielder,MIDFIELDER,2005-04-11,,,true,50,,https://crests.football-data.org/397.png
Malick Yalcouyé,malick-yalcouye,Mali,ML,Brighton & Hove Albion FC,PREMIER_LEAGUE,Midfielder,MIDFIELDER,2005-11-18,,,true,50,,https://crests.football-data.org/397.png
Danny Welbeck,danny-welbeck-1,England,GB,Brighton & Hove Albion FC,PREMIER_LEAGUE,Forward,FORWARD,1990-11-26,,,true,50,,https://crests.football-data.org/397.png
Georginio Rutter,georginio-rutter,France,FR,Brighton & Hove Albion FC,PREMIER_LEAGUE,Forward,FORWARD,2002-04-20,,,true,50,,https://crests.football-data.org/397.png
Evan Ferguson,evan-ferguson,Ireland,IE,Brighton & Hove Albion FC,PREMIER_LEAGUE,Forward,FORWARD,2004-10-19,,,true,50,,https://crests.football-data.org/397.png
Kaoru Mitoma,kaoru-mitoma,Japan,JP,Brighton & Hove Albion FC,PREMIER_LEAGUE,Forward,FORWARD,1997-05-20,,,true,50,,https://crests.football-data.org/397.png
Yankubah Minteh,yankubah-minteh,Gambia,GM,Brighton & Hove Albion FC,PREMIER_LEAGUE,Forward,FORWARD,2004-07-22,,,true,50,,https://crests.football-data.org/397.png
Tom Watson,tom-watson,England,GB,Brighton & Hove Albion FC,PREMIER_LEAGUE,Forward,FORWARD,2006-04-08,,,true,50,,https://crests.football-data.org/397.png
Amario Cozier-Duberry,amario-cozier-duberry,England,GB,Brighton & Hove Albion FC,PREMIER_LEAGUE,Forward,FORWARD,2005-05-29,,,true,50,,https://crests.football-data.org/397.png
Ibrahim Osman,ibrahim-osman,Ghana,GH,Brighton & Hove Albion FC,PREMIER_LEAGUE,Forward,FORWARD,2004-12-14,,,true,50,,https://crests.football-data.org/397.png
Stefanos Tzimas,stefanos-tzimas,Greece,GR,Brighton & Hove Albion FC,PREMIER_LEAGUE,Forward,FORWARD,2006-01-06,,,true,50,,https://crests.football-data.org/397.png
Promise Akinpelu,promise-akinpelu,Canada,CA,Brighton & Hove Albion FC,PREMIER_LEAGUE,Forward,FORWARD,2001-07-03,,,true,50,,https://crests.football-data.org/397.png
Charalampos Kostoulas,charalampos-kostoulas,Greece,GR,Brighton & Hove Albion FC,PREMIER_LEAGUE,Forward,FORWARD,2007-05-30,,,true,50,,https://crests.football-data.org/397.png
Zadok Yohanna,zadok-yohanna,Nigeria,NG,Brighton & Hove Albion FC,PREMIER_LEAGUE,Forward,FORWARD,2007-06-29,,,true,50,,https://crests.football-data.org/397.png
Rodrigo Rêgo,rodrigo-rego,Portugal,PT,Brighton & Hove Albion FC,PREMIER_LEAGUE,Forward,FORWARD,2005-01-03,,,true,50,,https://crests.football-data.org/397.png
Ellery Balcombe,ellery-balcombe,England,GB,Brentford FC,PREMIER_LEAGUE,Goalkeeper,GOALKEEPER,1999-10-15,,,true,50,,https://crests.football-data.org/402.png
Caoimhin Kelleher,caoimhin-kelleher,Ireland,IE,Brentford FC,PREMIER_LEAGUE,Goalkeeper,GOALKEEPER,1998-11-23,,,true,50,,https://crests.football-data.org/402.png
Hákon Rafn Valdimarsson,hakon-rafn-valdimarsson,Iceland,IS,Brentford FC,PREMIER_LEAGUE,Goalkeeper,GOALKEEPER,2001-10-13,,,true,50,,https://crests.football-data.org/402.png
Matthew Cox,matthew-cox,England,GB,Brentford FC,PREMIER_LEAGUE,Goalkeeper,GOALKEEPER,2003-05-02,,,true,50,,https://crests.football-data.org/402.png
Julian Eyestone,julian-eyestone,USA,US,Brentford FC,PREMIER_LEAGUE,Goalkeeper,GOALKEEPER,2006-04-21,,,true,50,,https://crests.football-data.org/402.png
Ethan Pinnock,ethan-pinnock,Jamaica,JM,Brentford FC,PREMIER_LEAGUE,Defender,DEFENDER,1993-05-29,,,true,50,,https://crests.football-data.org/402.png
Rico Henry,rico-henry,Jamaica,JM,Brentford FC,PREMIER_LEAGUE,Defender,DEFENDER,1997-07-08,,,true,50,,https://crests.football-data.org/402.png
Sepp van den Berg,sepp-van-den-berg,Netherlands,NL,Brentford FC,PREMIER_LEAGUE,Defender,DEFENDER,2001-12-20,,,true,50,,https://crests.football-data.org/402.png
Kristoffer Ajer,kristoffer-ajer,Norway,NO,Brentford FC,PREMIER_LEAGUE,Defender,DEFENDER,1998-04-17,,,true,50,,https://crests.football-data.org/402.png
Aaron Hickey,aaron-hickey,Scotland,GB,Brentford FC,PREMIER_LEAGUE,Defender,DEFENDER,2002-01-01,,,true,50,,https://crests.football-data.org/402.png
Nathan Collins,nathan-collins,Ireland,IE,Brentford FC,PREMIER_LEAGUE,Defender,DEFENDER,2001-04-30,,,true,50,,https://crests.football-data.org/402.png
El Hadji Malick Diouf,el-hadji-malick-diouf,Senegal,SN,Brentford FC,PREMIER_LEAGUE,Defender,DEFENDER,2004-12-28,,,true,50,,https://crests.football-data.org/402.png
Michael Kayode,michael-kayode,Italy,IT,Brentford FC,PREMIER_LEAGUE,Defender,DEFENDER,2004-07-10,,,true,50,,https://crests.football-data.org/402.png
Jayden Meghoma,jayden-meghoma,England,GB,Brentford FC,PREMIER_LEAGUE,Defender,DEFENDER,2006-06-28,,,true,50,,https://crests.football-data.org/402.png
Ji-soo Kim,ji-soo-kim,South Korea,KR,Brentford FC,PREMIER_LEAGUE,Defender,DEFENDER,2004-12-24,,,true,50,,https://crests.football-data.org/402.png
Jannik Schuster,jannik-schuster,Austria,AT,Brentford FC,PREMIER_LEAGUE,Defender,DEFENDER,2006-05-16,,,true,50,,https://crests.football-data.org/402.png
Benjamin Fredrick,benjamin-fredrick,Nigeria,NG,Brentford FC,PREMIER_LEAGUE,Defender,DEFENDER,2005-05-28,,,true,50,,https://crests.football-data.org/402.png
Benjamin Arthur,benjamin-arthur,England,GB,Brentford FC,PREMIER_LEAGUE,Defender,DEFENDER,2005-10-09,,,true,50,,https://crests.football-data.org/402.png
Jordan Henderson,jordan-henderson-1,England,GB,Brentford FC,PREMIER_LEAGUE,Midfielder,MIDFIELDER,1990-06-17,,,true,50,,https://crests.football-data.org/402.png
Josh Dasilva,josh-dasilva,England,GB,Brentford FC,PREMIER_LEAGUE,Midfielder,MIDFIELDER,1998-10-23,,,true,50,,https://crests.football-data.org/402.png
Vitaly Janelt,vitaly-janelt,Germany,DE,Brentford FC,PREMIER_LEAGUE,Midfielder,MIDFIELDER,1998-05-10,,,true,50,,https://crests.football-data.org/402.png
Mathias Jensen,mathias-jensen,Denmark,DK,Brentford FC,PREMIER_LEAGUE,Midfielder,MIDFIELDER,1996-01-01,,,true,50,,https://crests.football-data.org/402.png
Mikkel Damsgaard,mikkel-damsgaard,Denmark,DK,Brentford FC,PREMIER_LEAGUE,Midfielder,MIDFIELDER,2000-07-03,,,true,50,,https://crests.football-data.org/402.png
Keane Lewis-Potter,keane-lewis-potter,England,GB,Brentford FC,PREMIER_LEAGUE,Midfielder,MIDFIELDER,2001-02-22,,,true,50,,https://crests.football-data.org/402.png
Mamadou Sangare,mamadou-sangare,Mali,ML,Brentford FC,PREMIER_LEAGUE,Midfielder,MIDFIELDER,2002-06-26,,,true,50,,https://crests.football-data.org/402.png
Fabio Carvalho,fabio-carvalho,Portugal,PT,Brentford FC,PREMIER_LEAGUE,Midfielder,MIDFIELDER,2002-08-30,,,true,50,,https://crests.football-data.org/402.png
Antoni Milambo,antoni-milambo,Netherlands,NL,Brentford FC,PREMIER_LEAGUE,Midfielder,MIDFIELDER,2005-04-03,,,true,50,,https://crests.football-data.org/402.png
Yegor Yarmolyuk,yegor-yarmolyuk,Ukraine,UA,Brentford FC,PREMIER_LEAGUE,Midfielder,MIDFIELDER,2004-03-01,,,true,50,,https://crests.football-data.org/402.png
Callum Wilson,callum-wilson,England,GB,Brentford FC,PREMIER_LEAGUE,Forward,FORWARD,1992-02-27,,,true,50,,https://crests.football-data.org/402.png
Kevin Schade,kevin-schade,Germany,DE,Brentford FC,PREMIER_LEAGUE,Forward,FORWARD,2001-11-27,,,true,50,,https://crests.football-data.org/402.png
Thiago,thiago,Brazil,BR,Brentford FC,PREMIER_LEAGUE,Forward,FORWARD,2001-06-26,,,true,50,,https://crests.football-data.org/402.png
Jaidon Anthony,jaidon-anthony,England,GB,Brentford FC,PREMIER_LEAGUE,Forward,FORWARD,1999-12-01,,,true,50,,https://crests.football-data.org/402.png
Dango Ouattara,dango-ouattara,Burkina Faso,BF,Brentford FC,PREMIER_LEAGUE,Forward,FORWARD,2002-02-11,,,true,50,,https://crests.football-data.org/402.png
Gustavo Gomes,gustavo-gomes,Brazil,BR,Brentford FC,PREMIER_LEAGUE,Forward,FORWARD,2005-11-20,,,true,50,,https://crests.football-data.org/402.png
Kaye Furo,kaye-furo,Belgium,BE,Brentford FC,PREMIER_LEAGUE,Forward,FORWARD,2007-02-06,,,true,50,,https://crests.football-data.org/402.png
Fraser Forster,fraser-forster,England,GB,AFC Bournemouth,PREMIER_LEAGUE,Goalkeeper,GOALKEEPER,1988-03-17,,,true,50,,https://crests.football-data.org/bournemouth.png
Michele Di Gregorio,michele-di-gregorio,Italy,IT,AFC Bournemouth,PREMIER_LEAGUE,Goalkeeper,GOALKEEPER,1997-07-27,,,true,50,,https://crests.football-data.org/bournemouth.png
Đorđe Petrović,or-e-petrovic,Serbia,RS,AFC Bournemouth,PREMIER_LEAGUE,Goalkeeper,GOALKEEPER,1999-10-08,,,true,50,,https://crests.football-data.org/bournemouth.png
Will Dennis,will-dennis,England,GB,AFC Bournemouth,PREMIER_LEAGUE,Goalkeeper,GOALKEEPER,2000-07-10,,,true,50,,https://crests.football-data.org/bournemouth.png
Adam Smith,adam-smith,England,GB,AFC Bournemouth,PREMIER_LEAGUE,Defender,DEFENDER,1991-04-29,,,true,50,,https://crests.football-data.org/bournemouth.png
Max Aarons,max-aarons,England,GB,AFC Bournemouth,PREMIER_LEAGUE,Defender,DEFENDER,2000-01-04,,,true,50,,https://crests.football-data.org/bournemouth.png
James Hill,james-hill,England,GB,AFC Bournemouth,PREMIER_LEAGUE,Defender,DEFENDER,2002-01-10,,,true,50,,https://crests.football-data.org/bournemouth.png
Bafodé Diakité,bafode-diakite,France,FR,AFC Bournemouth,PREMIER_LEAGUE,Defender,DEFENDER,2001-01-06,,,true,50,,https://crests.football-data.org/bournemouth.png
Julian Araujo,julian-araujo,USA,US,AFC Bournemouth,PREMIER_LEAGUE,Defender,DEFENDER,2001-08-13,,,true,50,,https://crests.football-data.org/bournemouth.png
Adrien Truffert,adrien-truffert,France,FR,AFC Bournemouth,PREMIER_LEAGUE,Defender,DEFENDER,2001-11-20,,,true,50,,https://crests.football-data.org/bournemouth.png
Juanlu,juanlu,Spain,ES,AFC Bournemouth,PREMIER_LEAGUE,Defender,DEFENDER,2003-08-15,,,true,50,,https://crests.football-data.org/bournemouth.png
Julio Soler,julio-soler,Argentina,AR,AFC Bournemouth,PREMIER_LEAGUE,Defender,DEFENDER,2005-02-16,,,true,50,,https://crests.football-data.org/bournemouth.png
Antonio Silva,antonio-silva,Portugal,PT,AFC Bournemouth,PREMIER_LEAGUE,Defender,DEFENDER,2003-10-31,,,true,50,,https://crests.football-data.org/bournemouth.png
Matai Akinmboni,matai-akinmboni,USA,US,AFC Bournemouth,PREMIER_LEAGUE,Defender,DEFENDER,2006-10-17,,,true,50,,https://crests.football-data.org/bournemouth.png
Veljko Milosavljević,veljko-milosavljevic,Serbia,RS,AFC Bournemouth,PREMIER_LEAGUE,Defender,DEFENDER,2007-06-28,,,true,50,,https://crests.football-data.org/bournemouth.png
Lewis Cook,lewis-cook,England,GB,AFC Bournemouth,PREMIER_LEAGUE,Midfielder,MIDFIELDER,1997-02-03,,,true,50,,https://crests.football-data.org/bournemouth.png
Marcus Tavernier,marcus-tavernier,England,GB,AFC Bournemouth,PREMIER_LEAGUE,Midfielder,MIDFIELDER,1999-03-22,,,true,50,,https://crests.football-data.org/bournemouth.png
Justin Kluivert,justin-kluivert,Netherlands,NL,AFC Bournemouth,PREMIER_LEAGUE,Midfielder,MIDFIELDER,1999-05-05,,,true,50,,https://crests.football-data.org/bournemouth.png
Ryan Christie,ryan-christie,Scotland,GB,AFC Bournemouth,PREMIER_LEAGUE,Midfielder,MIDFIELDER,1995-02-22,,,true,50,,https://crests.football-data.org/bournemouth.png
Tyler Adams,tyler-adams,USA,US,AFC Bournemouth,PREMIER_LEAGUE,Midfielder,MIDFIELDER,1999-02-14,,,true,50,,https://crests.football-data.org/bournemouth.png
Alex Scott,alex-scott,England,GB,AFC Bournemouth,PREMIER_LEAGUE,Midfielder,MIDFIELDER,2003-08-21,,,true,50,,https://crests.football-data.org/bournemouth.png
Alex Toth,alex-toth,Hungary,HU,AFC Bournemouth,PREMIER_LEAGUE,Midfielder,MIDFIELDER,2005-10-23,,,true,50,,https://crests.football-data.org/bournemouth.png
Ben Winterburn,ben-winterburn,England,GB,AFC Bournemouth,PREMIER_LEAGUE,Midfielder,MIDFIELDER,2004-09-04,,,true,50,,https://crests.football-data.org/bournemouth.png
David Brooks,david-brooks,Wales,GB,AFC Bournemouth,PREMIER_LEAGUE,Forward,FORWARD,1997-07-08,,,true,50,,https://crests.football-data.org/bournemouth.png
Enes Ünal,enes-unal,Turkey,TR,AFC Bournemouth,PREMIER_LEAGUE,Forward,FORWARD,1997-05-10,,,true,50,,https://crests.football-data.org/bournemouth.png
Evanilson,evanilson,Brazil,BR,AFC Bournemouth,PREMIER_LEAGUE,Forward,FORWARD,1999-10-06,,,true,50,,https://crests.football-data.org/bournemouth.png
Amine Adli,amine-adli,Morocco,MA,AFC Bournemouth,PREMIER_LEAGUE,Forward,FORWARD,2000-05-10,,,true,50,,https://crests.football-data.org/bournemouth.png
Daniel Jebbison,daniel-jebbison,Canada,CA,AFC Bournemouth,PREMIER_LEAGUE,Forward,FORWARD,2003-07-11,,,true,50,,https://crests.football-data.org/bournemouth.png
Ben Doak,ben-doak,Scotland,GB,AFC Bournemouth,PREMIER_LEAGUE,Forward,FORWARD,2005-11-11,,,true,50,,https://crests.football-data.org/bournemouth.png
Alvaro Rodriguez,alvaro-rodriguez,Spain,ES,AFC Bournemouth,PREMIER_LEAGUE,Forward,FORWARD,2004-07-14,,,true,50,,https://crests.football-data.org/bournemouth.png
Rayan,rayan,Brazil,BR,AFC Bournemouth,PREMIER_LEAGUE,Forward,FORWARD,2006-08-03,,,true,50,,https://crests.football-data.org/bournemouth.png
Eli Kroupi,eli-kroupi,France,FR,AFC Bournemouth,PREMIER_LEAGUE,Forward,FORWARD,2006-06-23,,,true,50,,https://crests.football-data.org/bournemouth.png
Daniel Bentley,daniel-bentley,England,GB,Coventry City FC,PREMIER_LEAGUE,Goalkeeper,GOALKEEPER,1993-07-13,,,true,50,,https://crests.football-data.org/1076.png
Ben Wilson,ben-wilson,England,GB,Coventry City FC,PREMIER_LEAGUE,Goalkeeper,GOALKEEPER,1992-08-09,,,true,50,,https://crests.football-data.org/1076.png
Oliver Dovin,oliver-dovin,Sweden,SE,Coventry City FC,PREMIER_LEAGUE,Goalkeeper,GOALKEEPER,2002-07-11,,,true,50,,https://crests.football-data.org/1076.png
Carl Rushworth,carl-rushworth-1,England,GB,Coventry City FC,PREMIER_LEAGUE,Goalkeeper,GOALKEEPER,2001-07-02,,,true,50,,https://crests.football-data.org/1076.png
Jake Bidwell,jake-bidwell,England,GB,Coventry City FC,PREMIER_LEAGUE,Defender,DEFENDER,1993-03-21,,,true,50,,https://crests.football-data.org/1076.png
Luke Woolfenden,luke-woolfenden,England,GB,Coventry City FC,PREMIER_LEAGUE,Defender,DEFENDER,1998-10-21,,,true,50,,https://crests.football-data.org/1076.png
Ethan Pinnock,ethan-pinnock-1,Jamaica,JM,Coventry City FC,PREMIER_LEAGUE,Defender,DEFENDER,1993-05-29,,,true,50,,https://crests.football-data.org/1076.png
Jay Dasilva,jay-dasilva,Wales,GB,Coventry City FC,PREMIER_LEAGUE,Defender,DEFENDER,1998-04-22,,,true,50,,https://crests.football-data.org/1076.png
Liam Kitching,liam-kitching,England,GB,Coventry City FC,PREMIER_LEAGUE,Defender,DEFENDER,1999-10-01,,,true,50,,https://crests.football-data.org/1076.png
Milan van Ewijk,milan-van-ewijk,Netherlands,NL,Coventry City FC,PREMIER_LEAGUE,Defender,DEFENDER,2000-09-08,,,true,50,,https://crests.football-data.org/1076.png
Joel Latibeaudiere,joel-latibeaudiere,Jamaica,JM,Coventry City FC,PREMIER_LEAGUE,Defender,DEFENDER,2000-01-06,,,true,50,,https://crests.football-data.org/1076.png
Bobby Thomas,bobby-thomas,England,GB,Coventry City FC,PREMIER_LEAGUE,Defender,DEFENDER,2001-01-30,,,true,50,,https://crests.football-data.org/1076.png
Aurele Amenda,aurele-amenda,Switzerland,CH,Coventry City FC,PREMIER_LEAGUE,Defender,DEFENDER,2003-07-31,,,true,50,,https://crests.football-data.org/1076.png
Kaine Kesler,kaine-kesler,England,GB,Coventry City FC,PREMIER_LEAGUE,Defender,DEFENDER,2002-10-23,,,true,50,,https://crests.football-data.org/1076.png
Miguel Angel Brau,miguel-angel-brau,Spain,ES,Coventry City FC,PREMIER_LEAGUE,Defender,DEFENDER,2001-12-27,,,true,50,,https://crests.football-data.org/1076.png
Stephen Mfuni,stephen-mfuni,England,GB,Coventry City FC,PREMIER_LEAGUE,Defender,DEFENDER,2008-02-12,,,true,50,,https://crests.football-data.org/1076.png
Matt Grimes,matt-grimes,England,GB,Coventry City FC,PREMIER_LEAGUE,Midfielder,MIDFIELDER,1995-07-15,,,true,50,,https://crests.football-data.org/1076.png
Gustavo Hamer,gustavo-hamer,Netherlands,NL,Coventry City FC,PREMIER_LEAGUE,Midfielder,MIDFIELDER,1997-06-24,,,true,50,,https://crests.football-data.org/1076.png
Victor Torp,victor-torp,Denmark,DK,Coventry City FC,PREMIER_LEAGUE,Midfielder,MIDFIELDER,1999-07-30,,,true,50,,https://crests.football-data.org/1076.png
Frank Onyeka,frank-onyeka,Nigeria,NG,Coventry City FC,PREMIER_LEAGUE,Midfielder,MIDFIELDER,1998-01-01,,,true,50,,https://crests.football-data.org/1076.png
Josh Eccles,josh-eccles,England,GB,Coventry City FC,PREMIER_LEAGUE,Midfielder,MIDFIELDER,2000-04-06,,,true,50,,https://crests.football-data.org/1076.png
Jack Rudoni,jack-rudoni,England,GB,Coventry City FC,PREMIER_LEAGUE,Midfielder,MIDFIELDER,2001-06-14,,,true,50,,https://crests.football-data.org/1076.png
Caleb Yirenkyi,caleb-yirenkyi,Ghana,GH,Coventry City FC,PREMIER_LEAGUE,Midfielder,MIDFIELDER,2006-01-15,,,true,50,,https://crests.football-data.org/1076.png
Ephron Mason-Clark,ephron-mason-clark,England,GB,Coventry City FC,PREMIER_LEAGUE,Forward,FORWARD,1999-08-25,,,true,50,,https://crests.football-data.org/1076.png
Brandon Thomas-Asante,brandon-thomas-asante,Ghana,GH,Coventry City FC,PREMIER_LEAGUE,Forward,FORWARD,1998-12-29,,,true,50,,https://crests.football-data.org/1076.png
Taiwo Awoniyi,taiwo-awoniyi-1,Nigeria,NG,Coventry City FC,PREMIER_LEAGUE,Forward,FORWARD,1997-08-12,,,true,50,,https://crests.football-data.org/1076.png
Haji Wright,haji-wright,USA,US,Coventry City FC,PREMIER_LEAGUE,Forward,FORWARD,1998-03-27,,,true,50,,https://crests.football-data.org/1076.png
Tatsuhiro Sakamoto,tatsuhiro-sakamoto,Japan,JP,Coventry City FC,PREMIER_LEAGUE,Forward,FORWARD,1996-10-22,,,true,50,,https://crests.football-data.org/1076.png
Raphael Borges Rodrigues,raphael-borges-rodrigues,Australia,AU,Coventry City FC,PREMIER_LEAGUE,Forward,FORWARD,2003-09-11,,,true,50,,https://crests.football-data.org/1076.png
Ellis Simms,ellis-simms,England,GB,Coventry City FC,PREMIER_LEAGUE,Forward,FORWARD,2001-01-05,,,true,50,,https://crests.football-data.org/1076.png
Loum Tchaouna,loum-tchaouna,France,FR,Coventry City FC,PREMIER_LEAGUE,Forward,FORWARD,2003-09-08,,,true,50,,https://crests.football-data.org/1076.png
Norman Bassette,norman-bassette,Belgium,BE,Coventry City FC,PREMIER_LEAGUE,Forward,FORWARD,2004-11-11,,,true,50,,https://crests.football-data.org/1076.png
Jahnoah Markelo,jahnoah-markelo,Suriname,SR,Coventry City FC,PREMIER_LEAGUE,Forward,FORWARD,2003-01-04,,,true,50,,https://crests.football-data.org/1076.png
Sidiki Cherif,sidiki-cherif,Guinea,GN,Coventry City FC,PREMIER_LEAGUE,Forward,FORWARD,2006-12-15,,,true,50,,https://crests.football-data.org/1076.png
Unai Simón,unai-simon,Spain,ES,Athletic Club,LA_LIGA,Goalkeeper,GOALKEEPER,1997-06-11,,,true,50,,https://crests.football-data.org/77.png
Julen Agirrezabala,julen-agirrezabala,Spain,ES,Athletic Club,LA_LIGA,Goalkeeper,GOALKEEPER,2000-12-26,,,true,50,,https://crests.football-data.org/77.png
Álex Padilla,alex-padilla,Spain,ES,Athletic Club,LA_LIGA,Goalkeeper,GOALKEEPER,2003-09-01,,,true,50,,https://crests.football-data.org/77.png
Aymeric Laporte,aymeric-laporte,Spain,ES,Athletic Club,LA_LIGA,Defender,DEFENDER,1994-05-27,,,true,50,,https://crests.football-data.org/77.png
Yuri Berchiche,yuri-berchiche,Spain,ES,Athletic Club,LA_LIGA,Defender,DEFENDER,1990-02-10,,,true,50,,https://crests.football-data.org/77.png
Yeray Álvarez,yeray-alvarez,Spain,ES,Athletic Club,LA_LIGA,Defender,DEFENDER,1995-01-24,,,true,50,,https://crests.football-data.org/77.png
Daniel Vivian,daniel-vivian,Spain,ES,Athletic Club,LA_LIGA,Defender,DEFENDER,1999-07-05,,,true,50,,https://crests.football-data.org/77.png
Andoni Gorosabel,andoni-gorosabel,Spain,ES,Athletic Club,LA_LIGA,Defender,DEFENDER,1996-08-04,,,true,50,,https://crests.football-data.org/77.png
Jesús Areso,jesus-areso,Spain,ES,Athletic Club,LA_LIGA,Defender,DEFENDER,1999-07-02,,,true,50,,https://crests.football-data.org/77.png
Aitor Paredes Casamichana,aitor-paredes-casamichana,Spain,ES,Athletic Club,LA_LIGA,Defender,DEFENDER,2000-04-29,,,true,50,,https://crests.football-data.org/77.png
Hugo Rincón,hugo-rincon,Spain,ES,Athletic Club,LA_LIGA,Defender,DEFENDER,2003-01-27,,,true,50,,https://crests.football-data.org/77.png
Adama Boiro,adama-boiro,Spain,ES,Athletic Club,LA_LIGA,Defender,DEFENDER,2002-06-22,,,true,50,,https://crests.football-data.org/77.png
Unai Egiluz,unai-egiluz,Spain,ES,Athletic Club,LA_LIGA,Defender,DEFENDER,2002-03-19,,,true,50,,https://crests.football-data.org/77.png
Ruiz de Galarreta,ruiz-de-galarreta,Spain,ES,Athletic Club,LA_LIGA,Midfielder,MIDFIELDER,1993-08-06,,,true,50,,https://crests.football-data.org/77.png
Oihan Sancet,oihan-sancet,Spain,ES,Athletic Club,LA_LIGA,Midfielder,MIDFIELDER,2000-04-25,,,true,50,,https://crests.football-data.org/77.png
Unai Vencedor Paris,unai-vencedor-paris,Spain,ES,Athletic Club,LA_LIGA,Midfielder,MIDFIELDER,2000-11-15,,,true,50,,https://crests.football-data.org/77.png
Benat Prados,benat-prados,Spain,ES,Athletic Club,LA_LIGA,Midfielder,MIDFIELDER,2001-02-08,,,true,50,,https://crests.football-data.org/77.png
Mikel Jauregizar,mikel-jauregizar,Spain,ES,Athletic Club,LA_LIGA,Midfielder,MIDFIELDER,2003-11-13,,,true,50,,https://crests.football-data.org/77.png
Peio Canales,peio-canales,Spain,ES,Athletic Club,LA_LIGA,Midfielder,MIDFIELDER,2005-01-17,,,true,50,,https://crests.football-data.org/77.png
Alejandro Rego,alejandro-rego,Spain,ES,Athletic Club,LA_LIGA,Midfielder,MIDFIELDER,2003-06-11,,,true,50,,https://crests.football-data.org/77.png
Beñat Gerenabarrena,benat-gerenabarrena,Spain,ES,Athletic Club,LA_LIGA,Midfielder,MIDFIELDER,2003-03-29,,,true,50,,https://crests.football-data.org/77.png
Selton Sánchez,selton-sanchez,Spain,ES,Athletic Club,LA_LIGA,Midfielder,MIDFIELDER,2007-02-20,,,true,50,,https://crests.football-data.org/77.png
Álex Berenguer,alex-berenguer,Spain,ES,Athletic Club,LA_LIGA,Forward,FORWARD,1995-07-04,,,true,50,,https://crests.football-data.org/77.png
Iñaki Williams,inaki-williams,Ghana,GH,Athletic Club,LA_LIGA,Forward,FORWARD,1994-06-15,,,true,50,,https://crests.football-data.org/77.png
Gorka Guruzeta,gorka-guruzeta,Spain,ES,Athletic Club,LA_LIGA,Forward,FORWARD,1996-09-12,,,true,50,,https://crests.football-data.org/77.png
Roberto Navarro,roberto-navarro,Spain,ES,Athletic Club,LA_LIGA,Forward,FORWARD,2002-04-12,,,true,50,,https://crests.football-data.org/77.png
Nico Williams,nico-williams,Spain,ES,Athletic Club,LA_LIGA,Forward,FORWARD,2002-07-12,,,true,50,,https://crests.football-data.org/77.png
Nico Serrano,nico-serrano,Spain,ES,Athletic Club,LA_LIGA,Forward,FORWARD,2003-03-05,,,true,50,,https://crests.football-data.org/77.png
Álvaro Djaló,alvaro-djalo,Spain,ES,Athletic Club,LA_LIGA,Forward,FORWARD,1999-08-16,,,true,50,,https://crests.football-data.org/77.png
Sannadi,sannadi,Spain,ES,Athletic Club,LA_LIGA,Forward,FORWARD,2001-02-01,,,true,50,,https://crests.football-data.org/77.png
Jan Oblak,jan-oblak,Slovenia,SI,Club Atlético de Madrid,LA_LIGA,Goalkeeper,GOALKEEPER,1993-01-07,,,true,50,,https://crests.football-data.org/78.png
Juan Musso,juan-musso,Argentina,AR,Club Atlético de Madrid,LA_LIGA,Goalkeeper,GOALKEEPER,1994-05-06,,,true,50,,https://crests.football-data.org/78.png
Marcos Llorente,marcos-llorente,Spain,ES,Club Atlético de Madrid,LA_LIGA,Defender,DEFENDER,1995-01-30,,,true,50,,https://crests.football-data.org/78.png
Dávid Hancko,david-hancko,Slovakia,SK,Club Atlético de Madrid,LA_LIGA,Defender,DEFENDER,1997-12-13,,,true,50,,https://crests.football-data.org/78.png
Alejandro Grimaldo,alejandro-grimaldo,Spain,ES,Club Atlético de Madrid,LA_LIGA,Defender,DEFENDER,1995-09-20,,,true,50,,https://crests.football-data.org/78.png
Christian Romero,christian-romero-1,Argentina,AR,Club Atlético de Madrid,LA_LIGA,Defender,DEFENDER,1998-04-27,,,true,50,,https://crests.football-data.org/78.png
Nahuel Molina,nahuel-molina,Argentina,AR,Club Atlético de Madrid,LA_LIGA,Defender,DEFENDER,1998-04-06,,,true,50,,https://crests.football-data.org/78.png
Robin Le Normand,robin-le-normand,France,FR,Club Atlético de Madrid,LA_LIGA,Defender,DEFENDER,1996-11-11,,,true,50,,https://crests.football-data.org/78.png
Matteo Ruggeri,matteo-ruggeri-1,Italy,IT,Club Atlético de Madrid,LA_LIGA,Defender,DEFENDER,2002-07-11,,,true,50,,https://crests.football-data.org/78.png
Marc Pubill,marc-pubill,Spain,ES,Club Atlético de Madrid,LA_LIGA,Defender,DEFENDER,2003-06-20,,,true,50,,https://crests.football-data.org/78.png
José Giménez,jose-gimenez,Uruguay,UY,Club Atlético de Madrid,LA_LIGA,Defender,DEFENDER,1995-01-20,,,true,50,,https://crests.football-data.org/78.png
Daniel Martínez,daniel-martinez,Spain,ES,Club Atlético de Madrid,LA_LIGA,Defender,DEFENDER,2004-05-05,,,true,50,,https://crests.football-data.org/78.png
Jorge Domínguez,jorge-dominguez,Spain,ES,Club Atlético de Madrid,LA_LIGA,Defender,DEFENDER,2009-12-21,,,true,50,,https://crests.football-data.org/78.png
Koke,koke,Spain,ES,Club Atlético de Madrid,LA_LIGA,Midfielder,MIDFIELDER,1992-01-08,,,true,50,,https://crests.football-data.org/78.png
Thomas Lemar,thomas-lemar,Guadeloupe,XX,Club Atlético de Madrid,LA_LIGA,Midfielder,MIDFIELDER,1995-11-12,,,true,50,,https://crests.football-data.org/78.png
Morten Hjulmand,morten-hjulmand,Denmark,DK,Club Atlético de Madrid,LA_LIGA,Midfielder,MIDFIELDER,1999-06-25,,,true,50,,https://crests.football-data.org/78.png
Johnny,johnny,USA,US,Club Atlético de Madrid,LA_LIGA,Midfielder,MIDFIELDER,2001-09-20,,,true,50,,https://crests.football-data.org/78.png
Obed Vargas,obed-vargas,USA,US,Club Atlético de Madrid,LA_LIGA,Midfielder,MIDFIELDER,2005-08-05,,,true,50,,https://crests.football-data.org/78.png
Rodrigo Mendoza,rodrigo-mendoza,Spain,ES,Club Atlético de Madrid,LA_LIGA,Midfielder,MIDFIELDER,2005-03-15,,,true,50,,https://crests.football-data.org/78.png
Pablo Barrios,pablo-barrios,Spain,ES,Club Atlético de Madrid,LA_LIGA,Midfielder,MIDFIELDER,2003-06-15,,,true,50,,https://crests.football-data.org/78.png
Kang-in Lee,kang-in-lee,South Korea,KR,Club Atlético de Madrid,LA_LIGA,Midfielder,MIDFIELDER,2001-02-19,,,true,50,,https://crests.football-data.org/78.png
Alexander Sørloth,alexander-s-rloth,Norway,NO,Club Atlético de Madrid,LA_LIGA,Forward,FORWARD,1995-12-05,,,true,50,,https://crests.football-data.org/78.png
Ademola Lookman,ademola-lookman,England,GB,Club Atlético de Madrid,LA_LIGA,Forward,FORWARD,1997-10-20,,,true,50,,https://crests.football-data.org/78.png
Julián Álvarez,julian-alvarez,Argentina,AR,Club Atlético de Madrid,LA_LIGA,Forward,FORWARD,2000-01-31,,,true,50,,https://crests.football-data.org/78.png
Alejandro Baena,alejandro-baena,Spain,ES,Club Atlético de Madrid,LA_LIGA,Forward,FORWARD,2001-07-20,,,true,50,,https://crests.football-data.org/78.png
Giuliano Simeone,giuliano-simeone,Argentina,AR,Club Atlético de Madrid,LA_LIGA,Forward,FORWARD,2002-12-18,,,true,50,,https://crests.football-data.org/78.png
Arnau Ortiz,arnau-ortiz,Spain,ES,Club Atlético de Madrid,LA_LIGA,Forward,FORWARD,2001-10-29,,,true,50,,https://crests.football-data.org/78.png
Carlos Martin,carlos-martin,Spain,ES,Club Atlético de Madrid,LA_LIGA,Forward,FORWARD,2002-04-22,,,true,50,,https://crests.football-data.org/78.png
Sergio Herrera,sergio-herrera,Spain,ES,CA Osasuna,LA_LIGA,Goalkeeper,GOALKEEPER,1993-06-05,,,true,50,,https://crests.football-data.org/79.png
Aitor Fernández,aitor-fernandez,Spain,ES,CA Osasuna,LA_LIGA,Goalkeeper,GOALKEEPER,1991-05-03,,,true,50,,https://crests.football-data.org/79.png
Diego Rico,diego-rico,Spain,ES,CA Osasuna,LA_LIGA,Defender,DEFENDER,1993-02-23,,,true,50,,https://crests.football-data.org/79.png
Valentin Rosier,valentin-rosier,France,FR,CA Osasuna,LA_LIGA,Defender,DEFENDER,1996-08-19,,,true,50,,https://crests.football-data.org/79.png
Catena,catena,Spain,ES,CA Osasuna,LA_LIGA,Defender,DEFENDER,1994-10-28,,,true,50,,https://crests.football-data.org/79.png
Flavien Boyomo,flavien-boyomo,Cameroon,CM,CA Osasuna,LA_LIGA,Defender,DEFENDER,2001-10-07,,,true,50,,https://crests.football-data.org/79.png
Jorge Herrando,jorge-herrando,Spain,ES,CA Osasuna,LA_LIGA,Defender,DEFENDER,2001-02-28,,,true,50,,https://crests.football-data.org/79.png
Abel Bretones,abel-bretones,Spain,ES,CA Osasuna,LA_LIGA,Defender,DEFENDER,2000-08-21,,,true,50,,https://crests.football-data.org/79.png
Rockson Yeboah,rockson-yeboah,Ghana,GH,CA Osasuna,LA_LIGA,Defender,DEFENDER,2004-08-02,,,true,50,,https://crests.football-data.org/79.png
Iñigo Arguibide,inigo-arguibide,Spain,ES,CA Osasuna,LA_LIGA,Defender,DEFENDER,2005-04-19,,,true,50,,https://crests.football-data.org/79.png
Lucas Torró,lucas-torro,Spain,ES,CA Osasuna,LA_LIGA,Midfielder,MIDFIELDER,1994-07-19,,,true,50,,https://crests.football-data.org/79.png
Moi Gómez,moi-gomez,Spain,ES,CA Osasuna,LA_LIGA,Midfielder,MIDFIELDER,1994-06-23,,,true,50,,https://crests.football-data.org/79.png
Jon Moncayola,jon-moncayola,Spain,ES,CA Osasuna,LA_LIGA,Midfielder,MIDFIELDER,1998-05-13,,,true,50,,https://crests.football-data.org/79.png
Aimar Oroz,aimar-oroz,Spain,ES,CA Osasuna,LA_LIGA,Midfielder,MIDFIELDER,2001-11-27,,,true,50,,https://crests.football-data.org/79.png
Iker Munoz,iker-munoz,Spain,ES,CA Osasuna,LA_LIGA,Midfielder,MIDFIELDER,2002-11-05,,,true,50,,https://crests.football-data.org/79.png
Asier Osambela,asier-osambela,Spain,ES,CA Osasuna,LA_LIGA,Midfielder,MIDFIELDER,2004-02-08,,,true,50,,https://crests.football-data.org/79.png
Ante Budimir,ante-budimir,Croatia,HR,CA Osasuna,LA_LIGA,Forward,FORWARD,1991-07-22,,,true,50,,https://crests.football-data.org/79.png
Kike Barja,kike-barja,Spain,ES,CA Osasuna,LA_LIGA,Forward,FORWARD,1997-04-04,,,true,50,,https://crests.football-data.org/79.png
Rubén García,ruben-garcia,Spain,ES,CA Osasuna,LA_LIGA,Forward,FORWARD,1993-07-14,,,true,50,,https://crests.football-data.org/79.png
Raúl,raul,Spain,ES,CA Osasuna,LA_LIGA,Forward,FORWARD,2000-11-03,,,true,50,,https://crests.football-data.org/79.png
Raúl Moro,raul-moro,Spain,ES,CA Osasuna,LA_LIGA,Forward,FORWARD,2002-12-05,,,true,50,,https://crests.football-data.org/79.png
Jonathan Dubasin,jonathan-dubasin,Spain,ES,CA Osasuna,LA_LIGA,Forward,FORWARD,2000-02-02,,,true,50,,https://crests.football-data.org/79.png
Iker Benito,iker-benito,Spain,ES,CA Osasuna,LA_LIGA,Forward,FORWARD,2002-08-10,,,true,50,,https://crests.football-data.org/79.png
Marko Dmitrović,marko-dmitrovic,Serbia,RS,RCD Espanyol de Barcelona,LA_LIGA,Goalkeeper,GOALKEEPER,1992-01-24,,,true,50,,https://crests.football-data.org/80.png
Ángel Fortuño Viñas,angel-fortuno-vinas,Spain,ES,RCD Espanyol de Barcelona,LA_LIGA,Goalkeeper,GOALKEEPER,2001-10-05,,,true,50,,https://crests.football-data.org/80.png
Leandro Cabrera,leandro-cabrera,Uruguay,UY,RCD Espanyol de Barcelona,LA_LIGA,Defender,DEFENDER,1991-06-17,,,true,50,,https://crests.football-data.org/80.png
Unai Núñez,unai-nunez,Spain,ES,RCD Espanyol de Barcelona,LA_LIGA,Defender,DEFENDER,1997-01-30,,,true,50,,https://crests.football-data.org/80.png
Vanja Drkušič,vanja-drkusic,Slovenia,SI,RCD Espanyol de Barcelona,LA_LIGA,Defender,DEFENDER,1999-10-30,,,true,50,,https://crests.football-data.org/80.png
Clemens Riedel,clemens-riedel,Germany,DE,RCD Espanyol de Barcelona,LA_LIGA,Defender,DEFENDER,2003-07-19,,,true,50,,https://crests.football-data.org/80.png
Miguel Rubio,miguel-rubio,Spain,ES,RCD Espanyol de Barcelona,LA_LIGA,Defender,DEFENDER,1998-03-11,,,true,50,,https://crests.football-data.org/80.png
Quilindschy Hartman,quilindschy-hartman,Netherlands,NL,RCD Espanyol de Barcelona,LA_LIGA,Defender,DEFENDER,2001-11-14,,,true,50,,https://crests.football-data.org/80.png
Omar El Hilali,omar-el-hilali,Morocco,MA,RCD Espanyol de Barcelona,LA_LIGA,Defender,DEFENDER,2003-09-12,,,true,50,,https://crests.football-data.org/80.png
Rubén Sánchez,ruben-sanchez,Spain,ES,RCD Espanyol de Barcelona,LA_LIGA,Defender,DEFENDER,2001-02-04,,,true,50,,https://crests.football-data.org/80.png
Roger Hinojo,roger-hinojo,Spain,ES,RCD Espanyol de Barcelona,LA_LIGA,Defender,DEFENDER,2005-02-21,,,true,50,,https://crests.football-data.org/80.png
Edu Expósito,edu-exposito,Spain,ES,RCD Espanyol de Barcelona,LA_LIGA,Midfielder,MIDFIELDER,1996-08-01,,,true,50,,https://crests.football-data.org/80.png
Pol Lozano,pol-lozano,Spain,ES,RCD Espanyol de Barcelona,LA_LIGA,Midfielder,MIDFIELDER,1999-10-06,,,true,50,,https://crests.football-data.org/80.png
Urko González,urko-gonzalez,Spain,ES,RCD Espanyol de Barcelona,LA_LIGA,Midfielder,MIDFIELDER,2001-03-20,,,true,50,,https://crests.football-data.org/80.png
Moscardo,moscardo,Brazil,BR,RCD Espanyol de Barcelona,LA_LIGA,Midfielder,MIDFIELDER,2005-09-28,,,true,50,,https://crests.football-data.org/80.png
Álex Calatrava,alex-calatrava,Spain,ES,RCD Espanyol de Barcelona,LA_LIGA,Midfielder,MIDFIELDER,2000-06-22,,,true,50,,https://crests.football-data.org/80.png
Javier Hernández,javier-hernandez,Spain,ES,RCD Espanyol de Barcelona,LA_LIGA,Midfielder,MIDFIELDER,2004-01-30,,,true,50,,https://crests.football-data.org/80.png
Rafel Bauzà,rafel-bauza,Spain,ES,RCD Espanyol de Barcelona,LA_LIGA,Midfielder,MIDFIELDER,2005-01-30,,,true,50,,https://crests.football-data.org/80.png
Pere Milla,pere-milla,Spain,ES,RCD Espanyol de Barcelona,LA_LIGA,Forward,FORWARD,1992-09-23,,,true,50,,https://crests.football-data.org/80.png
Kike García,kike-garcia,Spain,ES,RCD Espanyol de Barcelona,LA_LIGA,Forward,FORWARD,1989-11-25,,,true,50,,https://crests.football-data.org/80.png
Javi Puado,javi-puado,Spain,ES,RCD Espanyol de Barcelona,LA_LIGA,Forward,FORWARD,1998-05-25,,,true,50,,https://crests.football-data.org/80.png
Tyrhys Dolan,tyrhys-dolan,England,GB,RCD Espanyol de Barcelona,LA_LIGA,Forward,FORWARD,2001-12-28,,,true,50,,https://crests.football-data.org/80.png
Jofre Carreras Pagès,jofre-carreras-pages,Spain,ES,RCD Espanyol de Barcelona,LA_LIGA,Forward,FORWARD,2001-06-17,,,true,50,,https://crests.football-data.org/80.png
Roberto Fernández,roberto-fernandez,Spain,ES,RCD Espanyol de Barcelona,LA_LIGA,Forward,FORWARD,2002-07-03,,,true,50,,https://crests.football-data.org/80.png
Bryan Zaragoza,bryan-zaragoza,Spain,ES,RCD Espanyol de Barcelona,LA_LIGA,Forward,FORWARD,2001-09-09,,,true,50,,https://crests.football-data.org/80.png
Marcos Fernández,marcos-fernandez,Spain,ES,RCD Espanyol de Barcelona,LA_LIGA,Forward,FORWARD,2003-05-17,,,true,50,,https://crests.football-data.org/80.png
Wojciech Szczęsny,wojciech-szczesny,Poland,PL,FC Barcelona,LA_LIGA,Goalkeeper,GOALKEEPER,1990-04-18,,,true,50,,https://crests.football-data.org/81.png
Dominik Livaković,dominik-livakovic,Croatia,HR,FC Barcelona,LA_LIGA,Goalkeeper,GOALKEEPER,1995-01-09,,,true,50,,https://crests.football-data.org/81.png
Joan García,joan-garcia,Spain,ES,FC Barcelona,LA_LIGA,Goalkeeper,GOALKEEPER,2001-05-04,,,true,50,,https://crests.football-data.org/81.png
Áron Yaakobishvili,aron-yaakobishvili,Hungary,HU,FC Barcelona,LA_LIGA,Goalkeeper,GOALKEEPER,2006-03-06,,,true,50,,https://crests.football-data.org/81.png
João Cancelo,joao-cancelo,Portugal,PT,FC Barcelona,LA_LIGA,Defender,DEFENDER,1994-05-27,,,true,50,,https://crests.football-data.org/81.png
Andreas Christensen,andreas-christensen,Denmark,DK,FC Barcelona,LA_LIGA,Defender,DEFENDER,1996-04-10,,,true,50,,https://crests.football-data.org/81.png
Jules Koundé,jules-kounde,France,FR,FC Barcelona,LA_LIGA,Defender,DEFENDER,1998-11-12,,,true,50,,https://crests.football-data.org/81.png
Ronald Araújo,ronald-araujo-1,Uruguay,UY,FC Barcelona,LA_LIGA,Defender,DEFENDER,1999-03-07,,,true,50,,https://crests.football-data.org/81.png
Eric García,eric-garcia,Spain,ES,FC Barcelona,LA_LIGA,Defender,DEFENDER,2001-01-09,,,true,50,,https://crests.football-data.org/81.png
Álex Balde,alex-balde,Spain,ES,FC Barcelona,LA_LIGA,Defender,DEFENDER,2003-10-18,,,true,50,,https://crests.football-data.org/81.png
Pau Cubarsí,pau-cubarsi,Spain,ES,FC Barcelona,LA_LIGA,Defender,DEFENDER,2007-01-22,,,true,50,,https://crests.football-data.org/81.png
Héctor Fort,hector-fort,Spain,ES,FC Barcelona,LA_LIGA,Defender,DEFENDER,2006-08-02,,,true,50,,https://crests.football-data.org/81.png
Gerard Martín,gerard-martin,Spain,ES,FC Barcelona,LA_LIGA,Defender,DEFENDER,2002-02-26,,,true,50,,https://crests.football-data.org/81.png
Álvaro Cortés,alvaro-cortes,Spain,ES,FC Barcelona,LA_LIGA,Defender,DEFENDER,2005-03-17,,,true,50,,https://crests.football-data.org/81.png
Jofre Torrents,jofre-torrents,Spain,ES,FC Barcelona,LA_LIGA,Defender,DEFENDER,2007-01-28,,,true,50,,https://crests.football-data.org/81.png
Xavi Espart,xavi-espart,Spain,ES,FC Barcelona,LA_LIGA,Defender,DEFENDER,2007-05-21,,,true,50,,https://crests.football-data.org/81.png
Rodri,rodri-1,Spain,ES,FC Barcelona,LA_LIGA,Midfielder,MIDFIELDER,1996-06-22,,,true,50,,https://crests.football-data.org/81.png
Frenkie de Jong,frenkie-de-jong,Netherlands,NL,FC Barcelona,LA_LIGA,Midfielder,MIDFIELDER,1997-05-12,,,true,50,,https://crests.football-data.org/81.png
Dani Olmo,dani-olmo,Spain,ES,FC Barcelona,LA_LIGA,Midfielder,MIDFIELDER,1998-05-07,,,true,50,,https://crests.football-data.org/81.png
Pedri,pedri,Spain,ES,FC Barcelona,LA_LIGA,Midfielder,MIDFIELDER,2002-11-25,,,true,50,,https://crests.football-data.org/81.png
Pablo Gavira,pablo-gavira,Spain,ES,FC Barcelona,LA_LIGA,Midfielder,MIDFIELDER,2004-08-05,,,true,50,,https://crests.football-data.org/81.png
Marc Casado,marc-casado,Spain,ES,FC Barcelona,LA_LIGA,Midfielder,MIDFIELDER,2003-09-14,,,true,50,,https://crests.football-data.org/81.png
Fermín López,fermin-lopez,Spain,ES,FC Barcelona,LA_LIGA,Midfielder,MIDFIELDER,2003-05-11,,,true,50,,https://crests.football-data.org/81.png
Marc Bernal,marc-bernal,Spain,ES,FC Barcelona,LA_LIGA,Midfielder,MIDFIELDER,2007-05-26,,,true,50,,https://crests.football-data.org/81.png
Guille Fernández,guille-fernandez,Spain,ES,FC Barcelona,LA_LIGA,Midfielder,MIDFIELDER,2008-06-18,,,true,50,,https://crests.football-data.org/81.png
Toni Fernández,toni-fernandez,Spain,ES,FC Barcelona,LA_LIGA,Midfielder,MIDFIELDER,2008-07-15,,,true,50,,https://crests.football-data.org/81.png
Tomy Marqués,tomy-marques,Spain,ES,FC Barcelona,LA_LIGA,Midfielder,MIDFIELDER,2006-10-30,,,true,50,,https://crests.football-data.org/81.png
Brian Fariñas,brian-farinas,Spain,ES,FC Barcelona,LA_LIGA,Midfielder,MIDFIELDER,2006-02-09,,,true,50,,https://crests.football-data.org/81.png
Anthony Gordon,anthony-gordon,England,GB,FC Barcelona,LA_LIGA,Forward,FORWARD,2001-02-24,,,true,50,,https://crests.football-data.org/81.png
Ferrán Torres,ferran-torres,Spain,ES,FC Barcelona,LA_LIGA,Forward,FORWARD,2000-02-29,,,true,50,,https://crests.football-data.org/81.png
Raphinha,raphinha,Brazil,BR,FC Barcelona,LA_LIGA,Forward,FORWARD,1996-12-14,,,true,50,,https://crests.football-data.org/81.png
Karim Adeyemi,karim-adeyemi,Germany,DE,FC Barcelona,LA_LIGA,Forward,FORWARD,2002-01-18,,,true,50,,https://crests.football-data.org/81.png
Roony Bardghji,roony-bardghji,Sweden,SE,FC Barcelona,LA_LIGA,Forward,FORWARD,2005-11-15,,,true,50,,https://crests.football-data.org/81.png
Lamine Yamal,lamine-yamal,Spain,ES,FC Barcelona,LA_LIGA,Forward,FORWARD,2007-07-13,,,true,50,,https://crests.football-data.org/81.png
Hamza Abdelkarim,hamza-abdelkarim,Egypt,EG,FC Barcelona,LA_LIGA,Forward,FORWARD,2008-01-01,,,true,50,,https://crests.football-data.org/81.png
Jesse Bisiwu,jesse-bisiwu,Belgium,BE,FC Barcelona,LA_LIGA,Forward,FORWARD,2008-01-22,,,true,50,,https://crests.football-data.org/81.png
David Soria,david-soria,Spain,ES,Getafe CF,LA_LIGA,Goalkeeper,GOALKEEPER,1993-04-04,,,true,50,,https://crests.football-data.org/82.png
Jiří Letáček,jiri-letacek,Czech Republic,CZ,Getafe CF,LA_LIGA,Goalkeeper,GOALKEEPER,1999-01-09,,,true,50,,https://crests.football-data.org/82.png
Dakonam Djené,dakonam-djene,Togo,TG,Getafe CF,LA_LIGA,Defender,DEFENDER,1991-12-31,,,true,50,,https://crests.football-data.org/82.png
Johan Mojica,johan-mojica,Colombia,CO,Getafe CF,LA_LIGA,Defender,DEFENDER,1992-08-21,,,true,50,,https://crests.football-data.org/82.png
Femenía Far,femenia-far,Spain,ES,Getafe CF,LA_LIGA,Defender,DEFENDER,1991-02-02,,,true,50,,https://crests.football-data.org/82.png
Juan Berrocal,juan-berrocal,Spain,ES,Getafe CF,LA_LIGA,Defender,DEFENDER,1999-02-05,,,true,50,,https://crests.football-data.org/82.png
Abdelkabir Abqar,abdelkabir-abqar,Morocco,MA,Getafe CF,LA_LIGA,Defender,DEFENDER,1999-03-10,,,true,50,,https://crests.football-data.org/82.png
Saba Sazonov,saba-sazonov,Georgia,GE,Getafe CF,LA_LIGA,Defender,DEFENDER,2002-02-01,,,true,50,,https://crests.football-data.org/82.png
Zaid Romero,zaid-romero,Argentina,AR,Getafe CF,LA_LIGA,Defender,DEFENDER,1999-12-15,,,true,50,,https://crests.football-data.org/82.png
Andrés Garcia,andres-garcia-1,Spain,ES,Getafe CF,LA_LIGA,Defender,DEFENDER,2003-02-07,,,true,50,,https://crests.football-data.org/82.png
Sebastián Boselli,sebastian-boselli,Uruguay,UY,Getafe CF,LA_LIGA,Defender,DEFENDER,2003-12-04,,,true,50,,https://crests.football-data.org/82.png
Valou,valou,Ivory Coast,CI,Getafe CF,LA_LIGA,Defender,DEFENDER,2005-12-22,,,true,50,,https://crests.football-data.org/82.png
Ismael Bekhoucha,ismael-bekhoucha,Morocco,MA,Getafe CF,LA_LIGA,Defender,DEFENDER,2004-11-20,,,true,50,,https://crests.football-data.org/82.png
Orel Mangala,orel-mangala,Belgium,BE,Getafe CF,LA_LIGA,Midfielder,MIDFIELDER,1998-03-18,,,true,50,,https://crests.football-data.org/82.png
Javi Muñoz,javi-munoz,Spain,ES,Getafe CF,LA_LIGA,Midfielder,MIDFIELDER,1995-02-28,,,true,50,,https://crests.football-data.org/82.png
Yvan Neyou,yvan-neyou,Cameroon,CM,Getafe CF,LA_LIGA,Midfielder,MIDFIELDER,1997-01-03,,,true,50,,https://crests.football-data.org/82.png
Francho Serrano,francho-serrano,Spain,ES,Getafe CF,LA_LIGA,Midfielder,MIDFIELDER,2001-10-17,,,true,50,,https://crests.football-data.org/82.png
RamónTerrats Espacio,ramonterrats-espacio,Spain,ES,Getafe CF,LA_LIGA,Midfielder,MIDFIELDER,2000-10-18,,,true,50,,https://crests.football-data.org/82.png
Mario Martin,mario-martin,Spain,ES,Getafe CF,LA_LIGA,Midfielder,MIDFIELDER,2004-03-05,,,true,50,,https://crests.football-data.org/82.png
Juanmi,juanmi,Spain,ES,Getafe CF,LA_LIGA,Forward,FORWARD,1993-05-20,,,true,50,,https://crests.football-data.org/82.png
Borja Mayoral,borja-mayoral,Spain,ES,Getafe CF,LA_LIGA,Forward,FORWARD,1997-04-05,,,true,50,,https://crests.football-data.org/82.png
Enes Ünal,enes-unal-1,Turkey,TR,Getafe CF,LA_LIGA,Forward,FORWARD,1997-05-10,,,true,50,,https://crests.football-data.org/82.png
Martin Satriano,martin-satriano,Uruguay,UY,Getafe CF,LA_LIGA,Forward,FORWARD,2001-02-20,,,true,50,,https://crests.football-data.org/82.png
Alejandro Sancris,alejandro-sancris,Spain,ES,Getafe CF,LA_LIGA,Forward,FORWARD,1997-01-18,,,true,50,,https://crests.football-data.org/82.png
Chrisantus,chrisantus,Nigeria,NG,Getafe CF,LA_LIGA,Forward,FORWARD,2003-05-19,,,true,50,,https://crests.football-data.org/82.png
Alfonso Herrero,alfonso-herrero,Spain,ES,Málaga CF,LA_LIGA,Goalkeeper,GOALKEEPER,1994-04-21,,,true,50,,https://crests.football-data.org/84.png
Lopez Nogueras,lopez-nogueras,Spain,ES,Málaga CF,LA_LIGA,Goalkeeper,GOALKEEPER,2004-11-13,,,true,50,,https://crests.football-data.org/84.png
Fernando Calero,fernando-calero,Spain,ES,Málaga CF,LA_LIGA,Defender,DEFENDER,1995-09-14,,,true,50,,https://crests.football-data.org/84.png
Alex Pastor Carayol,alex-pastor-carayol,Spain,ES,Málaga CF,LA_LIGA,Defender,DEFENDER,1999-10-01,,,true,50,,https://crests.football-data.org/84.png
José Salinas,jose-salinas,Spain,ES,Málaga CF,LA_LIGA,Defender,DEFENDER,2000-09-30,,,true,50,,https://crests.football-data.org/84.png
Diego Murillo,diego-murillo,Spain,ES,Málaga CF,LA_LIGA,Defender,DEFENDER,2001-03-14,,,true,50,,https://crests.football-data.org/84.png
Moussa Diarra,moussa-diarra,Mali,ML,Málaga CF,LA_LIGA,Defender,DEFENDER,2002-01-20,,,true,50,,https://crests.football-data.org/84.png
Einar Galilea,einar-galilea,Spain,ES,Málaga CF,LA_LIGA,Defender,DEFENDER,1994-05-22,,,true,50,,https://crests.football-data.org/84.png
Rafa Garrido,rafa-garrido,Spain,ES,Málaga CF,LA_LIGA,Defender,DEFENDER,2004-01-01,,,true,50,,https://crests.football-data.org/84.png
Daniel Sánchez,daniel-sanchez,Spain,ES,Málaga CF,LA_LIGA,Defender,DEFENDER,2000-01-14,,,true,50,,https://crests.football-data.org/84.png
Puga,puga,Spain,ES,Málaga CF,LA_LIGA,Defender,DEFENDER,2000-11-26,,,true,50,,https://crests.football-data.org/84.png
Juan Melero,juan-melero,Spain,ES,Málaga CF,LA_LIGA,Midfielder,MIDFIELDER,1996-01-31,,,true,50,,https://crests.football-data.org/84.png
Pablo Martínez,pablo-martinez,Spain,ES,Málaga CF,LA_LIGA,Midfielder,MIDFIELDER,1998-02-22,,,true,50,,https://crests.football-data.org/84.png
Ramón Enríquez Rodríguez,ramon-enriquez-rodriguez,Spain,ES,Málaga CF,LA_LIGA,Midfielder,MIDFIELDER,2001-04-19,,,true,50,,https://crests.football-data.org/84.png
Dani Lorenzo,dani-lorenzo,Spain,ES,Málaga CF,LA_LIGA,Midfielder,MIDFIELDER,2003-04-05,,,true,50,,https://crests.football-data.org/84.png
Carlos Dotor,carlos-dotor,Spain,ES,Málaga CF,LA_LIGA,Midfielder,MIDFIELDER,2001-03-15,,,true,50,,https://crests.football-data.org/84.png
Rafa Rodriguez,rafa-rodriguez,Spain,ES,Málaga CF,LA_LIGA,Midfielder,MIDFIELDER,2003-07-10,,,true,50,,https://crests.football-data.org/84.png
Izan Merino,izan-merino,Spain,ES,Málaga CF,LA_LIGA,Midfielder,MIDFIELDER,2006-04-15,,,true,50,,https://crests.football-data.org/84.png
Aarón Ochoa,aaron-ochoa,Ireland,IE,Málaga CF,LA_LIGA,Midfielder,MIDFIELDER,2007-04-18,,,true,50,,https://crests.football-data.org/84.png
Pablo Arriaza,pablo-arriaza,Spain,ES,Málaga CF,LA_LIGA,Midfielder,MIDFIELDER,2003-08-20,,,true,50,,https://crests.football-data.org/84.png
Eneko Jauregi Escobar,eneko-jauregi-escobar,Spain,ES,Málaga CF,LA_LIGA,Forward,FORWARD,1996-07-13,,,true,50,,https://crests.football-data.org/84.png
Juan Cruz,juan-cruz,Spain,ES,Málaga CF,LA_LIGA,Forward,FORWARD,2000-04-25,,,true,50,,https://crests.football-data.org/84.png
Joaquín Muñoz,joaquin-munoz,Spain,ES,Málaga CF,LA_LIGA,Forward,FORWARD,1999-03-10,,,true,50,,https://crests.football-data.org/84.png
Julen Lobete,julen-lobete,Spain,ES,Málaga CF,LA_LIGA,Forward,FORWARD,2000-09-18,,,true,50,,https://crests.football-data.org/84.png
David Larrubia,david-larrubia,Spain,ES,Málaga CF,LA_LIGA,Forward,FORWARD,2002-04-20,,,true,50,,https://crests.football-data.org/84.png
Haitam Abaida,haitam-abaida,Morocco,MA,Málaga CF,LA_LIGA,Forward,FORWARD,2002-06-01,,,true,50,,https://crests.football-data.org/84.png
Adrián Niño,adrian-nino,Spain,ES,Málaga CF,LA_LIGA,Forward,FORWARD,2004-06-19,,,true,50,,https://crests.football-data.org/84.png
Chupete,chupete,Spain,ES,Málaga CF,LA_LIGA,Forward,FORWARD,2004-08-24,,,true,50,,https://crests.football-data.org/84.png
Thibaut Courtois,thibaut-courtois,Belgium,BE,Real Madrid CF,LA_LIGA,Goalkeeper,GOALKEEPER,1992-05-11,,,true,50,,https://crests.football-data.org/86.png
Andriy Lunin,andriy-lunin,Ukraine,UA,Real Madrid CF,LA_LIGA,Goalkeeper,GOALKEEPER,1999-02-11,,,true,50,,https://crests.football-data.org/86.png
Éder Militão,eder-militao,Brazil,BR,Real Madrid CF,LA_LIGA,Defender,DEFENDER,1998-01-18,,,true,50,,https://crests.football-data.org/86.png
Antonio Rüdiger,antonio-rudiger,Germany,DE,Real Madrid CF,LA_LIGA,Defender,DEFENDER,1993-03-03,,,true,50,,https://crests.football-data.org/86.png
Denzel Dumfries,denzel-dumfries,Netherlands,NL,Real Madrid CF,LA_LIGA,Defender,DEFENDER,1996-04-18,,,true,50,,https://crests.football-data.org/86.png
Trent Alexander-Arnold,trent-alexander-arnold,England,GB,Real Madrid CF,LA_LIGA,Defender,DEFENDER,1998-10-07,,,true,50,,https://crests.football-data.org/86.png
Ferland Mendy,ferland-mendy,France,FR,Real Madrid CF,LA_LIGA,Defender,DEFENDER,1995-06-08,,,true,50,,https://crests.football-data.org/86.png
Ibrahima Konaté,ibrahima-konate,France,FR,Real Madrid CF,LA_LIGA,Defender,DEFENDER,1999-05-25,,,true,50,,https://crests.football-data.org/86.png
Cucurella,cucurella,Spain,ES,Real Madrid CF,LA_LIGA,Defender,DEFENDER,1998-07-22,,,true,50,,https://crests.football-data.org/86.png
Álvaro Carreras,alvaro-carreras,Spain,ES,Real Madrid CF,LA_LIGA,Defender,DEFENDER,2003-03-23,,,true,50,,https://crests.football-data.org/86.png
Dean Huijsen,dean-huijsen,Spain,ES,Real Madrid CF,LA_LIGA,Defender,DEFENDER,2005-04-14,,,true,50,,https://crests.football-data.org/86.png
David Jiménez,david-jimenez,Spain,ES,Real Madrid CF,LA_LIGA,Defender,DEFENDER,2004-03-14,,,true,50,,https://crests.football-data.org/86.png
Raúl,raul-1,Spain,ES,Real Madrid CF,LA_LIGA,Defender,DEFENDER,2003-02-13,,,true,50,,https://crests.football-data.org/86.png
Federico Valverde,federico-valverde,Uruguay,UY,Real Madrid CF,LA_LIGA,Midfielder,MIDFIELDER,1998-07-22,,,true,50,,https://crests.football-data.org/86.png
Bernardo Silva,bernardo-silva,Portugal,PT,Real Madrid CF,LA_LIGA,Midfielder,MIDFIELDER,1994-08-10,,,true,50,,https://crests.football-data.org/86.png
Aurélien Tchouameni,aurelien-tchouameni,France,FR,Real Madrid CF,LA_LIGA,Midfielder,MIDFIELDER,2000-01-27,,,true,50,,https://crests.football-data.org/86.png
Eduardo Camavinga,eduardo-camavinga,France,FR,Real Madrid CF,LA_LIGA,Midfielder,MIDFIELDER,2002-11-10,,,true,50,,https://crests.football-data.org/86.png
Jude Bellingham,jude-bellingham,England,GB,Real Madrid CF,LA_LIGA,Midfielder,MIDFIELDER,2003-06-29,,,true,50,,https://crests.football-data.org/86.png
Arda Guler,arda-guler,Turkey,TR,Real Madrid CF,LA_LIGA,Midfielder,MIDFIELDER,2005-02-25,,,true,50,,https://crests.football-data.org/86.png
Thiago Pitarch,thiago-pitarch,Spain,ES,Real Madrid CF,LA_LIGA,Midfielder,MIDFIELDER,2007-08-03,,,true,50,,https://crests.football-data.org/86.png
Jorge Cestero,jorge-cestero,Spain,ES,Real Madrid CF,LA_LIGA,Midfielder,MIDFIELDER,2006-03-24,,,true,50,,https://crests.football-data.org/86.png
Manuel Angel,manuel-angel,Spain,ES,Real Madrid CF,LA_LIGA,Midfielder,MIDFIELDER,2004-03-15,,,true,50,,https://crests.football-data.org/86.png
Rodrygo,rodrygo,Brazil,BR,Real Madrid CF,LA_LIGA,Forward,FORWARD,2001-01-09,,,true,50,,https://crests.football-data.org/86.png
Vinicius Junior,vinicius-junior,Brazil,BR,Real Madrid CF,LA_LIGA,Forward,FORWARD,2000-07-12,,,true,50,,https://crests.football-data.org/86.png
Kylian Mbappé,kylian-mbappe,France,FR,Real Madrid CF,LA_LIGA,Forward,FORWARD,1998-12-20,,,true,50,,https://crests.football-data.org/86.png
Brahim Diaz,brahim-diaz,Morocco,MA,Real Madrid CF,LA_LIGA,Forward,FORWARD,1999-08-03,,,true,50,,https://crests.football-data.org/86.png
Endrick,endrick,Brazil,BR,Real Madrid CF,LA_LIGA,Forward,FORWARD,2006-07-21,,,true,50,,https://crests.football-data.org/86.png
Carlos Espí,carlos-espi,Spain,ES,Real Madrid CF,LA_LIGA,Forward,FORWARD,2005-07-24,,,true,50,,https://crests.football-data.org/86.png
Yan Diomandé,yan-diomande,Ivory Coast,CI,Real Madrid CF,LA_LIGA,Forward,FORWARD,2006-11-14,,,true,50,,https://crests.football-data.org/86.png
Augusto Batalla,augusto-batalla,Argentina,AR,Rayo Vallecano de Madrid,LA_LIGA,Goalkeeper,GOALKEEPER,1996-04-30,,,true,50,,https://crests.football-data.org/87.png
Dani Cárdenas,dani-cardenas,Spain,ES,Rayo Vallecano de Madrid,LA_LIGA,Goalkeeper,GOALKEEPER,1997-03-28,,,true,50,,https://crests.football-data.org/87.png
Luiz Felipe,luiz-felipe,Italy,IT,Rayo Vallecano de Madrid,LA_LIGA,Defender,DEFENDER,1997-03-22,,,true,50,,https://crests.football-data.org/87.png
Marash Kumbulla,marash-kumbulla,Italy,IT,Rayo Vallecano de Madrid,LA_LIGA,Defender,DEFENDER,2000-02-08,,,true,50,,https://crests.football-data.org/87.png
Florian Lejeune,florian-lejeune,France,FR,Rayo Vallecano de Madrid,LA_LIGA,Defender,DEFENDER,1991-05-20,,,true,50,,https://crests.football-data.org/87.png
Iván Balliu,ivan-balliu,Albania,AL,Rayo Vallecano de Madrid,LA_LIGA,Defender,DEFENDER,1992-01-01,,,true,50,,https://crests.football-data.org/87.png
Pedrosa,pedrosa,Spain,ES,Rayo Vallecano de Madrid,LA_LIGA,Defender,DEFENDER,1998-05-13,,,true,50,,https://crests.football-data.org/87.png
Andrei Rațiu,andrei-ratiu,Romania,RO,Rayo Vallecano de Madrid,LA_LIGA,Defender,DEFENDER,1998-06-20,,,true,50,,https://crests.football-data.org/87.png
Pep Chavarría,pep-chavarria-1,Spain,ES,Rayo Vallecano de Madrid,LA_LIGA,Defender,DEFENDER,1998-04-10,,,true,50,,https://crests.football-data.org/87.png
Jozhua Vertrouwd,jozhua-vertrouwd,Netherlands,NL,Rayo Vallecano de Madrid,LA_LIGA,Defender,DEFENDER,2004-08-21,,,true,50,,https://crests.football-data.org/87.png
Nobel Mendy,nobel-mendy-1,Senegal,SN,Rayo Vallecano de Madrid,LA_LIGA,Defender,DEFENDER,2004-08-16,,,true,50,,https://crests.football-data.org/87.png
Pelayo Fernández,pelayo-fernandez,Spain,ES,Rayo Vallecano de Madrid,LA_LIGA,Defender,DEFENDER,2003-04-29,,,true,50,,https://crests.football-data.org/87.png
Óscar Valentín,oscar-valentin,Spain,ES,Rayo Vallecano de Madrid,LA_LIGA,Midfielder,MIDFIELDER,1994-08-20,,,true,50,,https://crests.football-data.org/87.png
Unai López,unai-lopez,Spain,ES,Rayo Vallecano de Madrid,LA_LIGA,Midfielder,MIDFIELDER,1995-10-30,,,true,50,,https://crests.football-data.org/87.png
Pedro Díaz,pedro-diaz,Spain,ES,Rayo Vallecano de Madrid,LA_LIGA,Midfielder,MIDFIELDER,1998-06-05,,,true,50,,https://crests.football-data.org/87.png
Pathé Ciss,pathe-ciss,Senegal,SN,Rayo Vallecano de Madrid,LA_LIGA,Midfielder,MIDFIELDER,1994-03-16,,,true,50,,https://crests.football-data.org/87.png
Randy Ntekja,randy-ntekja,Angola,AO,Rayo Vallecano de Madrid,LA_LIGA,Midfielder,MIDFIELDER,1997-12-06,,,true,50,,https://crests.football-data.org/87.png
Samu Becerra,samu-becerra,Spain,ES,Rayo Vallecano de Madrid,LA_LIGA,Midfielder,MIDFIELDER,2006-06-01,,,true,50,,https://crests.football-data.org/87.png
Gnangoro Bouare,gnangoro-bouare,Spain,ES,Rayo Vallecano de Madrid,LA_LIGA,Midfielder,MIDFIELDER,2004-06-13,,,true,50,,https://crests.football-data.org/87.png
Raúl de Tomás,raul-de-tomas,Spain,ES,Rayo Vallecano de Madrid,LA_LIGA,Forward,FORWARD,1994-10-17,,,true,50,,https://crests.football-data.org/87.png
Álvaro García,alvaro-garcia,Spain,ES,Rayo Vallecano de Madrid,LA_LIGA,Forward,FORWARD,1992-10-27,,,true,50,,https://crests.football-data.org/87.png
Isi Palazón,isi-palazon,Spain,ES,Rayo Vallecano de Madrid,LA_LIGA,Forward,FORWARD,1994-12-27,,,true,50,,https://crests.football-data.org/87.png
Alexandre Alemão,alexandre-alemao,Brazil,BR,Rayo Vallecano de Madrid,LA_LIGA,Forward,FORWARD,1998-04-01,,,true,50,,https://crests.football-data.org/87.png
Sergio Camello,sergio-camello,Spain,ES,Rayo Vallecano de Madrid,LA_LIGA,Forward,FORWARD,2001-02-10,,,true,50,,https://crests.football-data.org/87.png
Jorge de Frutos,jorge-de-frutos,Spain,ES,Rayo Vallecano de Madrid,LA_LIGA,Forward,FORWARD,1997-02-20,,,true,50,,https://crests.football-data.org/87.png
Fran Perez,fran-perez,Spain,ES,Rayo Vallecano de Madrid,LA_LIGA,Forward,FORWARD,2002-09-09,,,true,50,,https://crests.football-data.org/87.png
Georgiy Tsitaishvili,georgiy-tsitaishvili,Georgia,GE,Rayo Vallecano de Madrid,LA_LIGA,Forward,FORWARD,2000-11-18,,,true,50,,https://crests.football-data.org/87.png
Etienne,etienne,Cameroon,CM,Rayo Vallecano de Madrid,LA_LIGA,Forward,FORWARD,2002-08-18,,,true,50,,https://crests.football-data.org/87.png
Maty Ryan,maty-ryan,Australia,AU,Levante UD,LA_LIGA,Goalkeeper,GOALKEEPER,1992-04-08,,,true,50,,https://crests.football-data.org/88.png
Pablo Cuñat,pablo-cunat,Spain,ES,Levante UD,LA_LIGA,Goalkeeper,GOALKEEPER,2002-04-28,,,true,50,,https://crests.football-data.org/88.png
Álex Primo,alex-primo,Spain,ES,Levante UD,LA_LIGA,Goalkeeper,GOALKEEPER,2004-07-10,,,true,50,,https://crests.football-data.org/88.png
Daniel Martín,daniel-martin,Spain,ES,Levante UD,LA_LIGA,Goalkeeper,GOALKEEPER,2005-09-26,,,true,50,,https://crests.football-data.org/88.png
Aïssa Mandi,aissa-mandi,Algeria,DZ,Levante UD,LA_LIGA,Defender,DEFENDER,1991-10-22,,,true,50,,https://crests.football-data.org/88.png
Jeremy Toljan,jeremy-toljan,Germany,DE,Levante UD,LA_LIGA,Defender,DEFENDER,1994-08-08,,,true,50,,https://crests.football-data.org/88.png
Adrián de la Fuente,adrian-de-la-fuente,Spain,ES,Levante UD,LA_LIGA,Defender,DEFENDER,1999-02-26,,,true,50,,https://crests.football-data.org/88.png
Manuel Sánchez,manuel-sanchez,Spain,ES,Levante UD,LA_LIGA,Defender,DEFENDER,2000-08-24,,,true,50,,https://crests.football-data.org/88.png
Xavi Grande,xavi-grande,Spain,ES,Levante UD,LA_LIGA,Defender,DEFENDER,2005-05-28,,,true,50,,https://crests.football-data.org/88.png
Jorge Cabello,jorge-cabello,Spain,ES,Levante UD,LA_LIGA,Defender,DEFENDER,2004-04-25,,,true,50,,https://crests.football-data.org/88.png
Ifeanyi Ndukwe,ifeanyi-ndukwe,Austria,AT,Levante UD,LA_LIGA,Defender,DEFENDER,2008-03-03,,,true,50,,https://crests.football-data.org/88.png
Nacho Pérez,nacho-perez,Spain,ES,Levante UD,LA_LIGA,Defender,DEFENDER,2008-08-29,,,true,50,,https://crests.football-data.org/88.png
Marc Santos,marc-santos,Spain,ES,Levante UD,LA_LIGA,Defender,DEFENDER,2010-11-09,,,true,50,,https://crests.football-data.org/88.png
Oriol Rey,oriol-rey,Spain,ES,Levante UD,LA_LIGA,Midfielder,MIDFIELDER,1998-02-25,,,true,50,,https://crests.football-data.org/88.png
Carlos Álvarez,carlos-alvarez,Spain,ES,Levante UD,LA_LIGA,Midfielder,MIDFIELDER,2003-08-06,,,true,50,,https://crests.football-data.org/88.png
Jon Olasagasti,jon-olasagasti,Spain,ES,Levante UD,LA_LIGA,Midfielder,MIDFIELDER,2000-08-16,,,true,50,,https://crests.football-data.org/88.png
Hugo Sotelo,hugo-sotelo,Spain,ES,Levante UD,LA_LIGA,Midfielder,MIDFIELDER,2003-12-19,,,true,50,,https://crests.football-data.org/88.png
Enzo Bardeli,enzo-bardeli,France,FR,Levante UD,LA_LIGA,Midfielder,MIDFIELDER,2001-04-11,,,true,50,,https://crests.football-data.org/88.png
Kervin Arriaga,kervin-arriaga,Honduras,HN,Levante UD,LA_LIGA,Midfielder,MIDFIELDER,1998-01-05,,,true,50,,https://crests.football-data.org/88.png
Dani Requena,dani-requena,Spain,ES,Levante UD,LA_LIGA,Midfielder,MIDFIELDER,2004-02-12,,,true,50,,https://crests.football-data.org/88.png
Roger Brugué,roger-brugue,Spain,ES,Levante UD,LA_LIGA,Forward,FORWARD,1996-11-04,,,true,50,,https://crests.football-data.org/88.png
Víctor García,victor-garcia,Spain,ES,Levante UD,LA_LIGA,Forward,FORWARD,1997-01-01,,,true,50,,https://crests.football-data.org/88.png
Iván Romero,ivan-romero,Spain,ES,Levante UD,LA_LIGA,Forward,FORWARD,2001-04-10,,,true,50,,https://crests.football-data.org/88.png
Thiago Fernandez,thiago-fernandez,Argentina,AR,Levante UD,LA_LIGA,Forward,FORWARD,2004-04-03,,,true,50,,https://crests.football-data.org/88.png
Karl Etta Eyong,karl-etta-eyong,Cameroon,CM,Levante UD,LA_LIGA,Forward,FORWARD,2003-10-14,,,true,50,,https://crests.football-data.org/88.png
Tai Abed,tai-abed,Israel,IL,Levante UD,LA_LIGA,Forward,FORWARD,2004-08-03,,,true,50,,https://crests.football-data.org/88.png
Paco Cortés,paco-cortes,Spain,ES,Levante UD,LA_LIGA,Forward,FORWARD,2007-08-11,,,true,50,,https://crests.football-data.org/88.png
Yanis Musuayi,yanis-musuayi,Belgium,BE,Levante UD,LA_LIGA,Forward,FORWARD,2007-06-26,,,true,50,,https://crests.football-data.org/88.png
Kareem Tunde,kareem-tunde,Spain,ES,Levante UD,LA_LIGA,Forward,FORWARD,2005-08-19,,,true,50,,https://crests.football-data.org/88.png
Álvaro Vallés Rosa,alvaro-valles-rosa,Spain,ES,Real Betis Balompié,LA_LIGA,Goalkeeper,GOALKEEPER,1997-07-25,,,true,50,,https://crests.football-data.org/90.png
Diego Conde,diego-conde,Spain,ES,Real Betis Balompié,LA_LIGA,Goalkeeper,GOALKEEPER,1998-10-28,,,true,50,,https://crests.football-data.org/90.png
Diego Llorente,diego-llorente,Spain,ES,Real Betis Balompié,LA_LIGA,Defender,DEFENDER,1993-08-16,,,true,50,,https://crests.football-data.org/90.png
Héctor Bellerín,hector-bellerin,Spain,ES,Real Betis Balompié,LA_LIGA,Defender,DEFENDER,1995-03-19,,,true,50,,https://crests.football-data.org/90.png
Júnior Firpo,junior-firpo,Dominican Republic,XX,Real Betis Balompié,LA_LIGA,Defender,DEFENDER,1996-05-10,,,true,50,,https://crests.football-data.org/90.png
Bartra,bartra,Spain,ES,Real Betis Balompié,LA_LIGA,Defender,DEFENDER,1991-01-15,,,true,50,,https://crests.football-data.org/90.png
Francisco Garcia,francisco-garcia,Spain,ES,Real Betis Balompié,LA_LIGA,Defender,DEFENDER,1999-08-14,,,true,50,,https://crests.football-data.org/90.png
Natan,natan,Brazil,BR,Real Betis Balompié,LA_LIGA,Defender,DEFENDER,2001-02-06,,,true,50,,https://crests.football-data.org/90.png
Valentín Gómez,valentin-gomez,Argentina,AR,Real Betis Balompié,LA_LIGA,Defender,DEFENDER,2003-06-26,,,true,50,,https://crests.football-data.org/90.png
Ángel Ortiz,angel-ortiz,Spain,ES,Real Betis Balompié,LA_LIGA,Defender,DEFENDER,2004-07-25,,,true,50,,https://crests.football-data.org/90.png
Isco,isco,Spain,ES,Real Betis Balompié,LA_LIGA,Midfielder,MIDFIELDER,1992-04-21,,,true,50,,https://crests.football-data.org/90.png
Giovani Lo Celso,giovani-lo-celso,Argentina,AR,Real Betis Balompié,LA_LIGA,Midfielder,MIDFIELDER,1996-04-09,,,true,50,,https://crests.football-data.org/90.png
Marc Roca,marc-roca,Spain,ES,Real Betis Balompié,LA_LIGA,Midfielder,MIDFIELDER,1996-11-26,,,true,50,,https://crests.football-data.org/90.png
Pablo Fornals,pablo-fornals,Spain,ES,Real Betis Balompié,LA_LIGA,Midfielder,MIDFIELDER,1996-02-22,,,true,50,,https://crests.football-data.org/90.png
Álvaro Fidalgo,alvaro-fidalgo,Spain,ES,Real Betis Balompié,LA_LIGA,Midfielder,MIDFIELDER,1997-04-09,,,true,50,,https://crests.football-data.org/90.png
Nelson Deossa,nelson-deossa,Colombia,CO,Real Betis Balompié,LA_LIGA,Midfielder,MIDFIELDER,2000-02-06,,,true,50,,https://crests.football-data.org/90.png
Facundo Bernal,facundo-bernal,Uruguay,UY,Real Betis Balompié,LA_LIGA,Midfielder,MIDFIELDER,2003-08-21,,,true,50,,https://crests.football-data.org/90.png
Cucho Hernández,cucho-hernandez,Colombia,CO,Real Betis Balompié,LA_LIGA,Forward,FORWARD,1999-04-20,,,true,50,,https://crests.football-data.org/90.png
Aitor Ruibal,aitor-ruibal,Spain,ES,Real Betis Balompié,LA_LIGA,Forward,FORWARD,1996-03-22,,,true,50,,https://crests.football-data.org/90.png
Antony,antony,Brazil,BR,Real Betis Balompié,LA_LIGA,Forward,FORWARD,2000-02-24,,,true,50,,https://crests.football-data.org/90.png
Iker Losada,iker-losada,Spain,ES,Real Betis Balompié,LA_LIGA,Forward,FORWARD,2001-08-01,,,true,50,,https://crests.football-data.org/90.png
Rodrigo Riquelme,rodrigo-riquelme,Spain,ES,Real Betis Balompié,LA_LIGA,Forward,FORWARD,2000-04-02,,,true,50,,https://crests.football-data.org/90.png
Troy Parrott,troy-parrott,Ireland,IE,Real Betis Balompié,LA_LIGA,Forward,FORWARD,2002-02-04,,,true,50,,https://crests.football-data.org/90.png
Pablo García,pablo-garcia,Spain,ES,Real Betis Balompié,LA_LIGA,Forward,FORWARD,2000-06-05,,,true,50,,https://crests.football-data.org/90.png
Abdessamad Ezzalzouli,abdessamad-ezzalzouli,Morocco,MA,Real Betis Balompié,LA_LIGA,Forward,FORWARD,2001-12-17,,,true,50,,https://crests.football-data.org/90.png
Gonzalo Petit,gonzalo-petit,Uruguay,UY,Real Betis Balompié,LA_LIGA,Forward,FORWARD,2006-09-21,,,true,50,,https://crests.football-data.org/90.png
Álex Remiro,alex-remiro,Spain,ES,Real Sociedad de Fútbol,LA_LIGA,Goalkeeper,GOALKEEPER,1995-03-24,,,true,50,,https://crests.football-data.org/92.png
Unai Marrero,unai-marrero,Spain,ES,Real Sociedad de Fútbol,LA_LIGA,Goalkeeper,GOALKEEPER,2001-10-09,,,true,50,,https://crests.football-data.org/92.png
Álvaro Odriozola,alvaro-odriozola,Spain,ES,Real Sociedad de Fútbol,LA_LIGA,Defender,DEFENDER,1995-12-14,,,true,50,,https://crests.football-data.org/92.png
Igor Zubeldía,igor-zubeldia,Spain,ES,Real Sociedad de Fútbol,LA_LIGA,Defender,DEFENDER,1997-03-30,,,true,50,,https://crests.football-data.org/92.png
Sergio Gómez,sergio-gomez,Spain,ES,Real Sociedad de Fútbol,LA_LIGA,Defender,DEFENDER,2000-09-04,,,true,50,,https://crests.football-data.org/92.png
Javi López,javi-lopez,Spain,ES,Real Sociedad de Fútbol,LA_LIGA,Defender,DEFENDER,2002-01-01,,,true,50,,https://crests.football-data.org/92.png
Aihen Muñoz,aihen-munoz,Spain,ES,Real Sociedad de Fútbol,LA_LIGA,Defender,DEFENDER,1997-08-16,,,true,50,,https://crests.football-data.org/92.png
Jon Aramburu,jon-aramburu,Venezuela,VE,Real Sociedad de Fútbol,LA_LIGA,Defender,DEFENDER,2002-07-23,,,true,50,,https://crests.football-data.org/92.png
Jon Pacheco,jon-pacheco,Spain,ES,Real Sociedad de Fútbol,LA_LIGA,Defender,DEFENDER,2001-01-08,,,true,50,,https://crests.football-data.org/92.png
Mamadou Sarr,mamadou-sarr-1,Senegal,SN,Real Sociedad de Fútbol,LA_LIGA,Defender,DEFENDER,2005-08-29,,,true,50,,https://crests.football-data.org/92.png
Kazunari Kita,kazunari-kita,Japan,JP,Real Sociedad de Fútbol,LA_LIGA,Defender,DEFENDER,2005-09-16,,,true,50,,https://crests.football-data.org/92.png
Héctor Fort,hector-fort-1,Spain,ES,Real Sociedad de Fútbol,LA_LIGA,Defender,DEFENDER,2006-08-02,,,true,50,,https://crests.football-data.org/92.png
Jon Martín,jon-martin,Spain,ES,Real Sociedad de Fútbol,LA_LIGA,Defender,DEFENDER,2006-04-23,,,true,50,,https://crests.football-data.org/92.png
Iñaki Rupérez,inaki-ruperez,Spain,ES,Real Sociedad de Fútbol,LA_LIGA,Defender,DEFENDER,2003-01-07,,,true,50,,https://crests.football-data.org/92.png
Carlos Soler,carlos-soler,Spain,ES,Real Sociedad de Fútbol,LA_LIGA,Midfielder,MIDFIELDER,1997-01-02,,,true,50,,https://crests.football-data.org/92.png
Yangel Herrera,yangel-herrera,Venezuela,VE,Real Sociedad de Fútbol,LA_LIGA,Midfielder,MIDFIELDER,1998-01-07,,,true,50,,https://crests.football-data.org/92.png
Luka Sučić,luka-sucic,Croatia,HR,Real Sociedad de Fútbol,LA_LIGA,Midfielder,MIDFIELDER,2002-09-08,,,true,50,,https://crests.football-data.org/92.png
Beñat Turrientes,benat-turrientes,Spain,ES,Real Sociedad de Fútbol,LA_LIGA,Midfielder,MIDFIELDER,2002-01-31,,,true,50,,https://crests.football-data.org/92.png
Arsen Zakharyan,arsen-zakharyan,Russia,RU,Real Sociedad de Fútbol,LA_LIGA,Midfielder,MIDFIELDER,2003-05-26,,,true,50,,https://crests.football-data.org/92.png
Pablo Marin,pablo-marin,Spain,ES,Real Sociedad de Fútbol,LA_LIGA,Midfielder,MIDFIELDER,2003-07-03,,,true,50,,https://crests.football-data.org/92.png
Jon Gorrotxategi,jon-gorrotxategi,Spain,ES,Real Sociedad de Fútbol,LA_LIGA,Midfielder,MIDFIELDER,2002-02-02,,,true,50,,https://crests.football-data.org/92.png
Mikel Goti,mikel-goti,Spain,ES,Real Sociedad de Fútbol,LA_LIGA,Midfielder,MIDFIELDER,2002-05-23,,,true,50,,https://crests.football-data.org/92.png
Gonçalo Guedes,goncalo-guedes,Portugal,PT,Real Sociedad de Fútbol,LA_LIGA,Forward,FORWARD,1996-11-29,,,true,50,,https://crests.football-data.org/92.png
Takefusa Kubo,takefusa-kubo,Japan,JP,Real Sociedad de Fútbol,LA_LIGA,Forward,FORWARD,2001-06-04,,,true,50,,https://crests.football-data.org/92.png
Ander Barrenetxea,ander-barrenetxea,Spain,ES,Real Sociedad de Fútbol,LA_LIGA,Forward,FORWARD,2001-12-27,,,true,50,,https://crests.football-data.org/92.png
Jon Karrikaburu,jon-karrikaburu,Spain,ES,Real Sociedad de Fútbol,LA_LIGA,Forward,FORWARD,2002-09-19,,,true,50,,https://crests.football-data.org/92.png
Mikel Oyarzabal,mikel-oyarzabal,Spain,ES,Real Sociedad de Fútbol,LA_LIGA,Forward,FORWARD,1997-04-21,,,true,50,,https://crests.football-data.org/92.png
Orri Steinn Óskarsson,orri-steinn-oskarsson,Iceland,IS,Real Sociedad de Fútbol,LA_LIGA,Forward,FORWARD,2004-08-29,,,true,50,,https://crests.football-data.org/92.png
Ochieng,ochieng,Kenya,KE,Real Sociedad de Fútbol,LA_LIGA,Forward,FORWARD,2003-01-17,,,true,50,,https://crests.football-data.org/92.png
Péter Gulácsi,peter-gulacsi,Hungary,HU,Villarreal CF,LA_LIGA,Goalkeeper,GOALKEEPER,1990-05-06,,,true,50,,https://crests.football-data.org/94.png
Luiz Lúcio Reis Júnior,luiz-lucio-reis-junior,Brazil,BR,Villarreal CF,LA_LIGA,Goalkeeper,GOALKEEPER,2001-01-14,,,true,50,,https://crests.football-data.org/94.png
Ruben Gomez,ruben-gomez,Spain,ES,Villarreal CF,LA_LIGA,Goalkeeper,GOALKEEPER,2002-01-24,,,true,50,,https://crests.football-data.org/94.png
Logan Costa,logan-costa,Cape Verde Islands,XX,Villarreal CF,LA_LIGA,Defender,DEFENDER,2001-04-01,,,true,50,,https://crests.football-data.org/94.png
Juan Foyth,juan-foyth,Argentina,AR,Villarreal CF,LA_LIGA,Defender,DEFENDER,1998-01-12,,,true,50,,https://crests.football-data.org/94.png
Alex Freeman,alex-freeman,USA,US,Villarreal CF,LA_LIGA,Defender,DEFENDER,2004-08-09,,,true,50,,https://crests.football-data.org/94.png
Renato Veiga,renato-veiga,Portugal,PT,Villarreal CF,LA_LIGA,Defender,DEFENDER,2003-07-29,,,true,50,,https://crests.football-data.org/94.png
Sergi Cardona,sergi-cardona,Spain,ES,Villarreal CF,LA_LIGA,Defender,DEFENDER,1999-07-08,,,true,50,,https://crests.football-data.org/94.png
Carlos Romero,carlos-romero,Spain,ES,Villarreal CF,LA_LIGA,Defender,DEFENDER,2001-10-29,,,true,50,,https://crests.football-data.org/94.png
Santiago Mouriño,santiago-mourino,Uruguay,UY,Villarreal CF,LA_LIGA,Defender,DEFENDER,2002-02-13,,,true,50,,https://crests.football-data.org/94.png
Pau Navarro,pau-navarro,Spain,ES,Villarreal CF,LA_LIGA,Defender,DEFENDER,2005-04-25,,,true,50,,https://crests.football-data.org/94.png
Willy Kambwala,willy-kambwala,DR Congo,CD,Villarreal CF,LA_LIGA,Defender,DEFENDER,2004-08-25,,,true,50,,https://crests.football-data.org/94.png
Pape Gueye,pape-gueye,Senegal,SN,Villarreal CF,LA_LIGA,Midfielder,MIDFIELDER,1999-01-24,,,true,50,,https://crests.football-data.org/94.png
Santiago Comesaña,santiago-comesana,Spain,ES,Villarreal CF,LA_LIGA,Midfielder,MIDFIELDER,1996-10-05,,,true,50,,https://crests.football-data.org/94.png
Nathan-Dylan Saliba,nathan-dylan-saliba,Canada,CA,Villarreal CF,LA_LIGA,Midfielder,MIDFIELDER,2004-02-07,,,true,50,,https://crests.football-data.org/94.png
Alassane Diatta,alassane-diatta,Senegal,SN,Villarreal CF,LA_LIGA,Midfielder,MIDFIELDER,2005-05-14,,,true,50,,https://crests.football-data.org/94.png
Carlos Macià,carlos-macia,Spain,ES,Villarreal CF,LA_LIGA,Midfielder,MIDFIELDER,2008-09-01,,,true,50,,https://crests.football-data.org/94.png
Ayoze Pérez,ayoze-perez,Spain,ES,Villarreal CF,LA_LIGA,Forward,FORWARD,1993-07-29,,,true,50,,https://crests.football-data.org/94.png
Nicolas Pépé,nicolas-pepe,Ivory Coast,CI,Villarreal CF,LA_LIGA,Forward,FORWARD,1995-05-29,,,true,50,,https://crests.football-data.org/94.png
Hugo López,hugo-lopez,Spain,ES,Villarreal CF,LA_LIGA,Forward,FORWARD,2007-03-04,,,true,50,,https://crests.football-data.org/94.png
Gerard Moreno,gerard-moreno,Spain,ES,Villarreal CF,LA_LIGA,Forward,FORWARD,1992-04-07,,,true,50,,https://crests.football-data.org/94.png
Tajon Buchanan,tajon-buchanan,Canada,CA,Villarreal CF,LA_LIGA,Forward,FORWARD,1999-02-08,,,true,50,,https://crests.football-data.org/94.png
Georges Mikautadze,georges-mikautadze,Georgia,GE,Villarreal CF,LA_LIGA,Forward,FORWARD,2000-10-31,,,true,50,,https://crests.football-data.org/94.png
Alberto Moleiro,alberto-moleiro,Spain,ES,Villarreal CF,LA_LIGA,Forward,FORWARD,2003-09-30,,,true,50,,https://crests.football-data.org/94.png
Ilias Akhomach,ilias-akhomach,Morocco,MA,Villarreal CF,LA_LIGA,Forward,FORWARD,2004-04-16,,,true,50,,https://crests.football-data.org/94.png
Tani Oluwaseyi,tani-oluwaseyi,Canada,CA,Villarreal CF,LA_LIGA,Forward,FORWARD,2000-05-15,,,true,50,,https://crests.football-data.org/94.png
Thiago Fernandez,thiago-fernandez-1,Argentina,AR,Villarreal CF,LA_LIGA,Forward,FORWARD,2004-04-03,,,true,50,,https://crests.football-data.org/94.png
Cristian,cristian,Spain,ES,Valencia CF,LA_LIGA,Goalkeeper,GOALKEEPER,1998-03-21,,,true,50,,https://crests.football-data.org/95.png
Stole Dimitrievski,stole-dimitrievski,North Macedonia,MK,Valencia CF,LA_LIGA,Goalkeeper,GOALKEEPER,1993-12-25,,,true,50,,https://crests.football-data.org/95.png
Kayne van Oevelen,kayne-van-oevelen-1,Netherlands,NL,Valencia CF,LA_LIGA,Goalkeeper,GOALKEEPER,2003-08-08,,,true,50,,https://crests.football-data.org/95.png
Mouctar Diakhaby,mouctar-diakhaby,Guinea,GN,Valencia CF,LA_LIGA,Defender,DEFENDER,1996-12-19,,,true,50,,https://crests.football-data.org/95.png
Dimitri Foulquier,dimitri-foulquier,Guadeloupe,XX,Valencia CF,LA_LIGA,Defender,DEFENDER,1993-03-23,,,true,50,,https://crests.football-data.org/95.png
Gaya,gaya,Spain,ES,Valencia CF,LA_LIGA,Defender,DEFENDER,1995-05-25,,,true,50,,https://crests.football-data.org/95.png
Pablo Maffeo,pablo-maffeo,Spain,ES,Valencia CF,LA_LIGA,Defender,DEFENDER,1997-07-12,,,true,50,,https://crests.football-data.org/95.png
Justin de Haas,justin-de-haas,Netherlands,NL,Valencia CF,LA_LIGA,Defender,DEFENDER,2000-02-01,,,true,50,,https://crests.football-data.org/95.png
Arnau Martinez,arnau-martinez,Spain,ES,Valencia CF,LA_LIGA,Defender,DEFENDER,2003-04-25,,,true,50,,https://crests.football-data.org/95.png
Jesus Vazquez Alcalde,jesus-vazquez-alcalde,Spain,ES,Valencia CF,LA_LIGA,Defender,DEFENDER,2003-01-02,,,true,50,,https://crests.football-data.org/95.png
Copete,copete,Spain,ES,Valencia CF,LA_LIGA,Defender,DEFENDER,1999-10-10,,,true,50,,https://crests.football-data.org/95.png
Cesar Tarrega,cesar-tarrega,Spain,ES,Valencia CF,LA_LIGA,Defender,DEFENDER,2002-02-26,,,true,50,,https://crests.football-data.org/95.png
Iker Córdoba,iker-cordoba,Spain,ES,Valencia CF,LA_LIGA,Defender,DEFENDER,2005-11-11,,,true,50,,https://crests.football-data.org/95.png
Filip Ugrinic,filip-ugrinic,Switzerland,CH,Valencia CF,LA_LIGA,Midfielder,MIDFIELDER,1999-01-05,,,true,50,,https://crests.football-data.org/95.png
Pepelu,pepelu,Spain,ES,Valencia CF,LA_LIGA,Midfielder,MIDFIELDER,1998-08-11,,,true,50,,https://crests.football-data.org/95.png
André Almeida,andre-almeida,Portugal,PT,Valencia CF,LA_LIGA,Midfielder,MIDFIELDER,2000-05-30,,,true,50,,https://crests.football-data.org/95.png
Guido Rodríguez,guido-rodriguez,Argentina,AR,Valencia CF,LA_LIGA,Midfielder,MIDFIELDER,1994-04-12,,,true,50,,https://crests.football-data.org/95.png
Javier Guerra,javier-guerra,Spain,ES,Valencia CF,LA_LIGA,Midfielder,MIDFIELDER,2003-05-13,,,true,50,,https://crests.football-data.org/95.png
Aliou Dieng,aliou-dieng,Mali,ML,Valencia CF,LA_LIGA,Midfielder,MIDFIELDER,1997-10-16,,,true,50,,https://crests.football-data.org/95.png
Sergi Canós,sergi-canos,Spain,ES,Valencia CF,LA_LIGA,Forward,FORWARD,1997-02-02,,,true,50,,https://crests.football-data.org/95.png
Umar Sadiq,umar-sadiq,Nigeria,NG,Valencia CF,LA_LIGA,Forward,FORWARD,1997-02-02,,,true,50,,https://crests.football-data.org/95.png
Arnaut Danjuma,arnaut-danjuma,Netherlands,NL,Valencia CF,LA_LIGA,Forward,FORWARD,1997-01-31,,,true,50,,https://crests.football-data.org/95.png
Hugo Duro,hugo-duro,Spain,ES,Valencia CF,LA_LIGA,Forward,FORWARD,1999-11-10,,,true,50,,https://crests.football-data.org/95.png
Dani Raba,dani-raba,Spain,ES,Valencia CF,LA_LIGA,Forward,FORWARD,1995-10-29,,,true,50,,https://crests.football-data.org/95.png
Luis Rioja,luis-rioja,Spain,ES,Valencia CF,LA_LIGA,Forward,FORWARD,1993-10-16,,,true,50,,https://crests.football-data.org/95.png
Diego López,diego-lopez,Spain,ES,Valencia CF,LA_LIGA,Forward,FORWARD,2002-05-13,,,true,50,,https://crests.football-data.org/95.png
Alberto Mari,alberto-mari,Spain,ES,Valencia CF,LA_LIGA,Forward,FORWARD,2001-07-11,,,true,50,,https://crests.football-data.org/95.png
Ryunosuke Sato,ryunosuke-sato,Japan,JP,Valencia CF,LA_LIGA,Forward,FORWARD,2006-10-16,,,true,50,,https://crests.football-data.org/95.png
Sivera,sivera,Spain,ES,Deportivo Alavés,LA_LIGA,Goalkeeper,GOALKEEPER,1996-08-11,,,true,50,,https://crests.football-data.org/263.png
Jesús Owono,jesus-owono,Equatorial Guinea,GQ,Deportivo Alavés,LA_LIGA,Goalkeeper,GOALKEEPER,2001-03-01,,,true,50,,https://crests.football-data.org/263.png
Adrian Rodriguez,adrian-rodriguez,Argentina,AR,Deportivo Alavés,LA_LIGA,Goalkeeper,GOALKEEPER,2000-12-12,,,true,50,,https://crests.football-data.org/263.png
Jonny Otto,jonny-otto,Spain,ES,Deportivo Alavés,LA_LIGA,Defender,DEFENDER,1994-03-03,,,true,50,,https://crests.football-data.org/263.png
Nikola Maraš,nikola-maras,Serbia,RS,Deportivo Alavés,LA_LIGA,Defender,DEFENDER,1995-12-19,,,true,50,,https://crests.football-data.org/263.png
Facundo Garcés,facundo-garces,Malaysia,MY,Deportivo Alavés,LA_LIGA,Defender,DEFENDER,1999-09-05,,,true,50,,https://crests.football-data.org/263.png
Nahuel Tenaglia,nahuel-tenaglia,Argentina,AR,Deportivo Alavés,LA_LIGA,Defender,DEFENDER,1996-02-21,,,true,50,,https://crests.football-data.org/263.png
Moussa Diarra,moussa-diarra-1,France,FR,Deportivo Alavés,LA_LIGA,Defender,DEFENDER,2000-11-10,,,true,50,,https://crests.football-data.org/263.png
Ville Koski,ville-koski,Finland,FI,Deportivo Alavés,LA_LIGA,Defender,DEFENDER,2002-01-27,,,true,50,,https://crests.football-data.org/263.png
Hugo Novoa,hugo-novoa,Spain,ES,Deportivo Alavés,LA_LIGA,Defender,DEFENDER,2003-01-24,,,true,50,,https://crests.football-data.org/263.png
Nicolas Valentini,nicolas-valentini,Argentina,AR,Deportivo Alavés,LA_LIGA,Defender,DEFENDER,2001-04-06,,,true,50,,https://crests.football-data.org/263.png
Yusi,yusi,Spain,ES,Deportivo Alavés,LA_LIGA,Defender,DEFENDER,2005-10-07,,,true,50,,https://crests.football-data.org/263.png
Aleñà,alena,Spain,ES,Deportivo Alavés,LA_LIGA,Midfielder,MIDFIELDER,1998-01-05,,,true,50,,https://crests.football-data.org/263.png
Denís Suárez,denis-suarez,Spain,ES,Deportivo Alavés,LA_LIGA,Midfielder,MIDFIELDER,1994-01-06,,,true,50,,https://crests.football-data.org/263.png
Carlos Benavidez,carlos-benavidez,Uruguay,UY,Deportivo Alavés,LA_LIGA,Midfielder,MIDFIELDER,1998-03-30,,,true,50,,https://crests.football-data.org/263.png
Ander Guevara,ander-guevara,Spain,ES,Deportivo Alavés,LA_LIGA,Midfielder,MIDFIELDER,1997-07-07,,,true,50,,https://crests.football-data.org/263.png
Antonio Blanco,antonio-blanco,Spain,ES,Deportivo Alavés,LA_LIGA,Midfielder,MIDFIELDER,2000-07-23,,,true,50,,https://crests.football-data.org/263.png
Pablo Ibáñez Tébar,pablo-ibanez-tebar,Spain,ES,Deportivo Alavés,LA_LIGA,Midfielder,MIDFIELDER,1998-09-20,,,true,50,,https://crests.football-data.org/263.png
Tomas Mendes,tomas-mendes,Spain,ES,Deportivo Alavés,LA_LIGA,Midfielder,MIDFIELDER,2004-11-21,,,true,50,,https://crests.football-data.org/263.png
Selu Diallo,selu-diallo,Spain,ES,Deportivo Alavés,LA_LIGA,Midfielder,MIDFIELDER,2003-10-01,,,true,50,,https://crests.football-data.org/263.png
Mikel Rodríguez,mikel-rodriguez,Spain,ES,Deportivo Alavés,LA_LIGA,Midfielder,MIDFIELDER,2002-04-03,,,true,50,,https://crests.football-data.org/263.png
Mariano Díaz,mariano-diaz,Dominican Republic,XX,Deportivo Alavés,LA_LIGA,Forward,FORWARD,1993-08-01,,,true,50,,https://crests.football-data.org/263.png
Lucas Boyé,lucas-boye,Argentina,AR,Deportivo Alavés,LA_LIGA,Forward,FORWARD,1996-02-28,,,true,50,,https://crests.football-data.org/263.png
Toni Martínez,toni-martinez,Spain,ES,Deportivo Alavés,LA_LIGA,Forward,FORWARD,1997-06-30,,,true,50,,https://crests.football-data.org/263.png
Miguel Rodríguez,miguel-rodriguez,Spain,ES,Deportivo Alavés,LA_LIGA,Forward,FORWARD,2003-04-29,,,true,50,,https://crests.football-data.org/263.png
Abde Rebbach,abde-rebbach,Algeria,DZ,Deportivo Alavés,LA_LIGA,Forward,FORWARD,1998-08-11,,,true,50,,https://crests.football-data.org/263.png
Aitor Mañas,aitor-manas,Spain,ES,Deportivo Alavés,LA_LIGA,Forward,FORWARD,2003-01-05,,,true,50,,https://crests.football-data.org/263.png
Ángel Pérez,angel-perez,Spain,ES,Deportivo Alavés,LA_LIGA,Forward,FORWARD,2002-06-08,,,true,50,,https://crests.football-data.org/263.png
Matías Dituro,matias-dituro,Argentina,AR,Elche CF,LA_LIGA,Goalkeeper,GOALKEEPER,1987-05-08,,,true,50,,https://crests.football-data.org/285.png
Alejandro Iturbe,alejandro-iturbe,Spain,ES,Elche CF,LA_LIGA,Goalkeeper,GOALKEEPER,2003-09-02,,,true,50,,https://crests.football-data.org/285.png
Pedro Bigas,pedro-bigas,Spain,ES,Elche CF,LA_LIGA,Defender,DEFENDER,1990-05-15,,,true,50,,https://crests.football-data.org/285.png
Bambo Diaby,bambo-diaby,Spain,ES,Elche CF,LA_LIGA,Defender,DEFENDER,1997-12-17,,,true,50,,https://crests.football-data.org/285.png
David Affengruber,david-affengruber,Austria,AT,Elche CF,LA_LIGA,Defender,DEFENDER,2001-03-19,,,true,50,,https://crests.football-data.org/285.png
Víctor Chust,victor-chust,Spain,ES,Elche CF,LA_LIGA,Defender,DEFENDER,2000-03-05,,,true,50,,https://crests.football-data.org/285.png
Buba,buba,Spain,ES,Elche CF,LA_LIGA,Defender,DEFENDER,2007-08-06,,,true,50,,https://crests.football-data.org/285.png
Matia Barzic,matia-barzic,Croatia,HR,Elche CF,LA_LIGA,Defender,DEFENDER,2004-05-31,,,true,50,,https://crests.football-data.org/285.png
Gonzalo Villar,gonzalo-villar,Spain,ES,Elche CF,LA_LIGA,Midfielder,MIDFIELDER,1998-03-23,,,true,50,,https://crests.football-data.org/285.png
Marc Aguado,marc-aguado,Spain,ES,Elche CF,LA_LIGA,Midfielder,MIDFIELDER,2000-02-22,,,true,50,,https://crests.football-data.org/285.png
Martim Neto,martim-neto,Portugal,PT,Elche CF,LA_LIGA,Midfielder,MIDFIELDER,2003-01-14,,,true,50,,https://crests.football-data.org/285.png
Federico Redondo,federico-redondo,Argentina,AR,Elche CF,LA_LIGA,Midfielder,MIDFIELDER,2003-01-18,,,true,50,,https://crests.football-data.org/285.png
Facundo Buonanotte,facundo-buonanotte-1,Argentina,AR,Elche CF,LA_LIGA,Midfielder,MIDFIELDER,2004-12-23,,,true,50,,https://crests.football-data.org/285.png
Javi Morcillo,javi-morcillo,Spain,ES,Elche CF,LA_LIGA,Midfielder,MIDFIELDER,2006-03-15,,,true,50,,https://crests.football-data.org/285.png
Grady Diangana,grady-diangana,DR Congo,CD,Elche CF,LA_LIGA,Forward,FORWARD,1998-04-19,,,true,50,,https://crests.football-data.org/285.png
Ezequiel Ponce,ezequiel-ponce,Argentina,AR,Elche CF,LA_LIGA,Forward,FORWARD,1997-03-29,,,true,50,,https://crests.football-data.org/285.png
Josán Fernández,josan-fernandez,Spain,ES,Elche CF,LA_LIGA,Forward,FORWARD,1989-12-03,,,true,50,,https://crests.football-data.org/285.png
Tete Morente,tete-morente,Spain,ES,Elche CF,LA_LIGA,Forward,FORWARD,1996-12-04,,,true,50,,https://crests.football-data.org/285.png
Germán Valera,german-valera,Spain,ES,Elche CF,LA_LIGA,Forward,FORWARD,2002-03-16,,,true,50,,https://crests.football-data.org/285.png
Fernando Niño,fernando-nino,Spain,ES,Elche CF,LA_LIGA,Forward,FORWARD,2000-10-24,,,true,50,,https://crests.football-data.org/285.png
Lucas Cepeda,lucas-cepeda,Chile,CL,Elche CF,LA_LIGA,Forward,FORWARD,2002-10-31,,,true,50,,https://crests.football-data.org/285.png
Abiel Osorio,abiel-osorio,Argentina,AR,Elche CF,LA_LIGA,Forward,FORWARD,2002-06-13,,,true,50,,https://crests.football-data.org/285.png
Yago Santiago,yago-santiago,Spain,ES,Elche CF,LA_LIGA,Forward,FORWARD,2003-04-15,,,true,50,,https://crests.football-data.org/285.png
Ali Houary,ali-houary,Spain,ES,Elche CF,LA_LIGA,Forward,FORWARD,2005-08-05,,,true,50,,https://crests.football-data.org/285.png
Adam,adam,Spain,ES,Elche CF,LA_LIGA,Forward,FORWARD,2005-10-13,,,true,50,,https://crests.football-data.org/285.png
Rafa Núñez,rafa-nunez,Dominican Republic,XX,Elche CF,LA_LIGA,Forward,FORWARD,2002-01-25,,,true,50,,https://crests.football-data.org/285.png
Nordin Al Lal,nordin-al-lal,Morocco,MA,Elche CF,LA_LIGA,Forward,FORWARD,2005-02-14,,,true,50,,https://crests.football-data.org/285.png
Ionuț Radu,ionut-radu,Romania,RO,RC Celta de Vigo,LA_LIGA,Goalkeeper,GOALKEEPER,1997-05-28,,,true,50,,https://crests.football-data.org/558.png
Altay Bayındır,altay-bay-nd-r-1,Turkey,TR,RC Celta de Vigo,LA_LIGA,Goalkeeper,GOALKEEPER,1998-04-14,,,true,50,,https://crests.football-data.org/558.png
Iván Villar,ivan-villar,Spain,ES,RC Celta de Vigo,LA_LIGA,Goalkeeper,GOALKEEPER,1997-07-09,,,true,50,,https://crests.football-data.org/558.png
Marcos Alonso,marcos-alonso,Spain,ES,RC Celta de Vigo,LA_LIGA,Defender,DEFENDER,1990-12-28,,,true,50,,https://crests.football-data.org/558.png
Carl Starfelt,carl-starfelt,Sweden,SE,RC Celta de Vigo,LA_LIGA,Defender,DEFENDER,1995-06-01,,,true,50,,https://crests.football-data.org/558.png
Javier Galán,javier-galan,Spain,ES,RC Celta de Vigo,LA_LIGA,Defender,DEFENDER,1994-11-19,,,true,50,,https://crests.football-data.org/558.png
Abdoulaye Fayé,abdoulaye-faye,Senegal,SN,RC Celta de Vigo,LA_LIGA,Defender,DEFENDER,1978-02-26,,,true,50,,https://crests.football-data.org/558.png
Sergio Carreira,sergio-carreira,Spain,ES,RC Celta de Vigo,LA_LIGA,Defender,DEFENDER,2000-10-13,,,true,50,,https://crests.football-data.org/558.png
Carlos Dominguez,carlos-dominguez,Spain,ES,RC Celta de Vigo,LA_LIGA,Defender,DEFENDER,2001-01-01,,,true,50,,https://crests.football-data.org/558.png
Álvaro Núñez,alvaro-nunez,Spain,ES,RC Celta de Vigo,LA_LIGA,Defender,DEFENDER,2000-07-07,,,true,50,,https://crests.football-data.org/558.png
Javi Rodríguez,javi-rodriguez,Spain,ES,RC Celta de Vigo,LA_LIGA,Defender,DEFENDER,2003-06-26,,,true,50,,https://crests.football-data.org/558.png
Yoel Lago,yoel-lago,Spain,ES,RC Celta de Vigo,LA_LIGA,Defender,DEFENDER,2004-03-25,,,true,50,,https://crests.football-data.org/558.png
Javi Rueda,javi-rueda,Spain,ES,RC Celta de Vigo,LA_LIGA,Defender,DEFENDER,2002-05-08,,,true,50,,https://crests.football-data.org/558.png
Manuel Fernández,manuel-fernandez,Spain,ES,RC Celta de Vigo,LA_LIGA,Defender,DEFENDER,2001-04-23,,,true,50,,https://crests.football-data.org/558.png
Kike Ribes,kike-ribes,Spain,ES,RC Celta de Vigo,LA_LIGA,Defender,DEFENDER,2004-01-16,,,true,50,,https://crests.football-data.org/558.png
Matías Vecino,matias-vecino,Uruguay,UY,RC Celta de Vigo,LA_LIGA,Midfielder,MIDFIELDER,1991-08-24,,,true,50,,https://crests.football-data.org/558.png
Aleix Febas,aleix-febas,Spain,ES,RC Celta de Vigo,LA_LIGA,Midfielder,MIDFIELDER,1996-02-02,,,true,50,,https://crests.football-data.org/558.png
Ilaix Moriba,ilaix-moriba,Guinea,GN,RC Celta de Vigo,LA_LIGA,Midfielder,MIDFIELDER,2003-01-19,,,true,50,,https://crests.football-data.org/558.png
Miguel Román,miguel-roman,Spain,ES,RC Celta de Vigo,LA_LIGA,Midfielder,MIDFIELDER,2002-12-26,,,true,50,,https://crests.football-data.org/558.png
Iago Aspas,iago-aspas,Spain,ES,RC Celta de Vigo,LA_LIGA,Forward,FORWARD,1987-08-01,,,true,50,,https://crests.football-data.org/558.png
Borja Iglesias,borja-iglesias,Spain,ES,RC Celta de Vigo,LA_LIGA,Forward,FORWARD,1993-01-17,,,true,50,,https://crests.football-data.org/558.png
Carles Pérez,carles-perez,Spain,ES,RC Celta de Vigo,LA_LIGA,Forward,FORWARD,1998-02-16,,,true,50,,https://crests.football-data.org/558.png
Ferran Jutglà,ferran-jutgla,Spain,ES,RC Celta de Vigo,LA_LIGA,Forward,FORWARD,1999-02-01,,,true,50,,https://crests.football-data.org/558.png
Couhaib Driouech,couhaib-driouech,Morocco,MA,RC Celta de Vigo,LA_LIGA,Forward,FORWARD,2002-04-17,,,true,50,,https://crests.football-data.org/558.png
Williot Swedberg,williot-swedberg,Sweden,SE,RC Celta de Vigo,LA_LIGA,Forward,FORWARD,2004-02-01,,,true,50,,https://crests.football-data.org/558.png
Hugo Alvarez,hugo-alvarez,Spain,ES,RC Celta de Vigo,LA_LIGA,Forward,FORWARD,2003-07-02,,,true,50,,https://crests.football-data.org/558.png
Hugo Gonzalez,hugo-gonzalez,Spain,ES,RC Celta de Vigo,LA_LIGA,Forward,FORWARD,2003-02-07,,,true,50,,https://crests.football-data.org/558.png
Jones El-Abdellaoui,jones-el-abdellaoui,Norway,NO,RC Celta de Vigo,LA_LIGA,Forward,FORWARD,2006-01-12,,,true,50,,https://crests.football-data.org/558.png
Pablo Duran,pablo-duran,Spain,ES,RC Celta de Vigo,LA_LIGA,Forward,FORWARD,2001-05-25,,,true,50,,https://crests.football-data.org/558.png
Odisseas Vlachodimos,odisseas-vlachodimos,Greece,GR,Sevilla FC,LA_LIGA,Goalkeeper,GOALKEEPER,1994-04-26,,,true,50,,https://crests.football-data.org/559.png
Fran Gonzalez,fran-gonzalez,Spain,ES,Sevilla FC,LA_LIGA,Goalkeeper,GOALKEEPER,2005-06-24,,,true,50,,https://crests.football-data.org/559.png
Gabriel Suazo,gabriel-suazo,Chile,CL,Sevilla FC,LA_LIGA,Defender,DEFENDER,1997-08-09,,,true,50,,https://crests.football-data.org/559.png
Fábio Cardoso,fabio-cardoso,Portugal,PT,Sevilla FC,LA_LIGA,Defender,DEFENDER,1994-04-19,,,true,50,,https://crests.football-data.org/559.png
Marcão,marcao,Brazil,BR,Sevilla FC,LA_LIGA,Defender,DEFENDER,1996-06-05,,,true,50,,https://crests.football-data.org/559.png
Federico Gattoni,federico-gattoni,Argentina,AR,Sevilla FC,LA_LIGA,Defender,DEFENDER,1999-02-16,,,true,50,,https://crests.football-data.org/559.png
Juan Iglesias,juan-iglesias,Spain,ES,Sevilla FC,LA_LIGA,Defender,DEFENDER,1998-07-03,,,true,50,,https://crests.football-data.org/559.png
Pedrosa,pedrosa-1,Spain,ES,Sevilla FC,LA_LIGA,Defender,DEFENDER,1998-05-13,,,true,50,,https://crests.football-data.org/559.png
Arouna Sangante,arouna-sangante,Senegal,SN,Sevilla FC,LA_LIGA,Defender,DEFENDER,2002-04-12,,,true,50,,https://crests.football-data.org/559.png
Jose Angel Carmona,jose-angel-carmona,Spain,ES,Sevilla FC,LA_LIGA,Defender,DEFENDER,2002-01-29,,,true,50,,https://crests.football-data.org/559.png
Kike Salas,kike-salas,Spain,ES,Sevilla FC,LA_LIGA,Defender,DEFENDER,2002-04-23,,,true,50,,https://crests.football-data.org/559.png
Castrin,castrin,Spain,ES,Sevilla FC,LA_LIGA,Defender,DEFENDER,2003-05-26,,,true,50,,https://crests.football-data.org/559.png
Oso,oso,Spain,ES,Sevilla FC,LA_LIGA,Defender,DEFENDER,2003-07-09,,,true,50,,https://crests.football-data.org/559.png
Julio Díaz,julio-diaz,Spain,ES,Sevilla FC,LA_LIGA,Defender,DEFENDER,2005-01-10,,,true,50,,https://crests.football-data.org/559.png
Jon Guridi,jon-guridi,Spain,ES,Sevilla FC,LA_LIGA,Midfielder,MIDFIELDER,1995-02-28,,,true,50,,https://crests.football-data.org/559.png
Jordán,jordan,Spain,ES,Sevilla FC,LA_LIGA,Midfielder,MIDFIELDER,1994-07-06,,,true,50,,https://crests.football-data.org/559.png
Lucien Agoume,lucien-agoume,France,FR,Sevilla FC,LA_LIGA,Midfielder,MIDFIELDER,2002-02-09,,,true,50,,https://crests.football-data.org/559.png
Giorgi Kochorashvili,giorgi-kochorashvili,Georgia,GE,Sevilla FC,LA_LIGA,Midfielder,MIDFIELDER,1999-06-29,,,true,50,,https://crests.football-data.org/559.png
Manu Bueno,manu-bueno,Spain,ES,Sevilla FC,LA_LIGA,Midfielder,MIDFIELDER,2004-07-27,,,true,50,,https://crests.football-data.org/559.png
Nicolás Guillén,nicolas-guillen,Spain,ES,Sevilla FC,LA_LIGA,Midfielder,MIDFIELDER,2008-01-30,,,true,50,,https://crests.football-data.org/559.png
Ruben Vargas,ruben-vargas,Switzerland,CH,Sevilla FC,LA_LIGA,Forward,FORWARD,1998-08-05,,,true,50,,https://crests.football-data.org/559.png
Alfonso González,alfonso-gonzalez,Spain,ES,Sevilla FC,LA_LIGA,Forward,FORWARD,1999-05-04,,,true,50,,https://crests.football-data.org/559.png
Chidera Ejuke,chidera-ejuke,Nigeria,NG,Sevilla FC,LA_LIGA,Forward,FORWARD,1998-01-02,,,true,50,,https://crests.football-data.org/559.png
Peque,peque,Spain,ES,Sevilla FC,LA_LIGA,Forward,FORWARD,2002-10-04,,,true,50,,https://crests.football-data.org/559.png
Robbie Ure,robbie-ure,Scotland,GB,Sevilla FC,LA_LIGA,Forward,FORWARD,2004-02-26,,,true,50,,https://crests.football-data.org/559.png
Isaac,isaac,Spain,ES,Sevilla FC,LA_LIGA,Forward,FORWARD,2000-05-18,,,true,50,,https://crests.football-data.org/559.png
Miguel Ángel Sierra,miguel-angel-sierra,Spain,ES,Sevilla FC,LA_LIGA,Forward,FORWARD,2004-07-14,,,true,50,,https://crests.football-data.org/559.png
Álvaro Fernández,alvaro-fernandez,Spain,ES,RC Deportivo La Coruña,LA_LIGA,Goalkeeper,GOALKEEPER,1998-04-13,,,true,50,,https://crests.football-data.org/560.png
German Parreno,german-parreno,Spain,ES,RC Deportivo La Coruña,LA_LIGA,Goalkeeper,GOALKEEPER,1993-02-16,,,true,50,,https://crests.football-data.org/560.png
Leo Román,leo-roman,Spain,ES,RC Deportivo La Coruña,LA_LIGA,Goalkeeper,GOALKEEPER,2000-07-06,,,true,50,,https://crests.football-data.org/560.png
Eric Puerto,eric-puerto,Spain,ES,RC Deportivo La Coruña,LA_LIGA,Goalkeeper,GOALKEEPER,2002-10-28,,,true,50,,https://crests.football-data.org/560.png
Ximo Navarro,ximo-navarro,Spain,ES,RC Deportivo La Coruña,LA_LIGA,Defender,DEFENDER,1990-01-23,,,true,50,,https://crests.football-data.org/560.png
Angeliño,angelino,Spain,ES,RC Deportivo La Coruña,LA_LIGA,Defender,DEFENDER,1997-01-04,,,true,50,,https://crests.football-data.org/560.png
Giacomo Quagliata,giacomo-quagliata,Italy,IT,RC Deportivo La Coruña,LA_LIGA,Defender,DEFENDER,2000-02-19,,,true,50,,https://crests.football-data.org/560.png
Arnau Comas,arnau-comas,Spain,ES,RC Deportivo La Coruña,LA_LIGA,Defender,DEFENDER,2000-04-11,,,true,50,,https://crests.football-data.org/560.png
Lucas Noubi,lucas-noubi,Belgium,BE,RC Deportivo La Coruña,LA_LIGA,Defender,DEFENDER,2005-01-15,,,true,50,,https://crests.football-data.org/560.png
Adrià Altimira,adria-altimira,Spain,ES,RC Deportivo La Coruña,LA_LIGA,Defender,DEFENDER,2001-03-28,,,true,50,,https://crests.football-data.org/560.png
Miguel Loureiro,miguel-loureiro,Spain,ES,RC Deportivo La Coruña,LA_LIGA,Defender,DEFENDER,1996-11-21,,,true,50,,https://crests.football-data.org/560.png
Dani Barcia,dani-barcia,Spain,ES,RC Deportivo La Coruña,LA_LIGA,Defender,DEFENDER,2003-01-19,,,true,50,,https://crests.football-data.org/560.png
Ede Bright,ede-bright,Poland,PL,RC Deportivo La Coruña,LA_LIGA,Defender,DEFENDER,2007-02-18,,,true,50,,https://crests.football-data.org/560.png
José Jurado,jose-jurado,Spain,ES,RC Deportivo La Coruña,LA_LIGA,Midfielder,MIDFIELDER,1992-06-21,,,true,50,,https://crests.football-data.org/560.png
Mario Soriano,mario-soriano,Spain,ES,RC Deportivo La Coruña,LA_LIGA,Midfielder,MIDFIELDER,2002-04-22,,,true,50,,https://crests.football-data.org/560.png
Riki Rodríguez,riki-rodriguez,Spain,ES,RC Deportivo La Coruña,LA_LIGA,Midfielder,MIDFIELDER,1997-09-25,,,true,50,,https://crests.football-data.org/560.png
Charlie Patino,charlie-patino,England,GB,RC Deportivo La Coruña,LA_LIGA,Midfielder,MIDFIELDER,2003-10-17,,,true,50,,https://crests.football-data.org/560.png
Lorenzo Amatucci,lorenzo-amatucci,Italy,IT,RC Deportivo La Coruña,LA_LIGA,Midfielder,MIDFIELDER,2004-02-05,,,true,50,,https://crests.football-data.org/560.png
Diego Villares,diego-villares,Spain,ES,RC Deportivo La Coruña,LA_LIGA,Midfielder,MIDFIELDER,1996-06-17,,,true,50,,https://crests.football-data.org/560.png
Teun Gijselhart,teun-gijselhart,Netherlands,NL,RC Deportivo La Coruña,LA_LIGA,Midfielder,MIDFIELDER,2005-04-06,,,true,50,,https://crests.football-data.org/560.png
Jonathan Asp-Jensen,jonathan-asp-jensen,Denmark,DK,RC Deportivo La Coruña,LA_LIGA,Midfielder,MIDFIELDER,2006-01-14,,,true,50,,https://crests.football-data.org/560.png
Noé Carrillo,noe-carrillo,Spain,ES,RC Deportivo La Coruña,LA_LIGA,Midfielder,MIDFIELDER,2006-12-28,,,true,50,,https://crests.football-data.org/560.png
Adama Traoré,adama-traore,Spain,ES,RC Deportivo La Coruña,LA_LIGA,Forward,FORWARD,1996-01-25,,,true,50,,https://crests.football-data.org/560.png
Pierre-Emerick Aubameyang,pierre-emerick-aubameyang,Gabon,GA,RC Deportivo La Coruña,LA_LIGA,Forward,FORWARD,1989-06-18,,,true,50,,https://crests.football-data.org/560.png
Zakaria Eddahchouri,zakaria-eddahchouri,Netherlands,NL,RC Deportivo La Coruña,LA_LIGA,Forward,FORWARD,2000-05-11,,,true,50,,https://crests.football-data.org/560.png
Luismi Cruz,luismi-cruz,Spain,ES,RC Deportivo La Coruña,LA_LIGA,Forward,FORWARD,2001-05-23,,,true,50,,https://crests.football-data.org/560.png
David Mella,david-mella,Spain,ES,RC Deportivo La Coruña,LA_LIGA,Forward,FORWARD,2005-05-23,,,true,50,,https://crests.football-data.org/560.png
Peke,peke,Spain,ES,RC Deportivo La Coruña,LA_LIGA,Forward,FORWARD,2002-12-10,,,true,50,,https://crests.football-data.org/560.png
Kevin Sánchez,kevin-sanchez,Spain,ES,RC Deportivo La Coruña,LA_LIGA,Forward,FORWARD,2005-02-20,,,true,50,,https://crests.football-data.org/560.png
Nsongo Tonfack,nsongo-tonfack,Cameroon,CM,RC Deportivo La Coruña,LA_LIGA,Forward,FORWARD,2004-09-21,,,true,50,,https://crests.football-data.org/560.png
Julen Agirrezabala,julen-agirrezabala-1,Spain,ES,Real Racing Club de Santander,LA_LIGA,Goalkeeper,GOALKEEPER,2000-12-26,,,true,50,,https://crests.football-data.org/5335.png
Simon Eriksson,simon-eriksson,Sweden,SE,Real Racing Club de Santander,LA_LIGA,Goalkeeper,GOALKEEPER,2006-04-24,,,true,50,,https://crests.football-data.org/5335.png
José Manuel,jose-manuel,Spain,ES,Real Racing Club de Santander,LA_LIGA,Defender,DEFENDER,1998-07-19,,,true,50,,https://crests.football-data.org/5335.png
Pablo Ramon,pablo-ramon,Spain,ES,Real Racing Club de Santander,LA_LIGA,Defender,DEFENDER,2001-06-30,,,true,50,,https://crests.football-data.org/5335.png
Álvaro Mantilla,alvaro-mantilla,Spain,ES,Real Racing Club de Santander,LA_LIGA,Defender,DEFENDER,2000-05-09,,,true,50,,https://crests.football-data.org/5335.png
Facundo González,facundo-gonzalez,Uruguay,UY,Real Racing Club de Santander,LA_LIGA,Defender,DEFENDER,2003-06-06,,,true,50,,https://crests.football-data.org/5335.png
Pedro Felipe,pedro-felipe,Brazil,BR,Real Racing Club de Santander,LA_LIGA,Defender,DEFENDER,2004-05-23,,,true,50,,https://crests.football-data.org/5335.png
Salinas,salinas,Spain,ES,Real Racing Club de Santander,LA_LIGA,Defender,DEFENDER,2007-04-03,,,true,50,,https://crests.football-data.org/5335.png
Canales,canales,Spain,ES,Real Racing Club de Santander,LA_LIGA,Midfielder,MIDFIELDER,1991-02-16,,,true,50,,https://crests.football-data.org/5335.png
Iván Martín,ivan-martin,Spain,ES,Real Racing Club de Santander,LA_LIGA,Midfielder,MIDFIELDER,1999-02-14,,,true,50,,https://crests.football-data.org/5335.png
Íñigo Sainz Maza,inigo-sainz-maza,Spain,ES,Real Racing Club de Santander,LA_LIGA,Midfielder,MIDFIELDER,1998-06-16,,,true,50,,https://crests.football-data.org/5335.png
Matteo Prati,matteo-prati,Italy,IT,Real Racing Club de Santander,LA_LIGA,Midfielder,MIDFIELDER,2003-12-28,,,true,50,,https://crests.football-data.org/5335.png
Maguette Gueye,maguette-gueye,Senegal,SN,Real Racing Club de Santander,LA_LIGA,Midfielder,MIDFIELDER,2002-12-30,,,true,50,,https://crests.football-data.org/5335.png
Gustavo Puerta,gustavo-puerta,Colombia,CO,Real Racing Club de Santander,LA_LIGA,Midfielder,MIDFIELDER,2003-07-23,,,true,50,,https://crests.football-data.org/5335.png
Sergio Martínez,sergio-martinez,Spain,ES,Real Racing Club de Santander,LA_LIGA,Midfielder,MIDFIELDER,2007-05-15,,,true,50,,https://crests.football-data.org/5335.png
Andrés Martín,andres-martin,Spain,ES,Real Racing Club de Santander,LA_LIGA,Forward,FORWARD,1999-07-11,,,true,50,,https://crests.football-data.org/5335.png
Asier Villalibre,asier-villalibre,Spain,ES,Real Racing Club de Santander,LA_LIGA,Forward,FORWARD,1997-09-30,,,true,50,,https://crests.football-data.org/5335.png
Iñigo Vicente,inigo-vicente,Spain,ES,Real Racing Club de Santander,LA_LIGA,Forward,FORWARD,1998-01-06,,,true,50,,https://crests.football-data.org/5335.png
Giorgi Guliashvili,giorgi-guliashvili,Georgia,GE,Real Racing Club de Santander,LA_LIGA,Forward,FORWARD,2001-09-05,,,true,50,,https://crests.football-data.org/5335.png
Arana,arana,Spain,ES,Real Racing Club de Santander,LA_LIGA,Forward,FORWARD,2000-02-08,,,true,50,,https://crests.football-data.org/5335.png
Yassir Zabiri,yassir-zabiri,Morocco,MA,Real Racing Club de Santander,LA_LIGA,Forward,FORWARD,2005-02-23,,,true,50,,https://crests.football-data.org/5335.png
Matthias Köbbing,matthias-kobbing,Germany,DE,1. FC Köln,BUNDESLIGA,Goalkeeper,GOALKEEPER,1997-05-28,,,true,50,,https://crests.football-data.org/1.png
Ron-Robert Zieler,ron-robert-zieler,Germany,DE,1. FC Köln,BUNDESLIGA,Goalkeeper,GOALKEEPER,1989-02-12,,,true,50,,https://crests.football-data.org/1.png
Marvin Schwäbe,marvin-schwabe,Germany,DE,1. FC Köln,BUNDESLIGA,Goalkeeper,GOALKEEPER,1995-04-25,,,true,50,,https://crests.football-data.org/1.png
Martin James,martin-james,France,FR,1. FC Köln,BUNDESLIGA,Goalkeeper,GOALKEEPER,2008-02-14,,,true,50,,https://crests.football-data.org/1.png
Timo Hübers,timo-hubers,Germany,DE,1. FC Köln,BUNDESLIGA,Defender,DEFENDER,1996-07-20,,,true,50,,https://crests.football-data.org/1.png
Alessio Castro-Montes,alessio-castro-montes,Belgium,BE,1. FC Köln,BUNDESLIGA,Defender,DEFENDER,1997-05-17,,,true,50,,https://crests.football-data.org/1.png
Gideon Mensah,gideon-mensah,Ghana,GH,1. FC Köln,BUNDESLIGA,Defender,DEFENDER,1998-07-18,,,true,50,,https://crests.football-data.org/1.png
Jusuf Gazibegović,jusuf-gazibegovic,Bosnia-Herzegovina,BA,1. FC Köln,BUNDESLIGA,Defender,DEFENDER,2000-03-11,,,true,50,,https://crests.football-data.org/1.png
Luka Lochoshvili,luka-lochoshvili,Georgia,GE,1. FC Köln,BUNDESLIGA,Defender,DEFENDER,1998-05-29,,,true,50,,https://crests.football-data.org/1.png
Joël Schmied,joel-schmied,Switzerland,CH,1. FC Köln,BUNDESLIGA,Defender,DEFENDER,1998-09-23,,,true,50,,https://crests.football-data.org/1.png
Sebastian Sebulonsen,sebastian-sebulonsen,Norway,NO,1. FC Köln,BUNDESLIGA,Defender,DEFENDER,2000-01-27,,,true,50,,https://crests.football-data.org/1.png
Rav van den Berg,rav-van-den-berg,Netherlands,NL,1. FC Köln,BUNDESLIGA,Defender,DEFENDER,2004-07-07,,,true,50,,https://crests.football-data.org/1.png
Elias Bakatukanda,elias-bakatukanda,Germany,DE,1. FC Köln,BUNDESLIGA,Defender,DEFENDER,2004-04-13,,,true,50,,https://crests.football-data.org/1.png
Julian Pauli,julian-pauli,Germany,DE,1. FC Köln,BUNDESLIGA,Defender,DEFENDER,2005-07-18,,,true,50,,https://crests.football-data.org/1.png
Jahmai Simpson-Pusey,jahmai-simpson-pusey,England,GB,1. FC Köln,BUNDESLIGA,Defender,DEFENDER,2005-11-04,,,true,50,,https://crests.football-data.org/1.png
Ellyes Skhiri,ellyes-skhiri,Tunisia,TN,1. FC Köln,BUNDESLIGA,Midfielder,MIDFIELDER,1995-05-10,,,true,50,,https://crests.football-data.org/1.png
Tom Krauß,tom-krau,Germany,DE,1. FC Köln,BUNDESLIGA,Midfielder,MIDFIELDER,2001-06-22,,,true,50,,https://crests.football-data.org/1.png
Ísak Bergmann Jóhannesson,isak-bergmann-johannesson,Iceland,IS,1. FC Köln,BUNDESLIGA,Midfielder,MIDFIELDER,2003-03-23,,,true,50,,https://crests.football-data.org/1.png
Paul Okon-Engstler,paul-okon-engstler,Australia,AU,1. FC Köln,BUNDESLIGA,Midfielder,MIDFIELDER,2005-01-24,,,true,50,,https://crests.football-data.org/1.png
Gil Neves,gil-neves,Portugal,PT,1. FC Köln,BUNDESLIGA,Midfielder,MIDFIELDER,2008-02-09,,,true,50,,https://crests.football-data.org/1.png
Linton Maina,linton-maina,Germany,DE,1. FC Köln,BUNDESLIGA,Forward,FORWARD,1999-06-23,,,true,50,,https://crests.football-data.org/1.png
Gian-Luca Waldschmidt,gian-luca-waldschmidt,Germany,DE,1. FC Köln,BUNDESLIGA,Forward,FORWARD,1996-05-19,,,true,50,,https://crests.football-data.org/1.png
Ragnar Ache,ragnar-ache,Germany,DE,1. FC Köln,BUNDESLIGA,Forward,FORWARD,1998-07-28,,,true,50,,https://crests.football-data.org/1.png
Thijs Dallinga,thijs-dallinga,Netherlands,NL,1. FC Köln,BUNDESLIGA,Forward,FORWARD,2000-08-03,,,true,50,,https://crests.football-data.org/1.png
Imad Rondić,imad-rondic,Bosnia-Herzegovina,BA,1. FC Köln,BUNDESLIGA,Forward,FORWARD,1999-02-16,,,true,50,,https://crests.football-data.org/1.png
Marius Bülter,marius-bulter,Germany,DE,1. FC Köln,BUNDESLIGA,Forward,FORWARD,1993-03-29,,,true,50,,https://crests.football-data.org/1.png
Jan Thielmann,jan-thielmann,Germany,DE,1. FC Köln,BUNDESLIGA,Forward,FORWARD,2002-05-26,,,true,50,,https://crests.football-data.org/1.png
Said El Mala,said-el-mala,Germany,DE,1. FC Köln,BUNDESLIGA,Forward,FORWARD,2006-08-26,,,true,50,,https://crests.football-data.org/1.png
Malek El Mala,malek-el-mala,Germany,DE,1. FC Köln,BUNDESLIGA,Forward,FORWARD,2005-04-02,,,true,50,,https://crests.football-data.org/1.png
Youssoupha Niang,youssoupha-niang,Germany,DE,1. FC Köln,BUNDESLIGA,Forward,FORWARD,2006-03-25,,,true,50,,https://crests.football-data.org/1.png
Reigan Heskey,reigan-heskey,England,GB,1. FC Köln,BUNDESLIGA,Forward,FORWARD,2008-01-19,,,true,50,,https://crests.football-data.org/1.png
Fynn Schenten,fynn-schenten,Germany,DE,1. FC Köln,BUNDESLIGA,Forward,FORWARD,2007-09-14,,,true,50,,https://crests.football-data.org/1.png
Oliver Baumann,oliver-baumann,Germany,DE,TSG 1899 Hoffenheim,BUNDESLIGA,Goalkeeper,GOALKEEPER,1990-06-02,,,true,50,,https://crests.football-data.org/2.png
Luca Philipp,luca-philipp,Germany,DE,TSG 1899 Hoffenheim,BUNDESLIGA,Goalkeeper,GOALKEEPER,2000-11-28,,,true,50,,https://crests.football-data.org/2.png
Lukas Petersson,lukas-petersson,Iceland,IS,TSG 1899 Hoffenheim,BUNDESLIGA,Goalkeeper,GOALKEEPER,2004-02-09,,,true,50,,https://crests.football-data.org/2.png
Bernardo,bernardo,Brazil,BR,TSG 1899 Hoffenheim,BUNDESLIGA,Defender,DEFENDER,1995-05-14,,,true,50,,https://crests.football-data.org/2.png
Ozan Kabak,ozan-kabak,Turkey,TR,TSG 1899 Hoffenheim,BUNDESLIGA,Defender,DEFENDER,2000-03-25,,,true,50,,https://crests.football-data.org/2.png
Koki Machida,koki-machida,Japan,JP,TSG 1899 Hoffenheim,BUNDESLIGA,Defender,DEFENDER,1997-08-25,,,true,50,,https://crests.football-data.org/2.png
Vladimir Coufal,vladimir-coufal,Czech Republic,CZ,TSG 1899 Hoffenheim,BUNDESLIGA,Defender,DEFENDER,1992-08-22,,,true,50,,https://crests.football-data.org/2.png
Valentin Gendrey,valentin-gendrey,France,FR,TSG 1899 Hoffenheim,BUNDESLIGA,Defender,DEFENDER,2000-06-21,,,true,50,,https://crests.football-data.org/2.png
Albian Hajdari,albian-hajdari,Kosovo,XK,TSG 1899 Hoffenheim,BUNDESLIGA,Defender,DEFENDER,2003-05-18,,,true,50,,https://crests.football-data.org/2.png
Arthur Chaves,arthur-chaves,Brazil,BR,TSG 1899 Hoffenheim,BUNDESLIGA,Defender,DEFENDER,2001-01-29,,,true,50,,https://crests.football-data.org/2.png
Robin Hranac,robin-hranac,Czech Republic,CZ,TSG 1899 Hoffenheim,BUNDESLIGA,Defender,DEFENDER,2000-01-29,,,true,50,,https://crests.football-data.org/2.png
Mats Rots,mats-rots,Netherlands,NL,TSG 1899 Hoffenheim,BUNDESLIGA,Defender,DEFENDER,2006-03-11,,,true,50,,https://crests.football-data.org/2.png
Sean Dulic,sean-dulic,Germany,DE,TSG 1899 Hoffenheim,BUNDESLIGA,Defender,DEFENDER,2005-06-05,,,true,50,,https://crests.football-data.org/2.png
Natnael Abraha,natnael-abraha,Germany,DE,TSG 1899 Hoffenheim,BUNDESLIGA,Defender,DEFENDER,2008-03-14,,,true,50,,https://crests.football-data.org/2.png
Dennis Geiger,dennis-geiger,Germany,DE,TSG 1899 Hoffenheim,BUNDESLIGA,Midfielder,MIDFIELDER,1998-06-10,,,true,50,,https://crests.football-data.org/2.png
Wouter Burger,wouter-burger,Netherlands,NL,TSG 1899 Hoffenheim,BUNDESLIGA,Midfielder,MIDFIELDER,2001-02-16,,,true,50,,https://crests.football-data.org/2.png
Alexander Prass,alexander-prass,Austria,AT,TSG 1899 Hoffenheim,BUNDESLIGA,Midfielder,MIDFIELDER,2001-05-26,,,true,50,,https://crests.football-data.org/2.png
Bambase Conte,bambase-conte,Germany,DE,TSG 1899 Hoffenheim,BUNDESLIGA,Midfielder,MIDFIELDER,2003-07-07,,,true,50,,https://crests.football-data.org/2.png
Muhammed Damar,muhammed-damar,Germany,DE,TSG 1899 Hoffenheim,BUNDESLIGA,Midfielder,MIDFIELDER,2004-04-09,,,true,50,,https://crests.football-data.org/2.png
Umut Tohumcu,umut-tohumcu,Germany,DE,TSG 1899 Hoffenheim,BUNDESLIGA,Midfielder,MIDFIELDER,2004-08-11,,,true,50,,https://crests.football-data.org/2.png
Leon Avdullahu,leon-avdullahu,Kosovo,XK,TSG 1899 Hoffenheim,BUNDESLIGA,Midfielder,MIDFIELDER,1991-03-20,,,true,50,,https://crests.football-data.org/2.png
Luis Engelns,luis-engelns,Germany,DE,TSG 1899 Hoffenheim,BUNDESLIGA,Midfielder,MIDFIELDER,2007-03-11,,,true,50,,https://crests.football-data.org/2.png
Nathan De Cat,nathan-de-cat,Belgium,BE,TSG 1899 Hoffenheim,BUNDESLIGA,Midfielder,MIDFIELDER,2008-07-19,,,true,50,,https://crests.football-data.org/2.png
Cajetan Lenz,cajetan-lenz,Germany,DE,TSG 1899 Hoffenheim,BUNDESLIGA,Midfielder,MIDFIELDER,2006-06-16,,,true,50,,https://crests.football-data.org/2.png
Andrej Kramarić,andrej-kramaric,Croatia,HR,TSG 1899 Hoffenheim,BUNDESLIGA,Forward,FORWARD,1991-06-19,,,true,50,,https://crests.football-data.org/2.png
Adam Hložek,adam-hlozek,Czech Republic,CZ,TSG 1899 Hoffenheim,BUNDESLIGA,Forward,FORWARD,2002-07-25,,,true,50,,https://crests.football-data.org/2.png
Patrick Wimmer,patrick-wimmer,Austria,AT,TSG 1899 Hoffenheim,BUNDESLIGA,Forward,FORWARD,2001-05-30,,,true,50,,https://crests.football-data.org/2.png
Tim Lemperle,tim-lemperle,Germany,DE,TSG 1899 Hoffenheim,BUNDESLIGA,Forward,FORWARD,2002-02-05,,,true,50,,https://crests.football-data.org/2.png
Fisnik Asllani,fisnik-asllani,Kosovo,XK,TSG 1899 Hoffenheim,BUNDESLIGA,Forward,FORWARD,2002-08-08,,,true,50,,https://crests.football-data.org/2.png
Adam Daghim,adam-daghim,Denmark,DK,TSG 1899 Hoffenheim,BUNDESLIGA,Forward,FORWARD,2005-09-28,,,true,50,,https://crests.football-data.org/2.png
Gift Orban,gift-orban,Nigeria,NG,TSG 1899 Hoffenheim,BUNDESLIGA,Forward,FORWARD,2002-07-17,,,true,50,,https://crests.football-data.org/2.png
Deniz Zeitler,deniz-zeitler,Germany,DE,TSG 1899 Hoffenheim,BUNDESLIGA,Forward,FORWARD,2006-12-13,,,true,50,,https://crests.football-data.org/2.png
Yannick Eduardo,yannick-eduardo,Czech Republic,CZ,TSG 1899 Hoffenheim,BUNDESLIGA,Forward,FORWARD,2006-01-23,,,true,50,,https://crests.football-data.org/2.png
Max Moerstedt,max-moerstedt,Germany,DE,TSG 1899 Hoffenheim,BUNDESLIGA,Forward,FORWARD,2006-01-15,,,true,50,,https://crests.football-data.org/2.png
Alessandro Vogt,alessandro-vogt,Switzerland,CH,TSG 1899 Hoffenheim,BUNDESLIGA,Forward,FORWARD,2005-02-03,,,true,50,,https://crests.football-data.org/2.png
Niklas Lomb,niklas-lomb,Germany,DE,Bayer 04 Leverkusen,BUNDESLIGA,Goalkeeper,GOALKEEPER,1993-07-28,,,true,50,,https://crests.football-data.org/3.png
Janis Blaswich,janis-blaswich,Germany,DE,Bayer 04 Leverkusen,BUNDESLIGA,Goalkeeper,GOALKEEPER,1991-05-02,,,true,50,,https://crests.football-data.org/3.png
Mark Flekken,mark-flekken,Netherlands,NL,Bayer 04 Leverkusen,BUNDESLIGA,Goalkeeper,GOALKEEPER,1993-06-13,,,true,50,,https://crests.football-data.org/3.png
Lucas Vázquez,lucas-vazquez,Spain,ES,Bayer 04 Leverkusen,BUNDESLIGA,Defender,DEFENDER,1991-07-01,,,true,50,,https://crests.football-data.org/3.png
Abdoulaye Fayé,abdoulaye-faye-1,Senegal,SN,Bayer 04 Leverkusen,BUNDESLIGA,Defender,DEFENDER,1978-02-26,,,true,50,,https://crests.football-data.org/3.png
Facundo Medina,facundo-medina,Argentina,AR,Bayer 04 Leverkusen,BUNDESLIGA,Defender,DEFENDER,1999-05-28,,,true,50,,https://crests.football-data.org/3.png
Edmond Tapsoba,edmond-tapsoba,Burkina Faso,BF,Bayer 04 Leverkusen,BUNDESLIGA,Defender,DEFENDER,1999-02-02,,,true,50,,https://crests.football-data.org/3.png
Loïc Bade,loic-bade,France,FR,Bayer 04 Leverkusen,BUNDESLIGA,Defender,DEFENDER,2000-04-11,,,true,50,,https://crests.football-data.org/3.png
Miguel Gutiérrez,miguel-gutierrez,Spain,ES,Bayer 04 Leverkusen,BUNDESLIGA,Defender,DEFENDER,2001-07-27,,,true,50,,https://crests.football-data.org/3.png
Jarell Quansah,jarell-quansah,England,GB,Bayer 04 Leverkusen,BUNDESLIGA,Defender,DEFENDER,2003-01-29,,,true,50,,https://crests.football-data.org/3.png
Jeanuel Belocian,jeanuel-belocian,France,FR,Bayer 04 Leverkusen,BUNDESLIGA,Defender,DEFENDER,2005-02-17,,,true,50,,https://crests.football-data.org/3.png
Arthur Augusto,arthur-augusto,Brazil,BR,Bayer 04 Leverkusen,BUNDESLIGA,Defender,DEFENDER,2003-03-17,,,true,50,,https://crests.football-data.org/3.png
Tim Oermann,tim-oermann,Germany,DE,Bayer 04 Leverkusen,BUNDESLIGA,Defender,DEFENDER,2003-10-06,,,true,50,,https://crests.football-data.org/3.png
Axel Tape,axel-tape,France,FR,Bayer 04 Leverkusen,BUNDESLIGA,Defender,DEFENDER,2007-08-10,,,true,50,,https://crests.football-data.org/3.png
Jonas Hofmann,jonas-hofmann,Germany,DE,Bayer 04 Leverkusen,BUNDESLIGA,Midfielder,MIDFIELDER,1992-07-14,,,true,50,,https://crests.football-data.org/3.png
Exequiel Palacios,exequiel-palacios-1,Argentina,AR,Bayer 04 Leverkusen,BUNDESLIGA,Midfielder,MIDFIELDER,1998-10-05,,,true,50,,https://crests.football-data.org/3.png
Aleix García,aleix-garcia,Spain,ES,Bayer 04 Leverkusen,BUNDESLIGA,Midfielder,MIDFIELDER,1997-06-28,,,true,50,,https://crests.football-data.org/3.png
Robert Andrich,robert-andrich,Germany,DE,Bayer 04 Leverkusen,BUNDESLIGA,Midfielder,MIDFIELDER,1994-09-22,,,true,50,,https://crests.football-data.org/3.png
Malik Tillman,malik-tillman,USA,US,Bayer 04 Leverkusen,BUNDESLIGA,Midfielder,MIDFIELDER,2002-05-28,,,true,50,,https://crests.football-data.org/3.png
Noah Mbamba,noah-mbamba,Belgium,BE,Bayer 04 Leverkusen,BUNDESLIGA,Midfielder,MIDFIELDER,2005-01-05,,,true,50,,https://crests.football-data.org/3.png
Ignacio Fernández,ignacio-fernandez,Argentina,AR,Bayer 04 Leverkusen,BUNDESLIGA,Midfielder,MIDFIELDER,2002-07-25,,,true,50,,https://crests.football-data.org/3.png
Ibrahim Maza,ibrahim-maza,Algeria,DZ,Bayer 04 Leverkusen,BUNDESLIGA,Midfielder,MIDFIELDER,2005-11-24,,,true,50,,https://crests.football-data.org/3.png
Kennet Eichhorn,kennet-eichhorn,Germany,DE,Bayer 04 Leverkusen,BUNDESLIGA,Midfielder,MIDFIELDER,2009-07-27,,,true,50,,https://crests.football-data.org/3.png
Naba Mensah,naba-mensah,Germany,DE,Bayer 04 Leverkusen,BUNDESLIGA,Midfielder,MIDFIELDER,2007-05-08,,,true,50,,https://crests.football-data.org/3.png
Patrik Schick,patrik-schick,Czech Republic,CZ,Bayer 04 Leverkusen,BUNDESLIGA,Forward,FORWARD,1996-01-24,,,true,50,,https://crests.football-data.org/3.png
Martin Terrier,martin-terrier,France,FR,Bayer 04 Leverkusen,BUNDESLIGA,Forward,FORWARD,1997-03-04,,,true,50,,https://crests.football-data.org/3.png
Victor Boniface,victor-boniface,Nigeria,NG,Bayer 04 Leverkusen,BUNDESLIGA,Forward,FORWARD,2000-12-23,,,true,50,,https://crests.football-data.org/3.png
Nathan Tella,nathan-tella,Nigeria,NG,Bayer 04 Leverkusen,BUNDESLIGA,Forward,FORWARD,1999-07-05,,,true,50,,https://crests.football-data.org/3.png
Ernest Poku,ernest-poku,Netherlands,NL,Bayer 04 Leverkusen,BUNDESLIGA,Forward,FORWARD,2004-01-28,,,true,50,,https://crests.football-data.org/3.png
Eliesse Ben Seghir,eliesse-ben-seghir,France,FR,Bayer 04 Leverkusen,BUNDESLIGA,Forward,FORWARD,2005-02-16,,,true,50,,https://crests.football-data.org/3.png
Afonso Moreira,afonso-moreira,Portugal,PT,Bayer 04 Leverkusen,BUNDESLIGA,Forward,FORWARD,2005-03-19,,,true,50,,https://crests.football-data.org/3.png
Alejo Sarco,alejo-sarco,Argentina,AR,Bayer 04 Leverkusen,BUNDESLIGA,Forward,FORWARD,2006-01-06,,,true,50,,https://crests.football-data.org/3.png
Kerim Alajbegović,kerim-alajbegovic,Bosnia-Herzegovina,BA,Bayer 04 Leverkusen,BUNDESLIGA,Forward,FORWARD,2007-09-21,,,true,50,,https://crests.football-data.org/3.png
Farid Alfa-Ruprecht,farid-alfa-ruprecht,Germany,DE,Bayer 04 Leverkusen,BUNDESLIGA,Forward,FORWARD,2006-03-28,,,true,50,,https://crests.football-data.org/3.png
Christian Kofane,christian-kofane,Cameroon,CM,Bayer 04 Leverkusen,BUNDESLIGA,Forward,FORWARD,2006-07-26,,,true,50,,https://crests.football-data.org/3.png
Aleksa Damjanović,aleksa-damjanovic,Serbia,RS,Bayer 04 Leverkusen,BUNDESLIGA,Forward,FORWARD,2008-12-04,,,true,50,,https://crests.football-data.org/3.png
Montrell Culbreath,montrell-culbreath,Germany,DE,Bayer 04 Leverkusen,BUNDESLIGA,Forward,FORWARD,2007-08-29,,,true,50,,https://crests.football-data.org/3.png
Gregor Kobel,gregor-kobel,Switzerland,CH,Borussia Dortmund,BUNDESLIGA,Goalkeeper,GOALKEEPER,1997-12-06,,,true,50,,https://crests.football-data.org/4.png
Patrick Drewes,patrick-drewes,Germany,DE,Borussia Dortmund,BUNDESLIGA,Goalkeeper,GOALKEEPER,1993-02-04,,,true,50,,https://crests.football-data.org/4.png
Alexander Meyer,alexander-meyer,Germany,DE,Borussia Dortmund,BUNDESLIGA,Goalkeeper,GOALKEEPER,1991-04-13,,,true,50,,https://crests.football-data.org/4.png
Diant Ramaj,diant-ramaj,Germany,DE,Borussia Dortmund,BUNDESLIGA,Goalkeeper,GOALKEEPER,2001-09-19,,,true,50,,https://crests.football-data.org/4.png
Silas Ostrzinski,silas-ostrzinski,Germany,DE,Borussia Dortmund,BUNDESLIGA,Goalkeeper,GOALKEEPER,2003-11-19,,,true,50,,https://crests.football-data.org/4.png
Waldemar Anton,waldemar-anton,Germany,DE,Borussia Dortmund,BUNDESLIGA,Defender,DEFENDER,1996-07-20,,,true,50,,https://crests.football-data.org/4.png
Emre Can,emre-can,Germany,DE,Borussia Dortmund,BUNDESLIGA,Defender,DEFENDER,1994-01-12,,,true,50,,https://crests.football-data.org/4.png
Ramy Bensebaini,ramy-bensebaini,Algeria,DZ,Borussia Dortmund,BUNDESLIGA,Defender,DEFENDER,1995-04-16,,,true,50,,https://crests.football-data.org/4.png
Julian Ryerson,julian-ryerson,Norway,NO,Borussia Dortmund,BUNDESLIGA,Defender,DEFENDER,1997-11-17,,,true,50,,https://crests.football-data.org/4.png
Nico Schlotterbeck,nico-schlotterbeck,Germany,DE,Borussia Dortmund,BUNDESLIGA,Defender,DEFENDER,1999-12-01,,,true,50,,https://crests.football-data.org/4.png
Yan Couto,yan-couto,Brazil,BR,Borussia Dortmund,BUNDESLIGA,Defender,DEFENDER,2002-06-03,,,true,50,,https://crests.football-data.org/4.png
Daniel Svensson,daniel-svensson,Sweden,SE,Borussia Dortmund,BUNDESLIGA,Defender,DEFENDER,2002-02-12,,,true,50,,https://crests.football-data.org/4.png
Kouakou Gadou,kouakou-gadou,France,FR,Borussia Dortmund,BUNDESLIGA,Defender,DEFENDER,2007-01-17,,,true,50,,https://crests.football-data.org/4.png
Filippo Mané,filippo-mane,Italy,IT,Borussia Dortmund,BUNDESLIGA,Defender,DEFENDER,2005-03-08,,,true,50,,https://crests.football-data.org/4.png
Almugera Kabar,almugera-kabar,Germany,DE,Borussia Dortmund,BUNDESLIGA,Defender,DEFENDER,2006-06-06,,,true,50,,https://crests.football-data.org/4.png
Kaua Prates,kaua-prates,Brazil,BR,Borussia Dortmund,BUNDESLIGA,Defender,DEFENDER,2008-08-12,,,true,50,,https://crests.football-data.org/4.png
Luca Reggiani,luca-reggiani,Italy,IT,Borussia Dortmund,BUNDESLIGA,Defender,DEFENDER,2008-01-09,,,true,50,,https://crests.football-data.org/4.png
Marcel Sabitzer,marcel-sabitzer,Austria,AT,Borussia Dortmund,BUNDESLIGA,Midfielder,MIDFIELDER,1994-03-17,,,true,50,,https://crests.football-data.org/4.png
Joey Veerman,joey-veerman,Netherlands,NL,Borussia Dortmund,BUNDESLIGA,Midfielder,MIDFIELDER,1998-11-19,,,true,50,,https://crests.football-data.org/4.png
Felix Kalu Nmecha,felix-kalu-nmecha,Germany,DE,Borussia Dortmund,BUNDESLIGA,Midfielder,MIDFIELDER,2000-10-10,,,true,50,,https://crests.football-data.org/4.png
Carney Chukwuemeka,carney-chukwuemeka,Austria,AT,Borussia Dortmund,BUNDESLIGA,Midfielder,MIDFIELDER,2003-10-20,,,true,50,,https://crests.football-data.org/4.png
Jobe Bellingham,jobe-bellingham,England,GB,Borussia Dortmund,BUNDESLIGA,Midfielder,MIDFIELDER,2005-09-23,,,true,50,,https://crests.football-data.org/4.png
Konstantinos Karetsas,konstantinos-karetsas,Belgium,BE,Borussia Dortmund,BUNDESLIGA,Midfielder,MIDFIELDER,2007-11-19,,,true,50,,https://crests.football-data.org/4.png
Justin Lerma,justin-lerma,Ecuador,EC,Borussia Dortmund,BUNDESLIGA,Midfielder,MIDFIELDER,2008-05-05,,,true,50,,https://crests.football-data.org/4.png
Mussa Kaba,mussa-kaba,Germany,DE,Borussia Dortmund,BUNDESLIGA,Midfielder,MIDFIELDER,2008-11-17,,,true,50,,https://crests.football-data.org/4.png
Sehrou Guirassy,sehrou-guirassy,Guinea,GN,Borussia Dortmund,BUNDESLIGA,Forward,FORWARD,1996-03-12,,,true,50,,https://crests.football-data.org/4.png
Karim Adeyemi,karim-adeyemi-1,Germany,DE,Borussia Dortmund,BUNDESLIGA,Forward,FORWARD,2002-01-18,,,true,50,,https://crests.football-data.org/4.png
Fábio Silva,fabio-silva,Portugal,PT,Borussia Dortmund,BUNDESLIGA,Forward,FORWARD,2002-07-19,,,true,50,,https://crests.football-data.org/4.png
Maximilian Beier,maximilian-beier,Germany,DE,Borussia Dortmund,BUNDESLIGA,Forward,FORWARD,2002-10-17,,,true,50,,https://crests.football-data.org/4.png
Samuele Inácio,samuele-inacio,Italy,IT,Borussia Dortmund,BUNDESLIGA,Forward,FORWARD,2008-04-02,,,true,50,,https://crests.football-data.org/4.png
Mathis Albert,mathis-albert,USA,US,Borussia Dortmund,BUNDESLIGA,Forward,FORWARD,2009-05-21,,,true,50,,https://crests.football-data.org/4.png
Manuel Neuer,manuel-neuer,Germany,DE,FC Bayern München,BUNDESLIGA,Goalkeeper,GOALKEEPER,1986-03-27,,,true,50,,https://crests.football-data.org/5.png
Sven Ulreich,sven-ulreich,Germany,DE,FC Bayern München,BUNDESLIGA,Goalkeeper,GOALKEEPER,1988-08-03,,,true,50,,https://crests.football-data.org/5.png
Jonas Urbig,jonas-urbig,Germany,DE,FC Bayern München,BUNDESLIGA,Goalkeeper,GOALKEEPER,2003-08-08,,,true,50,,https://crests.football-data.org/5.png
Leon Klanac,leon-klanac,Germany,DE,FC Bayern München,BUNDESLIGA,Goalkeeper,GOALKEEPER,2007-03-01,,,true,50,,https://crests.football-data.org/5.png
Jonathan Tah,jonathan-tah,Germany,DE,FC Bayern München,BUNDESLIGA,Defender,DEFENDER,1996-02-11,,,true,50,,https://crests.football-data.org/5.png
Dayot Upamecano,dayot-upamecano,France,FR,FC Bayern München,BUNDESLIGA,Defender,DEFENDER,1998-10-27,,,true,50,,https://crests.football-data.org/5.png
Konrad Laimer,konrad-laimer,Austria,AT,FC Bayern München,BUNDESLIGA,Defender,DEFENDER,1997-05-27,,,true,50,,https://crests.football-data.org/5.png
Alphonso Davies,alphonso-davies,Canada,CA,FC Bayern München,BUNDESLIGA,Defender,DEFENDER,2000-11-02,,,true,50,,https://crests.football-data.org/5.png
Hiroki Ito,hiroki-ito,Japan,JP,FC Bayern München,BUNDESLIGA,Defender,DEFENDER,1999-05-12,,,true,50,,https://crests.football-data.org/5.png
Sacha Boey,sacha-boey,France,FR,FC Bayern München,BUNDESLIGA,Defender,DEFENDER,2000-09-13,,,true,50,,https://crests.football-data.org/5.png
Josip Stanišić,josip-stanisic,Croatia,HR,FC Bayern München,BUNDESLIGA,Defender,DEFENDER,2000-04-02,,,true,50,,https://crests.football-data.org/5.png
Min-Jae Kim,min-jae-kim,South Korea,KR,FC Bayern München,BUNDESLIGA,Defender,DEFENDER,1996-11-15,,,true,50,,https://crests.football-data.org/5.png
Nathaniel Brown,nathaniel-brown,Germany,DE,FC Bayern München,BUNDESLIGA,Defender,DEFENDER,2003-06-16,,,true,50,,https://crests.football-data.org/5.png
Tarek Buchmann,tarek-buchmann,Germany,DE,FC Bayern München,BUNDESLIGA,Defender,DEFENDER,2005-02-28,,,true,50,,https://crests.football-data.org/5.png
Joshua Kimmich,joshua-kimmich,Germany,DE,FC Bayern München,BUNDESLIGA,Midfielder,MIDFIELDER,1995-02-08,,,true,50,,https://crests.football-data.org/5.png
João Palhinha,joao-palhinha,Portugal,PT,FC Bayern München,BUNDESLIGA,Midfielder,MIDFIELDER,1995-07-09,,,true,50,,https://crests.football-data.org/5.png
Ismael Saibari,ismael-saibari,Morocco,MA,FC Bayern München,BUNDESLIGA,Midfielder,MIDFIELDER,2001-01-28,,,true,50,,https://crests.football-data.org/5.png
Jamal Musiala,jamal-musiala,Germany,DE,FC Bayern München,BUNDESLIGA,Midfielder,MIDFIELDER,2003-02-26,,,true,50,,https://crests.football-data.org/5.png
Tom Bischof,tom-bischof,Germany,DE,FC Bayern München,BUNDESLIGA,Midfielder,MIDFIELDER,2005-06-28,,,true,50,,https://crests.football-data.org/5.png
Aleksandar Pavlović,aleksandar-pavlovic,Germany,DE,FC Bayern München,BUNDESLIGA,Midfielder,MIDFIELDER,2004-05-03,,,true,50,,https://crests.football-data.org/5.png
Felipe Chavez,felipe-chavez,Peru,PE,FC Bayern München,BUNDESLIGA,Midfielder,MIDFIELDER,2007-04-10,,,true,50,,https://crests.football-data.org/5.png
Lennart Karl,lennart-karl,Germany,DE,FC Bayern München,BUNDESLIGA,Midfielder,MIDFIELDER,2008-02-22,,,true,50,,https://crests.football-data.org/5.png
David Daiber,david-daiber,Portugal,PT,FC Bayern München,BUNDESLIGA,Midfielder,MIDFIELDER,2007-01-10,,,true,50,,https://crests.football-data.org/5.png
Bara Ndiaye,bara-ndiaye,Senegal,SN,FC Bayern München,BUNDESLIGA,Midfielder,MIDFIELDER,2007-12-31,,,true,50,,https://crests.football-data.org/5.png
Serge Gnabry,serge-gnabry,Germany,DE,FC Bayern München,BUNDESLIGA,Forward,FORWARD,1995-07-14,,,true,50,,https://crests.football-data.org/5.png
Harry Kane,harry-kane,England,GB,FC Bayern München,BUNDESLIGA,Forward,FORWARD,1993-07-28,,,true,50,,https://crests.football-data.org/5.png
Luis Díaz,luis-diaz,Colombia,CO,FC Bayern München,BUNDESLIGA,Forward,FORWARD,1997-01-13,,,true,50,,https://crests.football-data.org/5.png
Michael Olise,michael-olise,France,FR,FC Bayern München,BUNDESLIGA,Forward,FORWARD,2001-12-12,,,true,50,,https://crests.football-data.org/5.png
Armindo Sieb,armindo-sieb,Germany,DE,FC Bayern München,BUNDESLIGA,Forward,FORWARD,2003-02-17,,,true,50,,https://crests.football-data.org/5.png
Arijon Ibrahimovic,arijon-ibrahimovic,Germany,DE,FC Bayern München,BUNDESLIGA,Forward,FORWARD,2005-12-11,,,true,50,,https://crests.football-data.org/5.png
Bryan Zaragoza,bryan-zaragoza-1,Spain,ES,FC Bayern München,BUNDESLIGA,Forward,FORWARD,2001-09-09,,,true,50,,https://crests.football-data.org/5.png
Kevin Müller,kevin-muller,Germany,DE,FC Schalke 04,BUNDESLIGA,Goalkeeper,GOALKEEPER,1991-03-15,,,true,50,,https://crests.football-data.org/6.png
Loris Karius,loris-karius,Germany,DE,FC Schalke 04,BUNDESLIGA,Goalkeeper,GOALKEEPER,1993-06-22,,,true,50,,https://crests.football-data.org/6.png
Johannes Siebeking,johannes-siebeking,Germany,DE,FC Schalke 04,BUNDESLIGA,Goalkeeper,GOALKEEPER,2006-03-02,,,true,50,,https://crests.football-data.org/6.png
Robin Gosens,robin-gosens,Germany,DE,FC Schalke 04,BUNDESLIGA,Defender,DEFENDER,1994-07-05,,,true,50,,https://crests.football-data.org/6.png
Tomáš Kalas,tomas-kalas,Czech Republic,CZ,FC Schalke 04,BUNDESLIGA,Defender,DEFENDER,1993-05-15,,,true,50,,https://crests.football-data.org/6.png
Maximilian Wöber,maximilian-wober-1,Austria,AT,FC Schalke 04,BUNDESLIGA,Defender,DEFENDER,1998-02-04,,,true,50,,https://crests.football-data.org/6.png
Timo Becker,timo-becker,Germany,DE,FC Schalke 04,BUNDESLIGA,Defender,DEFENDER,1997-03-25,,,true,50,,https://crests.football-data.org/6.png
Nikola Katić,nikola-katic,Bosnia-Herzegovina,BA,FC Schalke 04,BUNDESLIGA,Defender,DEFENDER,1996-10-10,,,true,50,,https://crests.football-data.org/6.png
Anton Donkor,anton-donkor,Germany,DE,FC Schalke 04,BUNDESLIGA,Defender,DEFENDER,1997-11-11,,,true,50,,https://crests.football-data.org/6.png
Hasan Kuruçay,hasan-kurucay,Turkey,TR,FC Schalke 04,BUNDESLIGA,Defender,DEFENDER,1997-08-31,,,true,50,,https://crests.football-data.org/6.png
Adrian Gantenbein,adrian-gantenbein,Switzerland,CH,FC Schalke 04,BUNDESLIGA,Defender,DEFENDER,2001-04-18,,,true,50,,https://crests.football-data.org/6.png
Martin Wasinski,martin-wasinski,Belgium,BE,FC Schalke 04,BUNDESLIGA,Defender,DEFENDER,2004-04-07,,,true,50,,https://crests.football-data.org/6.png
Vitalie Becker,vitalie-becker,Germany,DE,FC Schalke 04,BUNDESLIGA,Defender,DEFENDER,2005-03-03,,,true,50,,https://crests.football-data.org/6.png
Dylan Leonard,dylan-leonard,Australia,AU,FC Schalke 04,BUNDESLIGA,Defender,DEFENDER,2007-08-30,,,true,50,,https://crests.football-data.org/6.png
Steve Noode,steve-noode,Cameroon,CM,FC Schalke 04,BUNDESLIGA,Defender,DEFENDER,2005-06-02,,,true,50,,https://crests.football-data.org/6.png
Mertcan Ayhan,mertcan-ayhan,Turkey,TR,FC Schalke 04,BUNDESLIGA,Defender,DEFENDER,2006-09-08,,,true,50,,https://crests.football-data.org/6.png
Kenan Karaman,kenan-karaman,Turkey,TR,FC Schalke 04,BUNDESLIGA,Midfielder,MIDFIELDER,1994-03-05,,,true,50,,https://crests.football-data.org/6.png
Janik Bachmann,janik-bachmann,Germany,DE,FC Schalke 04,BUNDESLIGA,Midfielder,MIDFIELDER,1996-05-06,,,true,50,,https://crests.football-data.org/6.png
Finn Porath,finn-porath,Germany,DE,FC Schalke 04,BUNDESLIGA,Midfielder,MIDFIELDER,1997-02-23,,,true,50,,https://crests.football-data.org/6.png
Dejan Ljubicic,dejan-ljubicic,Austria,AT,FC Schalke 04,BUNDESLIGA,Midfielder,MIDFIELDER,1997-10-08,,,true,50,,https://crests.football-data.org/6.png
Ron Schallenberg,ron-schallenberg,Germany,DE,FC Schalke 04,BUNDESLIGA,Midfielder,MIDFIELDER,1998-10-06,,,true,50,,https://crests.football-data.org/6.png
Dina Ebimbe,dina-ebimbe,Cameroon,CM,FC Schalke 04,BUNDESLIGA,Midfielder,MIDFIELDER,2000-11-21,,,true,50,,https://crests.football-data.org/6.png
Satoshi Tanaka,satoshi-tanaka,Japan,JP,FC Schalke 04,BUNDESLIGA,Midfielder,MIDFIELDER,2002-08-13,,,true,50,,https://crests.football-data.org/6.png
Adil Aouchiche,adil-aouchiche,Algeria,DZ,FC Schalke 04,BUNDESLIGA,Midfielder,MIDFIELDER,2002-07-15,,,true,50,,https://crests.football-data.org/6.png
Soufiane El-Faouzi,soufiane-el-faouzi,Germany,DE,FC Schalke 04,BUNDESLIGA,Midfielder,MIDFIELDER,2002-07-13,,,true,50,,https://crests.football-data.org/6.png
Max Grüger,max-gruger,Germany,DE,FC Schalke 04,BUNDESLIGA,Midfielder,MIDFIELDER,2005-05-24,,,true,50,,https://crests.football-data.org/6.png
Mauro Zalazar,mauro-zalazar,Uruguay,UY,FC Schalke 04,BUNDESLIGA,Midfielder,MIDFIELDER,2005-04-13,,,true,50,,https://crests.football-data.org/6.png
Luca Vozar,luca-vozar,Germany,DE,FC Schalke 04,BUNDESLIGA,Midfielder,MIDFIELDER,2007-05-06,,,true,50,,https://crests.football-data.org/6.png
Bryan Lasme,bryan-lasme,France,FR,FC Schalke 04,BUNDESLIGA,Forward,FORWARD,1998-11-14,,,true,50,,https://crests.football-data.org/6.png
Edin Džeko,edin-dzeko,Bosnia-Herzegovina,BA,FC Schalke 04,BUNDESLIGA,Forward,FORWARD,1986-03-17,,,true,50,,https://crests.football-data.org/6.png
Moussa Sylla,moussa-sylla,Mali,ML,FC Schalke 04,BUNDESLIGA,Forward,FORWARD,1999-11-25,,,true,50,,https://crests.football-data.org/6.png
Chikwubuike Adamu,chikwubuike-adamu,Nigeria,NG,FC Schalke 04,BUNDESLIGA,Forward,FORWARD,2001-06-06,,,true,50,,https://crests.football-data.org/6.png
Christian Gomis,christian-gomis,Senegal,SN,FC Schalke 04,BUNDESLIGA,Forward,FORWARD,2000-08-09,,,true,50,,https://crests.football-data.org/6.png
Emil Højlund,emil-h-jlund,Denmark,DK,FC Schalke 04,BUNDESLIGA,Forward,FORWARD,2005-01-04,,,true,50,,https://crests.football-data.org/6.png
Zaid Amaussau,zaid-amaussau,Togo,TG,FC Schalke 04,BUNDESLIGA,Forward,FORWARD,2006-02-21,,,true,50,,https://crests.football-data.org/6.png
Mika Wallentowitz,mika-wallentowitz,Germany,DE,FC Schalke 04,BUNDESLIGA,Forward,FORWARD,2007-12-28,,,true,50,,https://crests.football-data.org/6.png
Daniel Fernandes,daniel-fernandes,Portugal,PT,Hamburger SV,BUNDESLIGA,Goalkeeper,GOALKEEPER,1992-11-13,,,true,50,,https://crests.football-data.org/7.png
Sander Tangvik,sander-tangvik,Norway,NO,Hamburger SV,BUNDESLIGA,Goalkeeper,GOALKEEPER,2002-11-29,,,true,50,,https://crests.football-data.org/7.png
Elias Lahti,elias-lahti,Finland,FI,Hamburger SV,BUNDESLIGA,Goalkeeper,GOALKEEPER,2009-01-09,,,true,50,,https://crests.football-data.org/7.png
Fernando Dickes,fernando-dickes,Germany,DE,Hamburger SV,BUNDESLIGA,Goalkeeper,GOALKEEPER,2007-10-13,,,true,50,,https://crests.football-data.org/7.png
Jordan Torunarigha,jordan-torunarigha,Nigeria,NG,Hamburger SV,BUNDESLIGA,Defender,DEFENDER,1997-08-07,,,true,50,,https://crests.football-data.org/7.png
Sebastiaan Bornauw,sebastiaan-bornauw-1,Belgium,BE,Hamburger SV,BUNDESLIGA,Defender,DEFENDER,1999-03-22,,,true,50,,https://crests.football-data.org/7.png
Miro Muheim,miro-muheim,Switzerland,CH,Hamburger SV,BUNDESLIGA,Defender,DEFENDER,1998-03-24,,,true,50,,https://crests.football-data.org/7.png
Nicolás Capaldo,nicolas-capaldo,Argentina,AR,Hamburger SV,BUNDESLIGA,Defender,DEFENDER,1997-09-14,,,true,50,,https://crests.football-data.org/7.png
Warmed Omari,warmed-omari,Comoros,KM,Hamburger SV,BUNDESLIGA,Defender,DEFENDER,2000-04-23,,,true,50,,https://crests.football-data.org/7.png
Daniel Elfadli,daniel-elfadli,Libya,XX,Hamburger SV,BUNDESLIGA,Defender,DEFENDER,1997-04-06,,,true,50,,https://crests.football-data.org/7.png
Joel Agyekum,joel-agyekum,Germany,DE,Hamburger SV,BUNDESLIGA,Defender,DEFENDER,2005-03-08,,,true,50,,https://crests.football-data.org/7.png
Shafiq Nandja,shafiq-nandja,Germany,DE,Hamburger SV,BUNDESLIGA,Defender,DEFENDER,2007-01-15,,,true,50,,https://crests.football-data.org/7.png
Louis Lemke,louis-lemke,Germany,DE,Hamburger SV,BUNDESLIGA,Defender,DEFENDER,2009-10-08,,,true,50,,https://crests.football-data.org/7.png
Albert Sambi Lokonga,albert-sambi-lokonga,Belgium,BE,Hamburger SV,BUNDESLIGA,Midfielder,MIDFIELDER,1999-10-22,,,true,50,,https://crests.football-data.org/7.png
Immanuel Pherai,immanuel-pherai,Suriname,SR,Hamburger SV,BUNDESLIGA,Midfielder,MIDFIELDER,2001-04-25,,,true,50,,https://crests.football-data.org/7.png
Albert Gronbaek Erlykke,albert-gronbaek-erlykke,Denmark,DK,Hamburger SV,BUNDESLIGA,Midfielder,MIDFIELDER,2001-05-23,,,true,50,,https://crests.football-data.org/7.png
Nicolai Remberg,nicolai-remberg,Germany,DE,Hamburger SV,BUNDESLIGA,Midfielder,MIDFIELDER,2000-06-19,,,true,50,,https://crests.football-data.org/7.png
Bilal Nadir,bilal-nadir,France,FR,Hamburger SV,BUNDESLIGA,Midfielder,MIDFIELDER,2003-11-28,,,true,50,,https://crests.football-data.org/7.png
Martin Adeline,martin-adeline,France,FR,Hamburger SV,BUNDESLIGA,Midfielder,MIDFIELDER,2003-12-02,,,true,50,,https://crests.football-data.org/7.png
Kofi Amoako,kofi-amoako,Germany,DE,Hamburger SV,BUNDESLIGA,Midfielder,MIDFIELDER,2005-05-06,,,true,50,,https://crests.football-data.org/7.png
Yussuf Poulsen,yussuf-poulsen,Denmark,DK,Hamburger SV,BUNDESLIGA,Forward,FORWARD,1994-06-16,,,true,50,,https://crests.football-data.org/7.png
Bakery Jatta,bakery-jatta,Gambia,GM,Hamburger SV,BUNDESLIGA,Forward,FORWARD,1998-06-06,,,true,50,,https://crests.football-data.org/7.png
Jean-Luc Dompé,jean-luc-dompe,France,FR,Hamburger SV,BUNDESLIGA,Forward,FORWARD,1995-08-12,,,true,50,,https://crests.football-data.org/7.png
Patson Daka,patson-daka,Zambia,ZM,Hamburger SV,BUNDESLIGA,Forward,FORWARD,1998-10-09,,,true,50,,https://crests.football-data.org/7.png
Emir Sahiti,emir-sahiti,Kosovo,XK,Hamburger SV,BUNDESLIGA,Forward,FORWARD,1998-11-29,,,true,50,,https://crests.football-data.org/7.png
Rayan Philippe,rayan-philippe,France,FR,Hamburger SV,BUNDESLIGA,Forward,FORWARD,2000-10-23,,,true,50,,https://crests.football-data.org/7.png
Fabio Baldé,fabio-balde,Germany,DE,Hamburger SV,BUNDESLIGA,Forward,FORWARD,2005-07-20,,,true,50,,https://crests.football-data.org/7.png
Otto Stange,otto-stange,Germany,DE,Hamburger SV,BUNDESLIGA,Forward,FORWARD,2007-02-09,,,true,50,,https://crests.football-data.org/7.png
Alexander Røssing-Lelesiit,alexander-r-ssing-lelesiit,Norway,NO,Hamburger SV,BUNDESLIGA,Forward,FORWARD,2007-01-20,,,true,50,,https://crests.football-data.org/7.png
Finn Barkowsky,finn-barkowsky,Germany,DE,Hamburger SV,BUNDESLIGA,Forward,FORWARD,2008-02-12,,,true,50,,https://crests.football-data.org/7.png
Fabian Bredlow,fabian-bredlow,Germany,DE,VfB Stuttgart,BUNDESLIGA,Goalkeeper,GOALKEEPER,1995-03-02,,,true,50,,https://crests.football-data.org/10.png
Marius Funk,marius-funk,Germany,DE,VfB Stuttgart,BUNDESLIGA,Goalkeeper,GOALKEEPER,1996-01-01,,,true,50,,https://crests.football-data.org/10.png
Stefan Drljača,stefan-drljaca,Germany,DE,VfB Stuttgart,BUNDESLIGA,Goalkeeper,GOALKEEPER,1999-04-20,,,true,50,,https://crests.football-data.org/10.png
Dennis Seimen,dennis-seimen,Germany,DE,VfB Stuttgart,BUNDESLIGA,Goalkeeper,GOALKEEPER,2005-12-01,,,true,50,,https://crests.football-data.org/10.png
Dan-Axel Zagadou,dan-axel-zagadou,France,FR,VfB Stuttgart,BUNDESLIGA,Defender,DEFENDER,1999-06-03,,,true,50,,https://crests.football-data.org/10.png
Josha Vagnoman,josha-vagnoman,Germany,DE,VfB Stuttgart,BUNDESLIGA,Defender,DEFENDER,2000-12-11,,,true,50,,https://crests.football-data.org/10.png
Maximilian Mittelstädt,maximilian-mittelstadt,Germany,DE,VfB Stuttgart,BUNDESLIGA,Defender,DEFENDER,1997-03-18,,,true,50,,https://crests.football-data.org/10.png
Julian Chabot,julian-chabot,Germany,DE,VfB Stuttgart,BUNDESLIGA,Defender,DEFENDER,1998-02-12,,,true,50,,https://crests.football-data.org/10.png
Leonidas Stergiou,leonidas-stergiou,Switzerland,CH,VfB Stuttgart,BUNDESLIGA,Defender,DEFENDER,2002-03-03,,,true,50,,https://crests.football-data.org/10.png
Lorenz Assignon,lorenz-assignon,France,FR,VfB Stuttgart,BUNDESLIGA,Defender,DEFENDER,2000-06-22,,,true,50,,https://crests.football-data.org/10.png
Ramon Hendriks,ramon-hendriks,Netherlands,NL,VfB Stuttgart,BUNDESLIGA,Defender,DEFENDER,2001-07-18,,,true,50,,https://crests.football-data.org/10.png
Ameen Al Dakhil,ameen-al-dakhil,Belgium,BE,VfB Stuttgart,BUNDESLIGA,Defender,DEFENDER,2002-03-06,,,true,50,,https://crests.football-data.org/10.png
Luca Jaquez,luca-jaquez,Switzerland,CH,VfB Stuttgart,BUNDESLIGA,Defender,DEFENDER,2003-06-02,,,true,50,,https://crests.football-data.org/10.png
Finn Jeltsch,finn-jeltsch,Germany,DE,VfB Stuttgart,BUNDESLIGA,Defender,DEFENDER,2006-07-17,,,true,50,,https://crests.football-data.org/10.png
Christopher Olivier,christopher-olivier,Austria,AT,VfB Stuttgart,BUNDESLIGA,Defender,DEFENDER,2006-01-31,,,true,50,,https://crests.football-data.org/10.png
Nikolas Nartey,nikolas-nartey,Denmark,DK,VfB Stuttgart,BUNDESLIGA,Midfielder,MIDFIELDER,2000-02-22,,,true,50,,https://crests.football-data.org/10.png
Grischa Prömel,grischa-promel,Germany,DE,VfB Stuttgart,BUNDESLIGA,Midfielder,MIDFIELDER,1995-01-09,,,true,50,,https://crests.football-data.org/10.png
Atakan Karazor,atakan-karazor,Turkey,TR,VfB Stuttgart,BUNDESLIGA,Midfielder,MIDFIELDER,1996-10-13,,,true,50,,https://crests.football-data.org/10.png
Angelo Stiller,angelo-stiller,Germany,DE,VfB Stuttgart,BUNDESLIGA,Midfielder,MIDFIELDER,2001-04-04,,,true,50,,https://crests.football-data.org/10.png
Laurin Ulrich,laurin-ulrich,Germany,DE,VfB Stuttgart,BUNDESLIGA,Midfielder,MIDFIELDER,2005-01-31,,,true,50,,https://crests.football-data.org/10.png
Bilal El Khannouss,bilal-el-khannouss,Morocco,MA,VfB Stuttgart,BUNDESLIGA,Midfielder,MIDFIELDER,2005-05-09,,,true,50,,https://crests.football-data.org/10.png
Jarzinho Malanga,jarzinho-malanga,Germany,DE,VfB Stuttgart,BUNDESLIGA,Midfielder,MIDFIELDER,2006-07-10,,,true,50,,https://crests.football-data.org/10.png
Chema Andrés,chema-andres,Spain,ES,VfB Stuttgart,BUNDESLIGA,Midfielder,MIDFIELDER,2005-04-25,,,true,50,,https://crests.football-data.org/10.png
Mirza Ćatović,mirza-catovic,Germany,DE,VfB Stuttgart,BUNDESLIGA,Midfielder,MIDFIELDER,2007-05-01,,,true,50,,https://crests.football-data.org/10.png
Ertugrul Yigit,ertugrul-yigit,Germany,DE,VfB Stuttgart,BUNDESLIGA,Midfielder,MIDFIELDER,2009-01-08,,,true,50,,https://crests.football-data.org/10.png
Chris Führich,chris-fuhrich,Germany,DE,VfB Stuttgart,BUNDESLIGA,Forward,FORWARD,1998-01-09,,,true,50,,https://crests.football-data.org/10.png
Deniz Undav,deniz-undav,Germany,DE,VfB Stuttgart,BUNDESLIGA,Forward,FORWARD,1996-07-19,,,true,50,,https://crests.football-data.org/10.png
Ermedin Demirovic,ermedin-demirovic,Bosnia-Herzegovina,BA,VfB Stuttgart,BUNDESLIGA,Forward,FORWARD,1998-03-25,,,true,50,,https://crests.football-data.org/10.png
Jamie Leweling,jamie-leweling,Germany,DE,VfB Stuttgart,BUNDESLIGA,Forward,FORWARD,2001-02-26,,,true,50,,https://crests.football-data.org/10.png
Tiago Tomás,tiago-tomas,Portugal,PT,VfB Stuttgart,BUNDESLIGA,Forward,FORWARD,2002-06-16,,,true,50,,https://crests.football-data.org/10.png
Dzenan Pejcinovic,dzenan-pejcinovic,Germany,DE,VfB Stuttgart,BUNDESLIGA,Forward,FORWARD,2005-02-15,,,true,50,,https://crests.football-data.org/10.png
Badredine Bouanani,badredine-bouanani,Algeria,DZ,VfB Stuttgart,BUNDESLIGA,Forward,FORWARD,2004-12-08,,,true,50,,https://crests.football-data.org/10.png
Justin Diehl,justin-diehl,Germany,DE,VfB Stuttgart,BUNDESLIGA,Forward,FORWARD,2004-11-27,,,true,50,,https://crests.football-data.org/10.png
Jovan Milošević,jovan-milosevic,Serbia,RS,VfB Stuttgart,BUNDESLIGA,Forward,FORWARD,2005-07-31,,,true,50,,https://crests.football-data.org/10.png
Leo Sauer,leo-sauer,Slovakia,SK,VfB Stuttgart,BUNDESLIGA,Forward,FORWARD,2005-12-16,,,true,50,,https://crests.football-data.org/10.png
Jeremy,jeremy,Ecuador,EC,VfB Stuttgart,BUNDESLIGA,Forward,FORWARD,2005-03-19,,,true,50,,https://crests.football-data.org/10.png
Lazar Jovanovic,lazar-jovanovic,Serbia,RS,VfB Stuttgart,BUNDESLIGA,Forward,FORWARD,2006-11-30,,,true,50,,https://crests.football-data.org/10.png
Tim van der Leij,tim-van-der-leij,Netherlands,NL,VfB Stuttgart,BUNDESLIGA,Forward,FORWARD,2006-03-06,,,true,50,,https://crests.football-data.org/10.png
Alexander Schlager,alexander-schlager,Austria,AT,SV Werder Bremen,BUNDESLIGA,Goalkeeper,GOALKEEPER,1996-02-01,,,true,50,,https://crests.football-data.org/12.png
Markus Kolke,markus-kolke,Germany,DE,SV Werder Bremen,BUNDESLIGA,Goalkeeper,GOALKEEPER,1990-08-18,,,true,50,,https://crests.football-data.org/12.png
Stefan Smarkalev,stefan-smarkalev,Bulgaria,BG,SV Werder Bremen,BUNDESLIGA,Goalkeeper,GOALKEEPER,2007-05-14,,,true,50,,https://crests.football-data.org/12.png
Mitchell Weiser,mitchell-weiser,Germany,DE,SV Werder Bremen,BUNDESLIGA,Defender,DEFENDER,1994-04-21,,,true,50,,https://crests.football-data.org/12.png
Niklas Stark,niklas-stark,Germany,DE,SV Werder Bremen,BUNDESLIGA,Defender,DEFENDER,1995-04-14,,,true,50,,https://crests.football-data.org/12.png
Marco Friedl,marco-friedl,Austria,AT,SV Werder Bremen,BUNDESLIGA,Defender,DEFENDER,1998-03-16,,,true,50,,https://crests.football-data.org/12.png
Felix Agu,felix-agu,Nigeria,NG,SV Werder Bremen,BUNDESLIGA,Defender,DEFENDER,1999-09-27,,,true,50,,https://crests.football-data.org/12.png
Amos Pieper,amos-pieper,Germany,DE,SV Werder Bremen,BUNDESLIGA,Defender,DEFENDER,1998-01-17,,,true,50,,https://crests.football-data.org/12.png
Olivier Deman,olivier-deman,Belgium,BE,SV Werder Bremen,BUNDESLIGA,Defender,DEFENDER,2000-04-06,,,true,50,,https://crests.football-data.org/12.png
Julián Malatini,julian-malatini,Argentina,AR,SV Werder Bremen,BUNDESLIGA,Defender,DEFENDER,2001-05-31,,,true,50,,https://crests.football-data.org/12.png
Mats Heitmann,mats-heitmann,Germany,DE,SV Werder Bremen,BUNDESLIGA,Defender,DEFENDER,2006-02-11,,,true,50,,https://crests.football-data.org/12.png
Mick Schmetgens,mick-schmetgens,Germany,DE,SV Werder Bremen,BUNDESLIGA,Defender,DEFENDER,2007-09-09,,,true,50,,https://crests.football-data.org/12.png
Karim Coulibaly,karim-coulibaly,Germany,DE,SV Werder Bremen,BUNDESLIGA,Defender,DEFENDER,2007-05-23,,,true,50,,https://crests.football-data.org/12.png
Luca Höcker,luca-hocker,Germany,DE,SV Werder Bremen,BUNDESLIGA,Defender,DEFENDER,2007-06-01,,,true,50,,https://crests.football-data.org/12.png
Ludovit Reis,ludovit-reis,Netherlands,NL,SV Werder Bremen,BUNDESLIGA,Midfielder,MIDFIELDER,2000-06-01,,,true,50,,https://crests.football-data.org/12.png
Senne Lynen,senne-lynen,Belgium,BE,SV Werder Bremen,BUNDESLIGA,Midfielder,MIDFIELDER,1999-02-19,,,true,50,,https://crests.football-data.org/12.png
Romano Schmid,romano-schmid,Austria,AT,SV Werder Bremen,BUNDESLIGA,Midfielder,MIDFIELDER,2000-01-27,,,true,50,,https://crests.football-data.org/12.png
Jens Stage,jens-stage,Denmark,DK,SV Werder Bremen,BUNDESLIGA,Midfielder,MIDFIELDER,1996-11-08,,,true,50,,https://crests.football-data.org/12.png
Skelly Alvero,skelly-alvero,France,FR,SV Werder Bremen,BUNDESLIGA,Midfielder,MIDFIELDER,2002-05-04,,,true,50,,https://crests.football-data.org/12.png
Chuki,chuki,Spain,ES,SV Werder Bremen,BUNDESLIGA,Midfielder,MIDFIELDER,2004-04-29,,,true,50,,https://crests.football-data.org/12.png
Dariusz Stalmach,dariusz-stalmach,Poland,PL,SV Werder Bremen,BUNDESLIGA,Midfielder,MIDFIELDER,2005-12-08,,,true,50,,https://crests.football-data.org/12.png
Patrice Čović,patrice-covic,Croatia,HR,SV Werder Bremen,BUNDESLIGA,Midfielder,MIDFIELDER,2007-06-25,,,true,50,,https://crests.football-data.org/12.png
Niclas Füllkrug,niclas-fullkrug,Germany,DE,SV Werder Bremen,BUNDESLIGA,Forward,FORWARD,1993-02-09,,,true,50,,https://crests.football-data.org/12.png
Dawid Kownacki,dawid-kownacki,Poland,PL,SV Werder Bremen,BUNDESLIGA,Forward,FORWARD,1997-03-14,,,true,50,,https://crests.football-data.org/12.png
Cédric Itten,cedric-itten,Switzerland,CH,SV Werder Bremen,BUNDESLIGA,Forward,FORWARD,1996-12-27,,,true,50,,https://crests.football-data.org/12.png
Marco Grüll,marco-grull,Austria,AT,SV Werder Bremen,BUNDESLIGA,Forward,FORWARD,1998-07-06,,,true,50,,https://crests.football-data.org/12.png
Justin Njinmah,justin-njinmah,Germany,DE,SV Werder Bremen,BUNDESLIGA,Forward,FORWARD,2000-11-15,,,true,50,,https://crests.football-data.org/12.png
Eren Dinkci,eren-dinkci,Turkey,TR,SV Werder Bremen,BUNDESLIGA,Forward,FORWARD,2001-12-13,,,true,50,,https://crests.football-data.org/12.png
Keke Topp,keke-topp,Germany,DE,SV Werder Bremen,BUNDESLIGA,Forward,FORWARD,2004-03-25,,,true,50,,https://crests.football-data.org/12.png
Samuel Mbangula,samuel-mbangula,Belgium,BE,SV Werder Bremen,BUNDESLIGA,Forward,FORWARD,2004-01-16,,,true,50,,https://crests.football-data.org/12.png
Salim Musah,salim-musah,Germany,DE,SV Werder Bremen,BUNDESLIGA,Forward,FORWARD,2006-02-22,,,true,50,,https://crests.football-data.org/12.png
Kenny Quetant,kenny-quetant,France,FR,SV Werder Bremen,BUNDESLIGA,Forward,FORWARD,2006-07-17,,,true,50,,https://crests.football-data.org/12.png
Paul Erevbenagie,paul-erevbenagie,Germany,DE,SV Werder Bremen,BUNDESLIGA,Forward,FORWARD,2007-08-09,,,true,50,,https://crests.football-data.org/12.png
Robin Zentner,robin-zentner,Germany,DE,1. FSV Mainz 05,BUNDESLIGA,Goalkeeper,GOALKEEPER,1994-10-28,,,true,50,,https://crests.football-data.org/15.png
Alexander Schwolow,alexander-schwolow,Germany,DE,1. FSV Mainz 05,BUNDESLIGA,Goalkeeper,GOALKEEPER,1992-06-02,,,true,50,,https://crests.football-data.org/15.png
Maximilian Kinzig,maximilian-kinzig,Germany,DE,1. FSV Mainz 05,BUNDESLIGA,Goalkeeper,GOALKEEPER,2003-12-04,,,true,50,,https://crests.football-data.org/15.png
Dominik Kohr,dominik-kohr,Germany,DE,1. FSV Mainz 05,BUNDESLIGA,Defender,DEFENDER,1994-01-31,,,true,50,,https://crests.football-data.org/15.png
Stefan Posch,stefan-posch,Austria,AT,1. FSV Mainz 05,BUNDESLIGA,Defender,DEFENDER,1997-05-14,,,true,50,,https://crests.football-data.org/15.png
Silvan Widmer,silvan-widmer,Switzerland,CH,1. FSV Mainz 05,BUNDESLIGA,Defender,DEFENDER,1993-03-05,,,true,50,,https://crests.football-data.org/15.png
Philipp Mwene,philipp-mwene,Austria,AT,1. FSV Mainz 05,BUNDESLIGA,Defender,DEFENDER,1994-01-29,,,true,50,,https://crests.football-data.org/15.png
Stefan Bell,stefan-bell,Germany,DE,1. FSV Mainz 05,BUNDESLIGA,Defender,DEFENDER,1991-08-24,,,true,50,,https://crests.football-data.org/15.png
Danny da Costa,danny-da-costa,Germany,DE,1. FSV Mainz 05,BUNDESLIGA,Defender,DEFENDER,1993-07-13,,,true,50,,https://crests.football-data.org/15.png
Anthony Caci,anthony-caci,France,FR,1. FSV Mainz 05,BUNDESLIGA,Defender,DEFENDER,1997-07-01,,,true,50,,https://crests.football-data.org/15.png
Andreas Hanche-Olsen,andreas-hanche-olsen,Norway,NO,1. FSV Mainz 05,BUNDESLIGA,Defender,DEFENDER,1997-01-17,,,true,50,,https://crests.football-data.org/15.png
Fabio Gruber,fabio-gruber,Peru,PE,1. FSV Mainz 05,BUNDESLIGA,Defender,DEFENDER,2002-09-03,,,true,50,,https://crests.football-data.org/15.png
Kacper Potulski,kacper-potulski,Poland,PL,1. FSV Mainz 05,BUNDESLIGA,Defender,DEFENDER,2007-10-19,,,true,50,,https://crests.football-data.org/15.png
Nadiem Amiri,nadiem-amiri,Germany,DE,1. FSV Mainz 05,BUNDESLIGA,Midfielder,MIDFIELDER,1996-10-27,,,true,50,,https://crests.football-data.org/15.png
Lee Jaesung,lee-jaesung,"Korea, South",KR,1. FSV Mainz 05,BUNDESLIGA,Midfielder,MIDFIELDER,1992-08-10,,,true,50,,https://crests.football-data.org/15.png
Marco Richter,marco-richter,Germany,DE,1. FSV Mainz 05,BUNDESLIGA,Midfielder,MIDFIELDER,1997-11-24,,,true,50,,https://crests.football-data.org/15.png
Lennart Maloney,lennart-maloney,USA,US,1. FSV Mainz 05,BUNDESLIGA,Midfielder,MIDFIELDER,1999-10-08,,,true,50,,https://crests.football-data.org/15.png
Kaishu Sano,kaishu-sano,Japan,JP,1. FSV Mainz 05,BUNDESLIGA,Midfielder,MIDFIELDER,2000-12-30,,,true,50,,https://crests.football-data.org/15.png
Sota Kawasaki,sota-kawasaki,Japan,JP,1. FSV Mainz 05,BUNDESLIGA,Midfielder,MIDFIELDER,2001-07-30,,,true,50,,https://crests.football-data.org/15.png
Paul Nebel,paul-nebel,Germany,DE,1. FSV Mainz 05,BUNDESLIGA,Midfielder,MIDFIELDER,2002-10-10,,,true,50,,https://crests.football-data.org/15.png
Eric Martel,eric-martel,Germany,DE,1. FSV Mainz 05,BUNDESLIGA,Midfielder,MIDFIELDER,2002-04-29,,,true,50,,https://crests.football-data.org/15.png
Hyun-seok Hong,hyun-seok-hong,South Korea,KR,1. FSV Mainz 05,BUNDESLIGA,Midfielder,MIDFIELDER,1999-06-16,,,true,50,,https://crests.football-data.org/15.png
Otto Ruoppi,otto-ruoppi,Finland,FI,1. FSV Mainz 05,BUNDESLIGA,Midfielder,MIDFIELDER,2003-01-31,,,true,50,,https://crests.football-data.org/15.png
Sheraldo Becker,sheraldo-becker,Suriname,SR,1. FSV Mainz 05,BUNDESLIGA,Forward,FORWARD,1995-02-09,,,true,50,,https://crests.football-data.org/15.png
Phillip Tietz,phillip-tietz,Germany,DE,1. FSV Mainz 05,BUNDESLIGA,Forward,FORWARD,1997-07-09,,,true,50,,https://crests.football-data.org/15.png
Silas Wamangituka,silas-wamangituka,DR Congo,CD,1. FSV Mainz 05,BUNDESLIGA,Forward,FORWARD,1999-10-06,,,true,50,,https://crests.football-data.org/15.png
Ransford Königsdörffer,ransford-konigsdorffer,Ghana,GH,1. FSV Mainz 05,BUNDESLIGA,Forward,FORWARD,2001-09-13,,,true,50,,https://crests.football-data.org/15.png
Benedict Hollerbach,benedict-hollerbach,Germany,DE,1. FSV Mainz 05,BUNDESLIGA,Forward,FORWARD,2001-05-17,,,true,50,,https://crests.football-data.org/15.png
William Bøving,william-b-ving,Denmark,DK,1. FSV Mainz 05,BUNDESLIGA,Forward,FORWARD,2003-03-01,,,true,50,,https://crests.football-data.org/15.png
Finn Dahmen,finn-dahmen,Germany,DE,FC Augsburg,BUNDESLIGA,Goalkeeper,GOALKEEPER,1998-03-27,,,true,50,,https://crests.football-data.org/16.png
Nediljko Labrović,nediljko-labrovic,Croatia,HR,FC Augsburg,BUNDESLIGA,Goalkeeper,GOALKEEPER,1999-10-10,,,true,50,,https://crests.football-data.org/16.png
Tom Wisbereit,tom-wisbereit,Germany,DE,FC Augsburg,BUNDESLIGA,Goalkeeper,GOALKEEPER,2007-11-17,,,true,50,,https://crests.football-data.org/16.png
Jeffrey Gouweleeuw,jeffrey-gouweleeuw,Netherlands,NL,FC Augsburg,BUNDESLIGA,Defender,DEFENDER,1991-07-10,,,true,50,,https://crests.football-data.org/16.png
Marius Wolf,marius-wolf,Germany,DE,FC Augsburg,BUNDESLIGA,Defender,DEFENDER,1995-05-27,,,true,50,,https://crests.football-data.org/16.png
Mads Pedersen,mads-pedersen,Denmark,DK,FC Augsburg,BUNDESLIGA,Defender,DEFENDER,1996-09-01,,,true,50,,https://crests.football-data.org/16.png
Dimitris Giannoulis,dimitris-giannoulis,Greece,GR,FC Augsburg,BUNDESLIGA,Defender,DEFENDER,1995-10-17,,,true,50,,https://crests.football-data.org/16.png
Keven Schlotterbeck,keven-schlotterbeck,Germany,DE,FC Augsburg,BUNDESLIGA,Defender,DEFENDER,1997-04-28,,,true,50,,https://crests.football-data.org/16.png
Calvin Brackelmann,calvin-brackelmann,Germany,DE,FC Augsburg,BUNDESLIGA,Defender,DEFENDER,1999-08-22,,,true,50,,https://crests.football-data.org/16.png
Chrislain Matsima,chrislain-matsima,France,FR,FC Augsburg,BUNDESLIGA,Defender,DEFENDER,2002-05-15,,,true,50,,https://crests.football-data.org/16.png
Young-woo Seol,young-woo-seol,South Korea,KR,FC Augsburg,BUNDESLIGA,Defender,DEFENDER,1998-12-05,,,true,50,,https://crests.football-data.org/16.png
Noahkai Banks,noahkai-banks,USA,US,FC Augsburg,BUNDESLIGA,Defender,DEFENDER,2006-12-01,,,true,50,,https://crests.football-data.org/16.png
Hennes Behrens,hennes-behrens,Germany,DE,FC Augsburg,BUNDESLIGA,Defender,DEFENDER,2005-01-19,,,true,50,,https://crests.football-data.org/16.png
Alexis Claude Maurice,alexis-claude-maurice,France,FR,FC Augsburg,BUNDESLIGA,Midfielder,MIDFIELDER,1998-06-06,,,true,50,,https://crests.football-data.org/16.png
Kristijan Jakić,kristijan-jakic,Croatia,HR,FC Augsburg,BUNDESLIGA,Midfielder,MIDFIELDER,1997-05-14,,,true,50,,https://crests.football-data.org/16.png
Robin Fellhauer,robin-fellhauer,Germany,DE,FC Augsburg,BUNDESLIGA,Midfielder,MIDFIELDER,1998-01-21,,,true,50,,https://crests.football-data.org/16.png
Yannik Keitel,yannik-keitel,Germany,DE,FC Augsburg,BUNDESLIGA,Midfielder,MIDFIELDER,2000-02-15,,,true,50,,https://crests.football-data.org/16.png
Han-Noah Massengo,han-noah-massengo,France,FR,FC Augsburg,BUNDESLIGA,Midfielder,MIDFIELDER,2001-07-07,,,true,50,,https://crests.football-data.org/16.png
Fabian Rieder,fabian-rieder,Switzerland,CH,FC Augsburg,BUNDESLIGA,Midfielder,MIDFIELDER,2002-02-16,,,true,50,,https://crests.football-data.org/16.png
Tim Breithaupt,tim-breithaupt,Germany,DE,FC Augsburg,BUNDESLIGA,Midfielder,MIDFIELDER,2002-02-07,,,true,50,,https://crests.football-data.org/16.png
Anton Kade,anton-kade,Germany,DE,FC Augsburg,BUNDESLIGA,Midfielder,MIDFIELDER,2004-01-17,,,true,50,,https://crests.football-data.org/16.png
Mahmut Kücüksahin,mahmut-kucuksahin,Turkey,TR,FC Augsburg,BUNDESLIGA,Midfielder,MIDFIELDER,2004-04-07,,,true,50,,https://crests.football-data.org/16.png
Mert Kömür,mert-komur,Germany,DE,FC Augsburg,BUNDESLIGA,Midfielder,MIDFIELDER,2005-07-17,,,true,50,,https://crests.football-data.org/16.png
Sima Suso,sima-suso,Germany,DE,FC Augsburg,BUNDESLIGA,Midfielder,MIDFIELDER,2005-05-28,,,true,50,,https://crests.football-data.org/16.png
Tim Schnitzer,tim-schnitzer,Germany,DE,FC Augsburg,BUNDESLIGA,Midfielder,MIDFIELDER,2008-02-07,,,true,50,,https://crests.football-data.org/16.png
Michael Gregoritsch,michael-gregoritsch,Austria,AT,FC Augsburg,BUNDESLIGA,Forward,FORWARD,1994-04-18,,,true,50,,https://crests.football-data.org/16.png
Steve Mounié,steve-mounie,Benin,BJ,FC Augsburg,BUNDESLIGA,Forward,FORWARD,1994-09-29,,,true,50,,https://crests.football-data.org/16.png
Nathanael Mbuku,nathanael-mbuku,Congo DR,CD,FC Augsburg,BUNDESLIGA,Forward,FORWARD,2002-03-16,,,true,50,,https://crests.football-data.org/16.png
Yusuf Kabadayi,yusuf-kabadayi,Germany,DE,FC Augsburg,BUNDESLIGA,Forward,FORWARD,2004-02-02,,,true,50,,https://crests.football-data.org/16.png
Rodrigo Ribeiro,rodrigo-ribeiro,Portugal,PT,FC Augsburg,BUNDESLIGA,Forward,FORWARD,2005-04-28,,,true,50,,https://crests.football-data.org/16.png
Thomas Kastanaras,thomas-kastanaras,Germany,DE,FC Augsburg,BUNDESLIGA,Forward,FORWARD,2003-01-09,,,true,50,,https://crests.football-data.org/16.png
Faik Sakar,faik-sakar,Germany,DE,FC Augsburg,BUNDESLIGA,Forward,FORWARD,2008-01-14,,,true,50,,https://crests.football-data.org/16.png
Uchenna Ogundu,uchenna-ogundu,Nigeria,NG,FC Augsburg,BUNDESLIGA,Forward,FORWARD,2006-05-12,,,true,50,,https://crests.football-data.org/16.png
Florian Müller,florian-muller,Germany,DE,SC Freiburg,BUNDESLIGA,Goalkeeper,GOALKEEPER,1997-11-13,,,true,50,,https://crests.football-data.org/17.png
Jannik Huth,jannik-huth,Germany,DE,SC Freiburg,BUNDESLIGA,Goalkeeper,GOALKEEPER,1994-04-15,,,true,50,,https://crests.football-data.org/17.png
Noah Atubolu,noah-atubolu,Germany,DE,SC Freiburg,BUNDESLIGA,Goalkeeper,GOALKEEPER,2002-05-25,,,true,50,,https://crests.football-data.org/17.png
Mio Backhaus,mio-backhaus,Germany,DE,SC Freiburg,BUNDESLIGA,Goalkeeper,GOALKEEPER,2004-04-16,,,true,50,,https://crests.football-data.org/17.png
Matthias Ginter,matthias-ginter,Germany,DE,SC Freiburg,BUNDESLIGA,Defender,DEFENDER,1994-01-19,,,true,50,,https://crests.football-data.org/17.png
Christian Günter,christian-gunter,Germany,DE,SC Freiburg,BUNDESLIGA,Defender,DEFENDER,1993-02-28,,,true,50,,https://crests.football-data.org/17.png
Lukas Kübler,lukas-kubler,Germany,DE,SC Freiburg,BUNDESLIGA,Defender,DEFENDER,1992-08-30,,,true,50,,https://crests.football-data.org/17.png
Philipp Lienhart,philipp-lienhart,Austria,AT,SC Freiburg,BUNDESLIGA,Defender,DEFENDER,1996-07-11,,,true,50,,https://crests.football-data.org/17.png
Anthony Jung,anthony-jung,Germany,DE,SC Freiburg,BUNDESLIGA,Defender,DEFENDER,1991-11-03,,,true,50,,https://crests.football-data.org/17.png
Philipp Treu,philipp-treu,Germany,DE,SC Freiburg,BUNDESLIGA,Defender,DEFENDER,2000-12-03,,,true,50,,https://crests.football-data.org/17.png
Jordy Makengo,jordy-makengo,France,FR,SC Freiburg,BUNDESLIGA,Defender,DEFENDER,2001-08-03,,,true,50,,https://crests.football-data.org/17.png
Max Rosenfelder,max-rosenfelder,Germany,DE,SC Freiburg,BUNDESLIGA,Defender,DEFENDER,2003-02-10,,,true,50,,https://crests.football-data.org/17.png
Ifechukwu Ogbus,ifechukwu-ogbus,Switzerland,CH,SC Freiburg,BUNDESLIGA,Defender,DEFENDER,2005-12-17,,,true,50,,https://crests.football-data.org/17.png
Berkay Yılmaz,berkay-y-lmaz,Turkey,TR,SC Freiburg,BUNDESLIGA,Defender,DEFENDER,2005-02-25,,,true,50,,https://crests.football-data.org/17.png
Karl Steinmann,karl-steinmann,Germany,DE,SC Freiburg,BUNDESLIGA,Defender,DEFENDER,2005-12-13,,,true,50,,https://crests.football-data.org/17.png
Maximilian Eggestein,maximilian-eggestein,Germany,DE,SC Freiburg,BUNDESLIGA,Midfielder,MIDFIELDER,1996-12-08,,,true,50,,https://crests.football-data.org/17.png
Rihito Yamamoto,rihito-yamamoto,Japan,JP,SC Freiburg,BUNDESLIGA,Midfielder,MIDFIELDER,2001-12-12,,,true,50,,https://crests.football-data.org/17.png
Patrick Osterhage,patrick-osterhage,Germany,DE,SC Freiburg,BUNDESLIGA,Midfielder,MIDFIELDER,2000-02-01,,,true,50,,https://crests.football-data.org/17.png
Yannik Engelhardt,yannik-engelhardt,Germany,DE,SC Freiburg,BUNDESLIGA,Midfielder,MIDFIELDER,2001-02-07,,,true,50,,https://crests.football-data.org/17.png
Rouven Tarnutzer,rouven-tarnutzer,Switzerland,CH,SC Freiburg,BUNDESLIGA,Midfielder,MIDFIELDER,2007-07-24,,,true,50,,https://crests.football-data.org/17.png
Jan-Niklas Beste,jan-niklas-beste,Germany,DE,SC Freiburg,BUNDESLIGA,Forward,FORWARD,1999-01-04,,,true,50,,https://crests.football-data.org/17.png
Vincenzo Grifo,vincenzo-grifo,Italy,IT,SC Freiburg,BUNDESLIGA,Forward,FORWARD,1993-04-07,,,true,50,,https://crests.football-data.org/17.png
Florent Muslija,florent-muslija,Kosovo,XK,SC Freiburg,BUNDESLIGA,Forward,FORWARD,1998-07-06,,,true,50,,https://crests.football-data.org/17.png
Lucas Höler,lucas-holer,Germany,DE,SC Freiburg,BUNDESLIGA,Forward,FORWARD,1994-07-10,,,true,50,,https://crests.football-data.org/17.png
Yuito Suzuki,yuito-suzuki,Japan,JP,SC Freiburg,BUNDESLIGA,Forward,FORWARD,2001-10-25,,,true,50,,https://crests.football-data.org/17.png
Eren Dinkci,eren-dinkci-1,Turkey,TR,SC Freiburg,BUNDESLIGA,Forward,FORWARD,2001-12-13,,,true,50,,https://crests.football-data.org/17.png
Igor Matanovic,igor-matanovic,Croatia,HR,SC Freiburg,BUNDESLIGA,Forward,FORWARD,2003-03-31,,,true,50,,https://crests.football-data.org/17.png
Derry Scherhant,derry-scherhant,Germany,DE,SC Freiburg,BUNDESLIGA,Forward,FORWARD,2002-11-10,,,true,50,,https://crests.football-data.org/17.png
Cyriaque Irié,cyriaque-irie,Burkina Faso,BF,SC Freiburg,BUNDESLIGA,Forward,FORWARD,2005-06-20,,,true,50,,https://crests.football-data.org/17.png
Keisuke Goto,keisuke-goto,Japan,JP,SC Freiburg,BUNDESLIGA,Forward,FORWARD,2005-06-03,,,true,50,,https://crests.football-data.org/17.png
Tobias Sippel,tobias-sippel,Germany,DE,Borussia Mönchengladbach,BUNDESLIGA,Goalkeeper,GOALKEEPER,1988-03-22,,,true,50,,https://crests.football-data.org/18.png
Moritz Nicolas,moritz-nicolas,Germany,DE,Borussia Mönchengladbach,BUNDESLIGA,Goalkeeper,GOALKEEPER,1997-10-21,,,true,50,,https://crests.football-data.org/18.png
Daniel Batz,daniel-batz,Germany,DE,Borussia Mönchengladbach,BUNDESLIGA,Goalkeeper,GOALKEEPER,1991-01-12,,,true,50,,https://crests.football-data.org/18.png
Jan Jakob Olschowsky,jan-jakob-olschowsky,Germany,DE,Borussia Mönchengladbach,BUNDESLIGA,Goalkeeper,GOALKEEPER,2001-11-18,,,true,50,,https://crests.football-data.org/18.png
Nico Elvedi,nico-elvedi-1,Switzerland,CH,Borussia Mönchengladbach,BUNDESLIGA,Defender,DEFENDER,1996-09-30,,,true,50,,https://crests.football-data.org/18.png
Kevin Diks,kevin-diks,Indonesia,ID,Borussia Mönchengladbach,BUNDESLIGA,Defender,DEFENDER,1996-10-06,,,true,50,,https://crests.football-data.org/18.png
Daiki Hashioka,daiki-hashioka,Japan,JP,Borussia Mönchengladbach,BUNDESLIGA,Defender,DEFENDER,1999-05-17,,,true,50,,https://crests.football-data.org/18.png
Ko Itakura,ko-itakura,Japan,JP,Borussia Mönchengladbach,BUNDESLIGA,Defender,DEFENDER,1997-01-27,,,true,50,,https://crests.football-data.org/18.png
Joseph Scally,joseph-scally,USA,US,Borussia Mönchengladbach,BUNDESLIGA,Defender,DEFENDER,2002-12-31,,,true,50,,https://crests.football-data.org/18.png
Yukhym Konoplya,yukhym-konoplya,Ukraine,UA,Borussia Mönchengladbach,BUNDESLIGA,Defender,DEFENDER,1999-08-26,,,true,50,,https://crests.football-data.org/18.png
Fabio Chiarodia,fabio-chiarodia,Italy,IT,Borussia Mönchengladbach,BUNDESLIGA,Defender,DEFENDER,2005-06-05,,,true,50,,https://crests.football-data.org/18.png
David Herold,david-herold,Germany,DE,Borussia Mönchengladbach,BUNDESLIGA,Defender,DEFENDER,2003-02-20,,,true,50,,https://crests.football-data.org/18.png
Lukas Ullrich,lukas-ullrich,Germany,DE,Borussia Mönchengladbach,BUNDESLIGA,Defender,DEFENDER,2004-03-16,,,true,50,,https://crests.football-data.org/18.png
Jan Leszczyński,jan-leszczynski,Poland,PL,Borussia Mönchengladbach,BUNDESLIGA,Defender,DEFENDER,2007-04-12,,,true,50,,https://crests.football-data.org/18.png
Florian Neuhaus,florian-neuhaus,Germany,DE,Borussia Mönchengladbach,BUNDESLIGA,Midfielder,MIDFIELDER,1997-03-16,,,true,50,,https://crests.football-data.org/18.png
Kevin Stöger,kevin-stoger,Austria,AT,Borussia Mönchengladbach,BUNDESLIGA,Midfielder,MIDFIELDER,1993-08-27,,,true,50,,https://crests.football-data.org/18.png
Philipp Sander,philipp-sander,Germany,DE,Borussia Mönchengladbach,BUNDESLIGA,Midfielder,MIDFIELDER,1998-02-21,,,true,50,,https://crests.football-data.org/18.png
Enzo Leopold,enzo-leopold,Germany,DE,Borussia Mönchengladbach,BUNDESLIGA,Midfielder,MIDFIELDER,2000-07-23,,,true,50,,https://crests.football-data.org/18.png
Gio Reyna,gio-reyna,USA,US,Borussia Mönchengladbach,BUNDESLIGA,Midfielder,MIDFIELDER,2002-11-13,,,true,50,,https://crests.football-data.org/18.png
Jens Castrop,jens-castrop,South Korea,KR,Borussia Mönchengladbach,BUNDESLIGA,Midfielder,MIDFIELDER,2003-07-29,,,true,50,,https://crests.football-data.org/18.png
Zento Uno,zento-uno,Japan,JP,Borussia Mönchengladbach,BUNDESLIGA,Midfielder,MIDFIELDER,2003-11-20,,,true,50,,https://crests.football-data.org/18.png
Fritz Fleck,fritz-fleck,Germany,DE,Borussia Mönchengladbach,BUNDESLIGA,Midfielder,MIDFIELDER,2007-05-30,,,true,50,,https://crests.football-data.org/18.png
Wael Mohya,wael-mohya,Germany,DE,Borussia Mönchengladbach,BUNDESLIGA,Midfielder,MIDFIELDER,2008-12-31,,,true,50,,https://crests.football-data.org/18.png
Mathieu Nguefack,mathieu-nguefack,Germany,DE,Borussia Mönchengladbach,BUNDESLIGA,Midfielder,MIDFIELDER,2008-05-14,,,true,50,,https://crests.football-data.org/18.png
Robin Hack,robin-hack,Germany,DE,Borussia Mönchengladbach,BUNDESLIGA,Forward,FORWARD,1998-08-27,,,true,50,,https://crests.football-data.org/18.png
Franck Honorat,franck-honorat,France,FR,Borussia Mönchengladbach,BUNDESLIGA,Forward,FORWARD,1996-08-11,,,true,50,,https://crests.football-data.org/18.png
Tim Kleindienst,tim-kleindienst,Germany,DE,Borussia Mönchengladbach,BUNDESLIGA,Forward,FORWARD,1995-08-31,,,true,50,,https://crests.football-data.org/18.png
Isac Lidberg,isac-lidberg,Sweden,SE,Borussia Mönchengladbach,BUNDESLIGA,Forward,FORWARD,1998-09-08,,,true,50,,https://crests.football-data.org/18.png
Tomáš Čvančara,tomas-cvancara,Czech Republic,CZ,Borussia Mönchengladbach,BUNDESLIGA,Forward,FORWARD,2000-08-13,,,true,50,,https://crests.football-data.org/18.png
Nathan N'Goumou,nathan-n-goumou,Cameroon,CM,Borussia Mönchengladbach,BUNDESLIGA,Forward,FORWARD,2000-03-14,,,true,50,,https://crests.football-data.org/18.png
Hugo Bolin,hugo-bolin,Sweden,SE,Borussia Mönchengladbach,BUNDESLIGA,Forward,FORWARD,2003-07-24,,,true,50,,https://crests.football-data.org/18.png
Shuto Machino,shuto-machino,Japan,JP,Borussia Mönchengladbach,BUNDESLIGA,Forward,FORWARD,2002-12-14,,,true,50,,https://crests.football-data.org/18.png
Iaia Danfa,iaia-danfa,Guinea-Bissau,GW,Borussia Mönchengladbach,BUNDESLIGA,Forward,FORWARD,2007-04-06,,,true,50,,https://crests.football-data.org/18.png
Jens Grahl,jens-grahl,Germany,DE,Eintracht Frankfurt,BUNDESLIGA,Goalkeeper,GOALKEEPER,1988-09-22,,,true,50,,https://crests.football-data.org/19.png
Michael Zetterer,michael-zetterer-1,Germany,DE,Eintracht Frankfurt,BUNDESLIGA,Goalkeeper,GOALKEEPER,1995-07-12,,,true,50,,https://crests.football-data.org/19.png
Noah Atubolu,noah-atubolu-1,Germany,DE,Eintracht Frankfurt,BUNDESLIGA,Goalkeeper,GOALKEEPER,2002-05-25,,,true,50,,https://crests.football-data.org/19.png
Kauã Santos,kaua-santos,Brazil,BR,Eintracht Frankfurt,BUNDESLIGA,Goalkeeper,GOALKEEPER,2003-04-11,,,true,50,,https://crests.football-data.org/19.png
Simon Simoni,simon-simoni,Albania,AL,Eintracht Frankfurt,BUNDESLIGA,Goalkeeper,GOALKEEPER,2004-07-14,,,true,50,,https://crests.football-data.org/19.png
Amil Siljevic,amil-siljevic,Germany,DE,Eintracht Frankfurt,BUNDESLIGA,Goalkeeper,GOALKEEPER,2007-01-19,,,true,50,,https://crests.football-data.org/19.png
Timmy Chandler,timmy-chandler,USA,US,Eintracht Frankfurt,BUNDESLIGA,Defender,DEFENDER,1990-03-29,,,true,50,,https://crests.football-data.org/19.png
Robin Koch,robin-koch,Germany,DE,Eintracht Frankfurt,BUNDESLIGA,Defender,DEFENDER,1996-07-17,,,true,50,,https://crests.football-data.org/19.png
Niels Nkounkou,niels-nkounkou,France,FR,Eintracht Frankfurt,BUNDESLIGA,Defender,DEFENDER,2000-11-01,,,true,50,,https://crests.football-data.org/19.png
Arthur Theate,arthur-theate,Belgium,BE,Eintracht Frankfurt,BUNDESLIGA,Defender,DEFENDER,2000-05-25,,,true,50,,https://crests.football-data.org/19.png
Nnamdi Collins,nnamdi-collins,Germany,DE,Eintracht Frankfurt,BUNDESLIGA,Defender,DEFENDER,2004-01-10,,,true,50,,https://crests.football-data.org/19.png
Elias Baum,elias-baum,Germany,DE,Eintracht Frankfurt,BUNDESLIGA,Defender,DEFENDER,2005-10-26,,,true,50,,https://crests.football-data.org/19.png
Keita Kosugi,keita-kosugi,Japan,JP,Eintracht Frankfurt,BUNDESLIGA,Defender,DEFENDER,2006-03-18,,,true,50,,https://crests.football-data.org/19.png
Otávio,otavio,Brazil,BR,Eintracht Frankfurt,BUNDESLIGA,Defender,DEFENDER,2005-11-25,,,true,50,,https://crests.football-data.org/19.png
Mario Götze,mario-gotze,Germany,DE,Eintracht Frankfurt,BUNDESLIGA,Midfielder,MIDFIELDER,1992-06-03,,,true,50,,https://crests.football-data.org/19.png
Ellyes Skhiri,ellyes-skhiri-1,Tunisia,TN,Eintracht Frankfurt,BUNDESLIGA,Midfielder,MIDFIELDER,1995-05-10,,,true,50,,https://crests.football-data.org/19.png
Dina Ebimbe,dina-ebimbe-1,Cameroon,CM,Eintracht Frankfurt,BUNDESLIGA,Midfielder,MIDFIELDER,2000-11-21,,,true,50,,https://crests.football-data.org/19.png
Raphael Onyedika,raphael-onyedika,Nigeria,NG,Eintracht Frankfurt,BUNDESLIGA,Midfielder,MIDFIELDER,2001-04-19,,,true,50,,https://crests.football-data.org/19.png
Fares Chaïbi,fares-chaibi,Algeria,DZ,Eintracht Frankfurt,BUNDESLIGA,Midfielder,MIDFIELDER,2002-11-28,,,true,50,,https://crests.football-data.org/19.png
Hugo Larsson,hugo-larsson,Sweden,SE,Eintracht Frankfurt,BUNDESLIGA,Midfielder,MIDFIELDER,2004-06-27,,,true,50,,https://crests.football-data.org/19.png
Can Uzun,can-uzun,Turkey,TR,Eintracht Frankfurt,BUNDESLIGA,Midfielder,MIDFIELDER,2005-11-11,,,true,50,,https://crests.football-data.org/19.png
Noel Aseko Nkili,noel-aseko-nkili,Germany,DE,Eintracht Frankfurt,BUNDESLIGA,Midfielder,MIDFIELDER,2005-11-22,,,true,50,,https://crests.football-data.org/19.png
Oscar Højlund,oscar-h-jlund,Denmark,DK,Eintracht Frankfurt,BUNDESLIGA,Midfielder,MIDFIELDER,2005-01-04,,,true,50,,https://crests.football-data.org/19.png
Love Arrhov,love-arrhov,Sweden,SE,Eintracht Frankfurt,BUNDESLIGA,Midfielder,MIDFIELDER,2008-05-17,,,true,50,,https://crests.football-data.org/19.png
Michy Batshuayi,michy-batshuayi,Belgium,BE,Eintracht Frankfurt,BUNDESLIGA,Forward,FORWARD,1993-10-02,,,true,50,,https://crests.football-data.org/19.png
Ritsu Doan,ritsu-doan,Japan,JP,Eintracht Frankfurt,BUNDESLIGA,Forward,FORWARD,1998-06-16,,,true,50,,https://crests.football-data.org/19.png
Jonathan Burkardt,jonathan-burkardt,Germany,DE,Eintracht Frankfurt,BUNDESLIGA,Forward,FORWARD,2000-07-11,,,true,50,,https://crests.football-data.org/19.png
Jessic Ngankam,jessic-ngankam,Germany,DE,Eintracht Frankfurt,BUNDESLIGA,Forward,FORWARD,2000-07-20,,,true,50,,https://crests.football-data.org/19.png
Noel Futkeu,noel-futkeu,Germany,DE,Eintracht Frankfurt,BUNDESLIGA,Forward,FORWARD,2002-12-06,,,true,50,,https://crests.football-data.org/19.png
Ansgar Knauff,ansgar-knauff,Germany,DE,Eintracht Frankfurt,BUNDESLIGA,Forward,FORWARD,2002-01-10,,,true,50,,https://crests.football-data.org/19.png
Sepe Elye Wahi,sepe-elye-wahi,Ivory Coast,CI,Eintracht Frankfurt,BUNDESLIGA,Forward,FORWARD,2003-01-02,,,true,50,,https://crests.football-data.org/19.png
Jean Bahoya,jean-bahoya,France,FR,Eintracht Frankfurt,BUNDESLIGA,Forward,FORWARD,2005-05-07,,,true,50,,https://crests.football-data.org/19.png
Younes Ebnoutalib,younes-ebnoutalib,Germany,DE,Eintracht Frankfurt,BUNDESLIGA,Forward,FORWARD,2003-09-13,,,true,50,,https://crests.football-data.org/19.png
Ayoube Amaimouni-Echghouyab,ayoube-amaimouni-echghouyab,Morocco,MA,Eintracht Frankfurt,BUNDESLIGA,Forward,FORWARD,2004-11-30,,,true,50,,https://crests.football-data.org/19.png
Malik Pimpong,malik-pimpong,Denmark,DK,Eintracht Frankfurt,BUNDESLIGA,Forward,FORWARD,2008-01-01,,,true,50,,https://crests.football-data.org/19.png
Frederik Rønnow,frederik-r-nnow,Denmark,DK,1. FC Union Berlin,BUNDESLIGA,Goalkeeper,GOALKEEPER,1992-08-04,,,true,50,,https://crests.football-data.org/28.png
Carl Klaus,carl-klaus,Germany,DE,1. FC Union Berlin,BUNDESLIGA,Goalkeeper,GOALKEEPER,1994-01-16,,,true,50,,https://crests.football-data.org/28.png
Matheo Raab,matheo-raab,Germany,DE,1. FC Union Berlin,BUNDESLIGA,Goalkeeper,GOALKEEPER,1998-12-18,,,true,50,,https://crests.football-data.org/28.png
Marvin Friedrich,marvin-friedrich,Germany,DE,1. FC Union Berlin,BUNDESLIGA,Defender,DEFENDER,1995-12-13,,,true,50,,https://crests.football-data.org/28.png
Christopher Trimmel,christopher-trimmel,Austria,AT,1. FC Union Berlin,BUNDESLIGA,Defender,DEFENDER,1987-02-24,,,true,50,,https://crests.football-data.org/28.png
Ohis Uduokhai,ohis-uduokhai,Germany,DE,1. FC Union Berlin,BUNDESLIGA,Defender,DEFENDER,1997-09-09,,,true,50,,https://crests.football-data.org/28.png
Josip Juranović,josip-juranovic,Croatia,HR,1. FC Union Berlin,BUNDESLIGA,Defender,DEFENDER,1995-08-16,,,true,50,,https://crests.football-data.org/28.png
Derrick Köhn,derrick-kohn,Ghana,GH,1. FC Union Berlin,BUNDESLIGA,Defender,DEFENDER,1999-02-04,,,true,50,,https://crests.football-data.org/28.png
Leopold Querfeld,leopold-querfeld,Austria,AT,1. FC Union Berlin,BUNDESLIGA,Defender,DEFENDER,2003-12-20,,,true,50,,https://crests.football-data.org/28.png
Tom Rothe,tom-rothe,Germany,DE,1. FC Union Berlin,BUNDESLIGA,Defender,DEFENDER,2004-10-29,,,true,50,,https://crests.football-data.org/28.png
Zeno Van Den Bosch,zeno-van-den-bosch,Belgium,BE,1. FC Union Berlin,BUNDESLIGA,Defender,DEFENDER,2003-07-06,,,true,50,,https://crests.football-data.org/28.png
Stanley N'Soki,stanley-n-soki,France,FR,1. FC Union Berlin,BUNDESLIGA,Defender,DEFENDER,1999-04-09,,,true,50,,https://crests.football-data.org/28.png
Oluwaseun Ogbemudia,oluwaseun-ogbemudia,Germany,DE,1. FC Union Berlin,BUNDESLIGA,Defender,DEFENDER,2006-07-18,,,true,50,,https://crests.football-data.org/28.png
Andrik Markgraf,andrik-markgraf,Germany,DE,1. FC Union Berlin,BUNDESLIGA,Defender,DEFENDER,2006-09-07,,,true,50,,https://crests.football-data.org/28.png
Rani Khedira,rani-khedira,Tunisia,TN,1. FC Union Berlin,BUNDESLIGA,Midfielder,MIDFIELDER,1994-01-27,,,true,50,,https://crests.football-data.org/28.png
Janik Haberer,janik-haberer,Germany,DE,1. FC Union Berlin,BUNDESLIGA,Midfielder,MIDFIELDER,1994-04-02,,,true,50,,https://crests.football-data.org/28.png
Robert Skov,robert-skov,Denmark,DK,1. FC Union Berlin,BUNDESLIGA,Midfielder,MIDFIELDER,1996-05-20,,,true,50,,https://crests.football-data.org/28.png
Michel Aebischer,michel-aebischer,Switzerland,CH,1. FC Union Berlin,BUNDESLIGA,Midfielder,MIDFIELDER,1997-01-06,,,true,50,,https://crests.football-data.org/28.png
András Schafer,andras-schafer,Hungary,HU,1. FC Union Berlin,BUNDESLIGA,Midfielder,MIDFIELDER,1999-04-13,,,true,50,,https://crests.football-data.org/28.png
Jeong Wooyeong,jeong-wooyeong,South Korea,KR,1. FC Union Berlin,BUNDESLIGA,Midfielder,MIDFIELDER,1999-09-20,,,true,50,,https://crests.football-data.org/28.png
Aljoscha Kemlein,aljoscha-kemlein,Germany,DE,1. FC Union Berlin,BUNDESLIGA,Midfielder,MIDFIELDER,2004-08-02,,,true,50,,https://crests.football-data.org/28.png
Emmanuel Latte Lath,emmanuel-latte-lath,Ivory Coast,CI,1. FC Union Berlin,BUNDESLIGA,Forward,FORWARD,1999-01-01,,,true,50,,https://crests.football-data.org/28.png
Tim Skarke,tim-skarke,Germany,DE,1. FC Union Berlin,BUNDESLIGA,Forward,FORWARD,1996-09-07,,,true,50,,https://crests.football-data.org/28.png
Oliver Burke,oliver-burke,Scotland,GB,1. FC Union Berlin,BUNDESLIGA,Forward,FORWARD,1997-04-07,,,true,50,,https://crests.football-data.org/28.png
Andrej Ilic,andrej-ilic,Serbia,RS,1. FC Union Berlin,BUNDESLIGA,Forward,FORWARD,2000-04-03,,,true,50,,https://crests.football-data.org/28.png
Marin Ljubicic,marin-ljubicic,Croatia,HR,1. FC Union Berlin,BUNDESLIGA,Forward,FORWARD,2002-02-28,,,true,50,,https://crests.football-data.org/28.png
Ilyas Ansah,ilyas-ansah,Germany,DE,1. FC Union Berlin,BUNDESLIGA,Forward,FORWARD,2004-11-08,,,true,50,,https://crests.football-data.org/28.png
Livan Burcu,livan-burcu,Turkey,TR,1. FC Union Berlin,BUNDESLIGA,Forward,FORWARD,2004-09-28,,,true,50,,https://crests.football-data.org/28.png
Dmytro Bohdanov,dmytro-bohdanov,Ukraine,UA,1. FC Union Berlin,BUNDESLIGA,Forward,FORWARD,2007-03-06,,,true,50,,https://crests.football-data.org/28.png
Julien Friedrich,julien-friedrich,Germany,DE,1. FC Union Berlin,BUNDESLIGA,Forward,FORWARD,2006-11-12,,,true,50,,https://crests.football-data.org/28.png
Linus Güther,linus-guther,Germany,DE,1. FC Union Berlin,BUNDESLIGA,Forward,FORWARD,2010-04-08,,,true,50,,https://crests.football-data.org/28.png
Markus Schubert,markus-schubert,Germany,DE,SC Paderborn 07,BUNDESLIGA,Goalkeeper,GOALKEEPER,1998-06-12,,,true,50,,https://crests.football-data.org/29.png
Nahuel Noll,nahuel-noll,Germany,DE,SC Paderborn 07,BUNDESLIGA,Goalkeeper,GOALKEEPER,2003-03-17,,,true,50,,https://crests.football-data.org/29.png
Florian Pruhs,florian-pruhs,Germany,DE,SC Paderborn 07,BUNDESLIGA,Goalkeeper,GOALKEEPER,2006-02-06,,,true,50,,https://crests.football-data.org/29.png
Felix Götze,felix-gotze,Germany,DE,SC Paderborn 07,BUNDESLIGA,Defender,DEFENDER,1998-02-11,,,true,50,,https://crests.football-data.org/29.png
Marcel Hoffmeier,marcel-hoffmeier,Germany,DE,SC Paderborn 07,BUNDESLIGA,Defender,DEFENDER,1999-07-15,,,true,50,,https://crests.football-data.org/29.png
Tjark Scheller,tjark-scheller,Germany,DE,SC Paderborn 07,BUNDESLIGA,Defender,DEFENDER,2002-01-12,,,true,50,,https://crests.football-data.org/29.png
Jano ter Horst,jano-ter-horst,Germany,DE,SC Paderborn 07,BUNDESLIGA,Defender,DEFENDER,2002-06-19,,,true,50,,https://crests.football-data.org/29.png
Mattes Hansen,mattes-hansen,Germany,DE,SC Paderborn 07,BUNDESLIGA,Defender,DEFENDER,2004-05-15,,,true,50,,https://crests.football-data.org/29.png
Tristan Zobel,tristan-zobel,Germany,DE,SC Paderborn 07,BUNDESLIGA,Defender,DEFENDER,2003-10-04,,,true,50,,https://crests.football-data.org/29.png
Nyamekye Awortwie-Grant,nyamekye-awortwie-grant,Germany,DE,SC Paderborn 07,BUNDESLIGA,Defender,DEFENDER,2000-08-07,,,true,50,,https://crests.football-data.org/29.png
Tom Baack,tom-baack,Germany,DE,SC Paderborn 07,BUNDESLIGA,Midfielder,MIDFIELDER,1999-03-13,,,true,50,,https://crests.football-data.org/29.png
Sebastian Klaas,sebastian-klaas,Germany,DE,SC Paderborn 07,BUNDESLIGA,Midfielder,MIDFIELDER,1998-06-30,,,true,50,,https://crests.football-data.org/29.png
Raphael Obermair,raphael-obermair,Philippines,PH,SC Paderborn 07,BUNDESLIGA,Midfielder,MIDFIELDER,1996-04-01,,,true,50,,https://crests.football-data.org/29.png
Timur Gayret,timur-gayret,Germany,DE,SC Paderborn 07,BUNDESLIGA,Midfielder,MIDFIELDER,1998-08-08,,,true,50,,https://crests.football-data.org/29.png
Nick Bätzner,nick-batzner,Germany,DE,SC Paderborn 07,BUNDESLIGA,Midfielder,MIDFIELDER,2000-03-15,,,true,50,,https://crests.football-data.org/29.png
Laurin Curda,laurin-curda,Germany,DE,SC Paderborn 07,BUNDESLIGA,Midfielder,MIDFIELDER,2001-10-30,,,true,50,,https://crests.football-data.org/29.png
Mika Baur,mika-baur,Germany,DE,SC Paderborn 07,BUNDESLIGA,Midfielder,MIDFIELDER,2004-07-09,,,true,50,,https://crests.football-data.org/29.png
Laurin Ulrich,laurin-ulrich-1,Germany,DE,SC Paderborn 07,BUNDESLIGA,Midfielder,MIDFIELDER,2005-01-31,,,true,50,,https://crests.football-data.org/29.png
Santiago Castaneda,santiago-castaneda,USA,US,SC Paderborn 07,BUNDESLIGA,Midfielder,MIDFIELDER,2004-11-13,,,true,50,,https://crests.football-data.org/29.png
Jonah Sticker,jonah-sticker,Germany,DE,SC Paderborn 07,BUNDESLIGA,Midfielder,MIDFIELDER,2004-05-08,,,true,50,,https://crests.football-data.org/29.png
Luka Đurić,luka-uric,Bosnia-Herzegovina,BA,SC Paderborn 07,BUNDESLIGA,Midfielder,MIDFIELDER,2003-06-18,,,true,50,,https://crests.football-data.org/29.png
Clemens Lippmann,clemens-lippmann,Germany,DE,SC Paderborn 07,BUNDESLIGA,Midfielder,MIDFIELDER,2006-06-28,,,true,50,,https://crests.football-data.org/29.png
Niklas Mohr,niklas-mohr,Germany,DE,SC Paderborn 07,BUNDESLIGA,Midfielder,MIDFIELDER,2004-07-23,,,true,50,,https://crests.football-data.org/29.png
Steffen Tigges,steffen-tigges,Germany,DE,SC Paderborn 07,BUNDESLIGA,Forward,FORWARD,1998-07-31,,,true,50,,https://crests.football-data.org/29.png
Sven Michel,sven-michel,Germany,DE,SC Paderborn 07,BUNDESLIGA,Forward,FORWARD,1990-07-15,,,true,50,,https://crests.football-data.org/29.png
Oliver Batista-Meier,oliver-batista-meier,Germany,DE,SC Paderborn 07,BUNDESLIGA,Forward,FORWARD,2001-02-16,,,true,50,,https://crests.football-data.org/29.png
Marvin Pieringer,marvin-pieringer,Germany,DE,SC Paderborn 07,BUNDESLIGA,Forward,FORWARD,1999-10-04,,,true,50,,https://crests.football-data.org/29.png
Gabriel Vidovic,gabriel-vidovic,Germany,DE,SC Paderborn 07,BUNDESLIGA,Forward,FORWARD,2003-12-01,,,true,50,,https://crests.football-data.org/29.png
Stefano Marino,stefano-marino,Germany,DE,SC Paderborn 07,BUNDESLIGA,Forward,FORWARD,2004-03-12,,,true,50,,https://crests.football-data.org/29.png
Kennedy Okpala,kennedy-okpala,Germany,DE,SC Paderborn 07,BUNDESLIGA,Forward,FORWARD,2004-12-17,,,true,50,,https://crests.football-data.org/29.png
Deniz Zeitler,deniz-zeitler-1,Germany,DE,SC Paderborn 07,BUNDESLIGA,Forward,FORWARD,2006-12-13,,,true,50,,https://crests.football-data.org/29.png
Ruben Müller,ruben-muller,Germany,DE,SC Paderborn 07,BUNDESLIGA,Forward,FORWARD,2005-08-24,,,true,50,,https://crests.football-data.org/29.png
Albert Millgramm,albert-millgramm,Germany,DE,SC Paderborn 07,BUNDESLIGA,Forward,FORWARD,2004-11-12,,,true,50,,https://crests.football-data.org/29.png
Lasse Eickel,lasse-eickel,Germany,DE,SC Paderborn 07,BUNDESLIGA,Forward,FORWARD,2008-02-28,,,true,50,,https://crests.football-data.org/29.png
Tim Boss,tim-boss,Germany,DE,SV 07 Elversberg,BUNDESLIGA,Goalkeeper,GOALKEEPER,1993-06-28,,,true,50,,https://crests.football-data.org/719.png
Frank Lehmann,frank-lehmann,Germany,DE,SV 07 Elversberg,BUNDESLIGA,Goalkeeper,GOALKEEPER,1989-04-29,,,true,50,,https://crests.football-data.org/719.png
Nicolas Kristof,nicolas-kristof,Austria,AT,SV 07 Elversberg,BUNDESLIGA,Goalkeeper,GOALKEEPER,1999-12-20,,,true,50,,https://crests.football-data.org/719.png
Elias Etringer,elias-etringer,Germany,DE,SV 07 Elversberg,BUNDESLIGA,Goalkeeper,GOALKEEPER,2007-11-24,,,true,50,,https://crests.football-data.org/719.png
Florian Le Joncour,florian-le-joncour,France,FR,SV 07 Elversberg,BUNDESLIGA,Defender,DEFENDER,1995-02-03,,,true,50,,https://crests.football-data.org/719.png
Jan Gyamerah,jan-gyamerah,Ghana,GH,SV 07 Elversberg,BUNDESLIGA,Defender,DEFENDER,1995-06-18,,,true,50,,https://crests.football-data.org/719.png
Luca Sirch,luca-sirch,Germany,DE,SV 07 Elversberg,BUNDESLIGA,Defender,DEFENDER,1999-06-14,,,true,50,,https://crests.football-data.org/719.png
Maximilian Rohr,maximilian-rohr,Germany,DE,SV 07 Elversberg,BUNDESLIGA,Defender,DEFENDER,1995-06-27,,,true,50,,https://crests.football-data.org/719.png
Lukas Pinckert,lukas-pinckert,Germany,DE,SV 07 Elversberg,BUNDESLIGA,Defender,DEFENDER,2000-01-22,,,true,50,,https://crests.football-data.org/719.png
Lasse Günther,lasse-gunther,Germany,DE,SV 07 Elversberg,BUNDESLIGA,Defender,DEFENDER,2003-03-21,,,true,50,,https://crests.football-data.org/719.png
Look Sa Nicholas Mickelson,look-sa-nicholas-mickelson,Thailand,TH,SV 07 Elversberg,BUNDESLIGA,Defender,DEFENDER,1999-07-24,,,true,50,,https://crests.football-data.org/719.png
Felix Keidel,felix-keidel,Germany,DE,SV 07 Elversberg,BUNDESLIGA,Defender,DEFENDER,2003-06-14,,,true,50,,https://crests.football-data.org/719.png
Luis Seifert,luis-seifert,Germany,DE,SV 07 Elversberg,BUNDESLIGA,Defender,DEFENDER,2004-01-26,,,true,50,,https://crests.football-data.org/719.png
Carlo Sickinger,carlo-sickinger,Germany,DE,SV 07 Elversberg,BUNDESLIGA,Midfielder,MIDFIELDER,1997-07-29,,,true,50,,https://crests.football-data.org/719.png
Amara Condé,amara-conde,Guinea,GN,SV 07 Elversberg,BUNDESLIGA,Midfielder,MIDFIELDER,1997-01-06,,,true,50,,https://crests.football-data.org/719.png
Łukasz Poręba,ukasz-poreba,Poland,PL,SV 07 Elversberg,BUNDESLIGA,Midfielder,MIDFIELDER,2000-03-13,,,true,50,,https://crests.football-data.org/719.png
Frederik Schmahl,frederik-schmahl,Germany,DE,SV 07 Elversberg,BUNDESLIGA,Midfielder,MIDFIELDER,2002-12-21,,,true,50,,https://crests.football-data.org/719.png
Noah Darvich,noah-darvich,Germany,DE,SV 07 Elversberg,BUNDESLIGA,Midfielder,MIDFIELDER,2006-09-25,,,true,50,,https://crests.football-data.org/719.png
Francis Onyeka,francis-onyeka,Germany,DE,SV 07 Elversberg,BUNDESLIGA,Midfielder,MIDFIELDER,2007-04-29,,,true,50,,https://crests.football-data.org/719.png
Luca Schnellbacher,luca-schnellbacher,Germany,DE,SV 07 Elversberg,BUNDESLIGA,Forward,FORWARD,1994-05-06,,,true,50,,https://crests.football-data.org/719.png
Tom Zimmerschied,tom-zimmerschied,Germany,DE,SV 07 Elversberg,BUNDESLIGA,Forward,FORWARD,1998-09-22,,,true,50,,https://crests.football-data.org/719.png
Luca Pfeiffer,luca-pfeiffer,Germany,DE,SV 07 Elversberg,BUNDESLIGA,Forward,FORWARD,1996-08-20,,,true,50,,https://crests.football-data.org/719.png
Lukas Petkov,lukas-petkov,Bulgaria,BG,SV 07 Elversberg,BUNDESLIGA,Forward,FORWARD,2000-11-01,,,true,50,,https://crests.football-data.org/719.png
Jason Ceka,jason-ceka,Germany,DE,SV 07 Elversberg,BUNDESLIGA,Forward,FORWARD,1999-11-10,,,true,50,,https://crests.football-data.org/719.png
Noel Futkeu,noel-futkeu-1,Germany,DE,SV 07 Elversberg,BUNDESLIGA,Forward,FORWARD,2002-12-06,,,true,50,,https://crests.football-data.org/719.png
Maurice Krattenmacher,maurice-krattenmacher,Germany,DE,SV 07 Elversberg,BUNDESLIGA,Forward,FORWARD,2005-08-11,,,true,50,,https://crests.football-data.org/719.png
David Mokwa Ntusu,david-mokwa-ntusu,France,FR,SV 07 Elversberg,BUNDESLIGA,Forward,FORWARD,2004-05-03,,,true,50,,https://crests.football-data.org/719.png
Filimon Gerezgiher,filimon-gerezgiher,Germany,DE,SV 07 Elversberg,BUNDESLIGA,Forward,FORWARD,2000-07-04,,,true,50,,https://crests.football-data.org/719.png
Cole Campbell,cole-campbell,USA,US,SV 07 Elversberg,BUNDESLIGA,Forward,FORWARD,2006-02-20,,,true,50,,https://crests.football-data.org/719.png
Raif Adam,raif-adam,Germany,DE,SV 07 Elversberg,BUNDESLIGA,Forward,FORWARD,2005-09-07,,,true,50,,https://crests.football-data.org/719.png
Ørjan Nyland,rjan-nyland,Norway,NO,RB Leipzig,BUNDESLIGA,Goalkeeper,GOALKEEPER,1990-09-10,,,true,50,,https://crests.football-data.org/721.png
Péter Gulácsi,peter-gulacsi-1,Hungary,HU,RB Leipzig,BUNDESLIGA,Goalkeeper,GOALKEEPER,1990-05-06,,,true,50,,https://crests.football-data.org/721.png
Leopold Zingerle,leopold-zingerle,Germany,DE,RB Leipzig,BUNDESLIGA,Goalkeeper,GOALKEEPER,1994-04-10,,,true,50,,https://crests.football-data.org/721.png
Maarten Vandevoordt,maarten-vandevoordt,Belgium,BE,RB Leipzig,BUNDESLIGA,Goalkeeper,GOALKEEPER,2002-02-26,,,true,50,,https://crests.football-data.org/721.png
Benjamin Henrichs,benjamin-henrichs,Germany,DE,RB Leipzig,BUNDESLIGA,Defender,DEFENDER,1997-02-23,,,true,50,,https://crests.football-data.org/721.png
Ridle Baku,ridle-baku,Germany,DE,RB Leipzig,BUNDESLIGA,Defender,DEFENDER,1998-04-08,,,true,50,,https://crests.football-data.org/721.png
Lutsharel Geertruida,lutsharel-geertruida,Netherlands,NL,RB Leipzig,BUNDESLIGA,Defender,DEFENDER,2000-07-18,,,true,50,,https://crests.football-data.org/721.png
Lukas Klostermann,lukas-klostermann,Germany,DE,RB Leipzig,BUNDESLIGA,Defender,DEFENDER,1996-06-03,,,true,50,,https://crests.football-data.org/721.png
Willi Orban,willi-orban,Hungary,HU,RB Leipzig,BUNDESLIGA,Defender,DEFENDER,1992-11-03,,,true,50,,https://crests.football-data.org/721.png
David Raum,david-raum,Germany,DE,RB Leipzig,BUNDESLIGA,Defender,DEFENDER,1998-04-22,,,true,50,,https://crests.football-data.org/721.png
El Chadaille Bitshiabu,el-chadaille-bitshiabu,France,FR,RB Leipzig,BUNDESLIGA,Defender,DEFENDER,2005-05-16,,,true,50,,https://crests.football-data.org/721.png
Castello Lukeba,castello-lukeba,France,FR,RB Leipzig,BUNDESLIGA,Defender,DEFENDER,2002-12-17,,,true,50,,https://crests.football-data.org/721.png
Maxime Estève,maxime-esteve,France,FR,RB Leipzig,BUNDESLIGA,Defender,DEFENDER,2002-05-26,,,true,50,,https://crests.football-data.org/721.png
Max Finkgräfe,max-finkgrafe,Germany,DE,RB Leipzig,BUNDESLIGA,Defender,DEFENDER,2004-03-27,,,true,50,,https://crests.football-data.org/721.png
Abdoul Koné,abdoul-kone,France,FR,RB Leipzig,BUNDESLIGA,Defender,DEFENDER,2005-04-22,,,true,50,,https://crests.football-data.org/721.png
Joyeux Masanka Bungi,joyeux-masanka-bungi,Belgium,BE,RB Leipzig,BUNDESLIGA,Defender,DEFENDER,2007-01-24,,,true,50,,https://crests.football-data.org/721.png
Eljif Elmas,eljif-elmas,North Macedonia,MK,RB Leipzig,BUNDESLIGA,Midfielder,MIDFIELDER,1999-09-24,,,true,50,,https://crests.football-data.org/721.png
Christoph Baumgartner,christoph-baumgartner,Austria,AT,RB Leipzig,BUNDESLIGA,Midfielder,MIDFIELDER,1999-08-01,,,true,50,,https://crests.football-data.org/721.png
Nicolas  Seiwald,nicolas-seiwald,Austria,AT,RB Leipzig,BUNDESLIGA,Midfielder,MIDFIELDER,2001-05-04,,,true,50,,https://crests.football-data.org/721.png
Rocco Reitz,rocco-reitz,Germany,DE,RB Leipzig,BUNDESLIGA,Midfielder,MIDFIELDER,2002-05-29,,,true,50,,https://crests.football-data.org/721.png
Ezechiel Banzuzi,ezechiel-banzuzi,Netherlands,NL,RB Leipzig,BUNDESLIGA,Midfielder,MIDFIELDER,2005-02-16,,,true,50,,https://crests.football-data.org/721.png
Arthur Vermeeren,arthur-vermeeren,Belgium,BE,RB Leipzig,BUNDESLIGA,Midfielder,MIDFIELDER,2005-02-07,,,true,50,,https://crests.football-data.org/721.png
Brajan Gruda,brajan-gruda,Germany,DE,RB Leipzig,BUNDESLIGA,Midfielder,MIDFIELDER,2004-05-31,,,true,50,,https://crests.football-data.org/721.png
Assan Ouédraogo,assan-ouedraogo,Germany,DE,RB Leipzig,BUNDESLIGA,Midfielder,MIDFIELDER,2006-05-09,,,true,50,,https://crests.football-data.org/721.png
Andrija Maksimović,andrija-maksimovic,Serbia,RS,RB Leipzig,BUNDESLIGA,Midfielder,MIDFIELDER,2007-06-05,,,true,50,,https://crests.football-data.org/721.png
Viggo Gebel,viggo-gebel,Germany,DE,RB Leipzig,BUNDESLIGA,Midfielder,MIDFIELDER,2007-11-22,,,true,50,,https://crests.football-data.org/721.png
Benno Kaltefleiter,benno-kaltefleiter,Germany,DE,RB Leipzig,BUNDESLIGA,Midfielder,MIDFIELDER,2008-02-14,,,true,50,,https://crests.football-data.org/721.png
Christopher Nkunku,christopher-nkunku,France,FR,RB Leipzig,BUNDESLIGA,Forward,FORWARD,1997-11-14,,,true,50,,https://crests.football-data.org/721.png
Johan Bakayoko,johan-bakayoko,Belgium,BE,RB Leipzig,BUNDESLIGA,Forward,FORWARD,2003-04-20,,,true,50,,https://crests.football-data.org/721.png
Antonio Nusa,antonio-nusa,Norway,NO,RB Leipzig,BUNDESLIGA,Forward,FORWARD,2005-04-17,,,true,50,,https://crests.football-data.org/721.png
Romulo Cruz,romulo-cruz,Brazil,BR,RB Leipzig,BUNDESLIGA,Forward,FORWARD,2002-02-08,,,true,50,,https://crests.football-data.org/721.png
Conrad Harder,conrad-harder,Denmark,DK,RB Leipzig,BUNDESLIGA,Forward,FORWARD,2005-04-07,,,true,50,,https://crests.football-data.org/721.png
Tidiam Gomis,tidiam-gomis,France,FR,RB Leipzig,BUNDESLIGA,Forward,FORWARD,2006-08-08,,,true,50,,https://crests.football-data.org/721.png
Ayodele Thomas,ayodele-thomas,Netherlands,NL,RB Leipzig,BUNDESLIGA,Forward,FORWARD,2007-07-23,,,true,50,,https://crests.football-data.org/721.png
Robert Ramšak,robert-ramsak,Germany,DE,RB Leipzig,BUNDESLIGA,Forward,FORWARD,2006-10-28,,,true,50,,https://crests.football-data.org/721.png
Yan Diomandé,yan-diomande-1,Ivory Coast,CI,RB Leipzig,BUNDESLIGA,Forward,FORWARD,2006-11-14,,,true,50,,https://crests.football-data.org/721.png
Suleman Sani,suleman-sani,Nigeria,NG,RB Leipzig,BUNDESLIGA,Forward,FORWARD,2006-09-01,,,true,50,,https://crests.football-data.org/721.png
Pietro Terracciano,pietro-terracciano,Italy,IT,AC Milan,SERIE_A,Goalkeeper,GOALKEEPER,1990-03-08,,,true,50,,https://crests.football-data.org/98.png
Mike Maignan,mike-maignan,France,FR,AC Milan,SERIE_A,Goalkeeper,GOALKEEPER,1995-07-03,,,true,50,,https://crests.football-data.org/98.png
Lorenzo Torriani,lorenzo-torriani,Italy,IT,AC Milan,SERIE_A,Goalkeeper,GOALKEEPER,2005-01-31,,,true,50,,https://crests.football-data.org/98.png
Matteo Gabbia,matteo-gabbia,Italy,IT,AC Milan,SERIE_A,Defender,DEFENDER,1999-10-21,,,true,50,,https://crests.football-data.org/98.png
Fikayo Tomori,fikayo-tomori,England,GB,AC Milan,SERIE_A,Defender,DEFENDER,1997-12-19,,,true,50,,https://crests.football-data.org/98.png
Pervis Estupiñán,pervis-estupinan,Ecuador,EC,AC Milan,SERIE_A,Defender,DEFENDER,1998-01-21,,,true,50,,https://crests.football-data.org/98.png
Strahinja Pavlović,strahinja-pavlovic,Serbia,RS,AC Milan,SERIE_A,Defender,DEFENDER,2001-05-24,,,true,50,,https://crests.football-data.org/98.png
Filippo Terracciano,filippo-terracciano,Italy,IT,AC Milan,SERIE_A,Defender,DEFENDER,2003-02-08,,,true,50,,https://crests.football-data.org/98.png
Koni De Winter,koni-de-winter,Belgium,BE,AC Milan,SERIE_A,Defender,DEFENDER,2002-06-12,,,true,50,,https://crests.football-data.org/98.png
Gila,gila,Spain,ES,AC Milan,SERIE_A,Defender,DEFENDER,2000-08-29,,,true,50,,https://crests.football-data.org/98.png
Davide Bartesaghi,davide-bartesaghi,Italy,IT,AC Milan,SERIE_A,Defender,DEFENDER,2005-12-29,,,true,50,,https://crests.football-data.org/98.png
Sankhoun Diawara,sankhoun-diawara,France,FR,AC Milan,SERIE_A,Defender,DEFENDER,2006-01-13,,,true,50,,https://crests.football-data.org/98.png
Luka Modrić,luka-modric,Croatia,HR,AC Milan,SERIE_A,Midfielder,MIDFIELDER,1985-09-09,,,true,50,,https://crests.football-data.org/98.png
Adrien Rabiot,adrien-rabiot,France,FR,AC Milan,SERIE_A,Midfielder,MIDFIELDER,1995-04-03,,,true,50,,https://crests.football-data.org/98.png
Ruben Loftus-Cheek,ruben-loftus-cheek,England,GB,AC Milan,SERIE_A,Midfielder,MIDFIELDER,1996-01-23,,,true,50,,https://crests.football-data.org/98.png
Alexis Saelemaekers,alexis-saelemaekers,Belgium,BE,AC Milan,SERIE_A,Midfielder,MIDFIELDER,1999-06-27,,,true,50,,https://crests.football-data.org/98.png
Youssouf Fofana,youssouf-fofana,France,FR,AC Milan,SERIE_A,Midfielder,MIDFIELDER,1999-01-10,,,true,50,,https://crests.football-data.org/98.png
Samuele Ricci,samuele-ricci,Italy,IT,AC Milan,SERIE_A,Midfielder,MIDFIELDER,2001-08-21,,,true,50,,https://crests.football-data.org/98.png
Ardon Jasari,ardon-jasari,Switzerland,CH,AC Milan,SERIE_A,Midfielder,MIDFIELDER,2002-07-30,,,true,50,,https://crests.football-data.org/98.png
Yunus Musah,yunus-musah,USA,US,AC Milan,SERIE_A,Midfielder,MIDFIELDER,2002-11-29,,,true,50,,https://crests.football-data.org/98.png
Warren Bondo,warren-bondo,France,FR,AC Milan,SERIE_A,Midfielder,MIDFIELDER,2003-09-15,,,true,50,,https://crests.football-data.org/98.png
Diego Moreira,diego-moreira,Belgium,BE,AC Milan,SERIE_A,Midfielder,MIDFIELDER,2004-08-06,,,true,50,,https://crests.football-data.org/98.png
Alphadjo Cisse,alphadjo-cisse,Italy,IT,AC Milan,SERIE_A,Midfielder,MIDFIELDER,2006-10-22,,,true,50,,https://crests.football-data.org/98.png
Christian Comotto,christian-comotto,Italy,IT,AC Milan,SERIE_A,Midfielder,MIDFIELDER,2008-04-25,,,true,50,,https://crests.football-data.org/98.png
Christian Pulisic,christian-pulisic,USA,US,AC Milan,SERIE_A,Forward,FORWARD,1998-09-18,,,true,50,,https://crests.football-data.org/98.png
Christopher Nkunku,christopher-nkunku-1,France,FR,AC Milan,SERIE_A,Forward,FORWARD,1997-11-14,,,true,50,,https://crests.football-data.org/98.png
Rafael Leão,rafael-leao,Portugal,PT,AC Milan,SERIE_A,Forward,FORWARD,1999-06-10,,,true,50,,https://crests.football-data.org/98.png
Samuel Chukwueze,samuel-chukwueze,Nigeria,NG,AC Milan,SERIE_A,Forward,FORWARD,1999-05-22,,,true,50,,https://crests.football-data.org/98.png
Santiago Giménez,santiago-gimenez,Mexico,MX,AC Milan,SERIE_A,Forward,FORWARD,2001-04-18,,,true,50,,https://crests.football-data.org/98.png
Gonçalo Ramos,goncalo-ramos,Portugal,PT,AC Milan,SERIE_A,Forward,FORWARD,2001-06-20,,,true,50,,https://crests.football-data.org/98.png
Francesco Camarda,francesco-camarda,Italy,IT,AC Milan,SERIE_A,Forward,FORWARD,2008-03-10,,,true,50,,https://crests.football-data.org/98.png
Andrej Kostić,andrej-kostic,Montenegro,ME,AC Milan,SERIE_A,Forward,FORWARD,2007-01-16,,,true,50,,https://crests.football-data.org/98.png
Luca Lezzerini,luca-lezzerini,Italy,IT,ACF Fiorentina,SERIE_A,Goalkeeper,GOALKEEPER,1995-03-24,,,true,50,,https://crests.football-data.org/99.png
David De Gea,david-de-gea,Spain,ES,ACF Fiorentina,SERIE_A,Goalkeeper,GOALKEEPER,1990-11-07,,,true,50,,https://crests.football-data.org/99.png
Oliver Christensen,oliver-christensen,Denmark,DK,ACF Fiorentina,SERIE_A,Goalkeeper,GOALKEEPER,1999-03-22,,,true,50,,https://crests.football-data.org/99.png
Luca Ranieri,luca-ranieri,Italy,IT,ACF Fiorentina,SERIE_A,Defender,DEFENDER,1999-04-23,,,true,50,,https://crests.football-data.org/99.png
Marin Pongračić,marin-pongracic,Croatia,HR,ACF Fiorentina,SERIE_A,Defender,DEFENDER,1997-09-11,,,true,50,,https://crests.football-data.org/99.png
Dodô,dodo,Brazil,BR,ACF Fiorentina,SERIE_A,Defender,DEFENDER,1998-11-17,,,true,50,,https://crests.football-data.org/99.png
João Mário Lopes,joao-mario-lopes,Portugal,PT,ACF Fiorentina,SERIE_A,Defender,DEFENDER,2000-01-03,,,true,50,,https://crests.football-data.org/99.png
Fabiano Parisi,fabiano-parisi,Italy,IT,ACF Fiorentina,SERIE_A,Defender,DEFENDER,2000-11-09,,,true,50,,https://crests.football-data.org/99.png
Radu Drăgușin,radu-dragusin,Romania,RO,ACF Fiorentina,SERIE_A,Defender,DEFENDER,2002-02-03,,,true,50,,https://crests.football-data.org/99.png
Viery,viery,Brazil,BR,ACF Fiorentina,SERIE_A,Defender,DEFENDER,2005-01-02,,,true,50,,https://crests.football-data.org/99.png
Álex Jiménez,alex-jimenez,Spain,ES,ACF Fiorentina,SERIE_A,Defender,DEFENDER,2005-05-08,,,true,50,,https://crests.football-data.org/99.png
Niccolò Fortini,niccolo-fortini,Italy,IT,ACF Fiorentina,SERIE_A,Defender,DEFENDER,2006-02-13,,,true,50,,https://crests.football-data.org/99.png
Víctor Valdepeñas,victor-valdepenas,Spain,ES,ACF Fiorentina,SERIE_A,Defender,DEFENDER,2006-10-20,,,true,50,,https://crests.football-data.org/99.png
Eman Košpo,eman-kospo,Bosnia-Herzegovina,BA,ACF Fiorentina,SERIE_A,Defender,DEFENDER,2007-05-17,,,true,50,,https://crests.football-data.org/99.png
Antonín Barák,antonin-barak,Czech Republic,CZ,ACF Fiorentina,SERIE_A,Midfielder,MIDFIELDER,1994-12-03,,,true,50,,https://crests.football-data.org/99.png
Rolando Mandragora,rolando-mandragora,Italy,IT,ACF Fiorentina,SERIE_A,Midfielder,MIDFIELDER,1997-06-29,,,true,50,,https://crests.football-data.org/99.png
Nicolò Fagioli,nicolo-fagioli,Italy,IT,ACF Fiorentina,SERIE_A,Midfielder,MIDFIELDER,2001-02-12,,,true,50,,https://crests.football-data.org/99.png
Marco Brescianini,marco-brescianini,Italy,IT,ACF Fiorentina,SERIE_A,Midfielder,MIDFIELDER,2000-01-20,,,true,50,,https://crests.football-data.org/99.png
Giovanni Fabbian,giovanni-fabbian,Italy,IT,ACF Fiorentina,SERIE_A,Midfielder,MIDFIELDER,2003-01-14,,,true,50,,https://crests.football-data.org/99.png
Arthur Atta,arthur-atta,France,FR,ACF Fiorentina,SERIE_A,Midfielder,MIDFIELDER,2003-01-14,,,true,50,,https://crests.football-data.org/99.png
Cher Ndour,cher-ndour,Italy,IT,ACF Fiorentina,SERIE_A,Midfielder,MIDFIELDER,2004-07-27,,,true,50,,https://crests.football-data.org/99.png
Christ Ravynel Inao Oulaï,christ-ravynel-inao-oulai,Ivory Coast,CI,ACF Fiorentina,SERIE_A,Midfielder,MIDFIELDER,2006-04-06,,,true,50,,https://crests.football-data.org/99.png
Riccardo Sottil,riccardo-sottil,Italy,IT,ACF Fiorentina,SERIE_A,Forward,FORWARD,1999-06-03,,,true,50,,https://crests.football-data.org/99.png
Moise Kean,moise-kean,Italy,IT,ACF Fiorentina,SERIE_A,Forward,FORWARD,2000-02-28,,,true,50,,https://crests.football-data.org/99.png
Mbala N'Zola,mbala-n-zola,Angola,AO,ACF Fiorentina,SERIE_A,Forward,FORWARD,1996-08-18,,,true,50,,https://crests.football-data.org/99.png
Albert Guðmundsson,albert-gu-mundsson,Iceland,IS,ACF Fiorentina,SERIE_A,Forward,FORWARD,1997-06-15,,,true,50,,https://crests.football-data.org/99.png
Mateo Pellegrino,mateo-pellegrino,Argentina,AR,ACF Fiorentina,SERIE_A,Forward,FORWARD,2001-10-22,,,true,50,,https://crests.football-data.org/99.png
Franco Mastantuono,franco-mastantuono,Argentina,AR,ACF Fiorentina,SERIE_A,Forward,FORWARD,2007-08-14,,,true,50,,https://crests.football-data.org/99.png
Pierluigi Gollini,pierluigi-gollini,Italy,IT,AS Roma,SERIE_A,Goalkeeper,GOALKEEPER,1995-03-18,,,true,50,,https://crests.football-data.org/100.png
Mile Svilar,mile-svilar,Serbia,RS,AS Roma,SERIE_A,Goalkeeper,GOALKEEPER,1999-08-27,,,true,50,,https://crests.football-data.org/100.png
Devis Vásquez,devis-vasquez,Colombia,CO,AS Roma,SERIE_A,Goalkeeper,GOALKEEPER,1998-05-12,,,true,50,,https://crests.football-data.org/100.png
Giorgio De Marzi,giorgio-de-marzi,USA,US,AS Roma,SERIE_A,Goalkeeper,GOALKEEPER,2007-04-18,,,true,50,,https://crests.football-data.org/100.png
Evan N'Dicka,evan-n-dicka,Ivory Coast,CI,AS Roma,SERIE_A,Defender,DEFENDER,1999-08-20,,,true,50,,https://crests.football-data.org/100.png
Gianluca Mancini,gianluca-mancini,Italy,IT,AS Roma,SERIE_A,Defender,DEFENDER,1996-04-17,,,true,50,,https://crests.football-data.org/100.png
Mario Hermoso,mario-hermoso,Spain,ES,AS Roma,SERIE_A,Defender,DEFENDER,1995-06-18,,,true,50,,https://crests.football-data.org/100.png
Nahuel Molina,nahuel-molina-1,Argentina,AR,AS Roma,SERIE_A,Defender,DEFENDER,1998-04-06,,,true,50,,https://crests.football-data.org/100.png
Leonardo Balerdi,leonardo-balerdi,Argentina,AR,AS Roma,SERIE_A,Defender,DEFENDER,1999-01-26,,,true,50,,https://crests.football-data.org/100.png
Anass Salah-Eddine,anass-salah-eddine,Morocco,MA,AS Roma,SERIE_A,Defender,DEFENDER,2002-01-18,,,true,50,,https://crests.football-data.org/100.png
Devyne Rensch,devyne-rensch,Netherlands,NL,AS Roma,SERIE_A,Defender,DEFENDER,2003-01-18,,,true,50,,https://crests.football-data.org/100.png
Konstantinos Koulierakis,konstantinos-koulierakis,Greece,GR,AS Roma,SERIE_A,Defender,DEFENDER,2003-11-28,,,true,50,,https://crests.football-data.org/100.png
Wesley,wesley,Brazil,BR,AS Roma,SERIE_A,Defender,DEFENDER,2003-09-06,,,true,50,,https://crests.football-data.org/100.png
Daniele Ghilardi,daniele-ghilardi,Italy,IT,AS Roma,SERIE_A,Defender,DEFENDER,2003-01-06,,,true,50,,https://crests.football-data.org/100.png
Jan Ziółkowski,jan-zio-kowski,Poland,PL,AS Roma,SERIE_A,Defender,DEFENDER,2005-06-05,,,true,50,,https://crests.football-data.org/100.png
Mattia Mannini,mattia-mannini,Italy,IT,AS Roma,SERIE_A,Defender,DEFENDER,2006-07-08,,,true,50,,https://crests.football-data.org/100.png
Filippo Reale,filippo-reale,Italy,IT,AS Roma,SERIE_A,Defender,DEFENDER,2006-02-24,,,true,50,,https://crests.football-data.org/100.png
Emanuele Lulli,emanuele-lulli,Italy,IT,AS Roma,SERIE_A,Defender,DEFENDER,2007-08-17,,,true,50,,https://crests.football-data.org/100.png
Lorenzo Pellegrini,lorenzo-pellegrini,Italy,IT,AS Roma,SERIE_A,Midfielder,MIDFIELDER,1996-06-19,,,true,50,,https://crests.football-data.org/100.png
Bryan Cristante,bryan-cristante,Italy,IT,AS Roma,SERIE_A,Midfielder,MIDFIELDER,1995-03-03,,,true,50,,https://crests.football-data.org/100.png
Manu Koné,manu-kone,France,FR,AS Roma,SERIE_A,Midfielder,MIDFIELDER,2001-05-17,,,true,50,,https://crests.football-data.org/100.png
Neil El Aynaoui,neil-el-aynaoui,Morocco,MA,AS Roma,SERIE_A,Midfielder,MIDFIELDER,2001-07-02,,,true,50,,https://crests.football-data.org/100.png
Niccolo Pisilli,niccolo-pisilli,Italy,IT,AS Roma,SERIE_A,Midfielder,MIDFIELDER,2004-09-23,,,true,50,,https://crests.football-data.org/100.png
Rodrigo Mora,rodrigo-mora,Portugal,PT,AS Roma,SERIE_A,Midfielder,MIDFIELDER,2007-05-05,,,true,50,,https://crests.football-data.org/100.png
Muhammed Bah,muhammed-bah,Gambia,GM,AS Roma,SERIE_A,Midfielder,MIDFIELDER,2007-02-24,,,true,50,,https://crests.football-data.org/100.png
Paulo Dybala,paulo-dybala,Argentina,AR,AS Roma,SERIE_A,Forward,FORWARD,1993-11-15,,,true,50,,https://crests.football-data.org/100.png
Donyell Malen,donyell-malen,Netherlands,NL,AS Roma,SERIE_A,Forward,FORWARD,1999-01-19,,,true,50,,https://crests.football-data.org/100.png
Santiago Castro,santiago-castro,Argentina,AR,AS Roma,SERIE_A,Forward,FORWARD,2004-09-18,,,true,50,,https://crests.football-data.org/100.png
Matias Soule,matias-soule,Argentina,AR,AS Roma,SERIE_A,Forward,FORWARD,2003-04-15,,,true,50,,https://crests.football-data.org/100.png
Robinio Vaz,robinio-vaz,France,FR,AS Roma,SERIE_A,Forward,FORWARD,2007-02-17,,,true,50,,https://crests.football-data.org/100.png
Marco Sportiello,marco-sportiello,Italy,IT,Atalanta BC,SERIE_A,Goalkeeper,GOALKEEPER,1992-05-10,,,true,50,,https://crests.football-data.org/102.png
Francesco Rossi,francesco-rossi,Italy,IT,Atalanta BC,SERIE_A,Goalkeeper,GOALKEEPER,1991-04-27,,,true,50,,https://crests.football-data.org/102.png
Marco Carnesecchi,marco-carnesecchi,Italy,IT,Atalanta BC,SERIE_A,Goalkeeper,GOALKEEPER,2000-07-01,,,true,50,,https://crests.football-data.org/102.png
Paolo Vismara,paolo-vismara,Italy,IT,Atalanta BC,SERIE_A,Goalkeeper,GOALKEEPER,2003-03-28,,,true,50,,https://crests.football-data.org/102.png
Sead Kolašinac,sead-kolasinac,Bosnia-Herzegovina,BA,Atalanta BC,SERIE_A,Defender,DEFENDER,1993-06-20,,,true,50,,https://crests.football-data.org/102.png
Thomas Kristensen,thomas-kristensen,Denmark,DK,Atalanta BC,SERIE_A,Defender,DEFENDER,2002-01-17,,,true,50,,https://crests.football-data.org/102.png
Giorgio Scalvini,giorgio-scalvini,Italy,IT,Atalanta BC,SERIE_A,Defender,DEFENDER,2003-12-11,,,true,50,,https://crests.football-data.org/102.png
Isak Hien,isak-hien,Sweden,SE,Atalanta BC,SERIE_A,Defender,DEFENDER,1999-01-13,,,true,50,,https://crests.football-data.org/102.png
Odilon Kossounou,odilon-kossounou,Ivory Coast,CI,Atalanta BC,SERIE_A,Defender,DEFENDER,2001-01-04,,,true,50,,https://crests.football-data.org/102.png
Honest Ahanor,honest-ahanor,Italy,IT,Atalanta BC,SERIE_A,Defender,DEFENDER,2008-02-23,,,true,50,,https://crests.football-data.org/102.png
Éderson,ederson,Brazil,BR,Atalanta BC,SERIE_A,Midfielder,MIDFIELDER,1989-03-13,,,true,50,,https://crests.football-data.org/102.png
Franck Kessié,franck-kessie,Ivory Coast,CI,Atalanta BC,SERIE_A,Midfielder,MIDFIELDER,1996-12-19,,,true,50,,https://crests.football-data.org/102.png
Raoul Bellanova,raoul-bellanova,Italy,IT,Atalanta BC,SERIE_A,Midfielder,MIDFIELDER,2000-05-17,,,true,50,,https://crests.football-data.org/102.png
Marten de Roon,marten-de-roon,Netherlands,NL,Atalanta BC,SERIE_A,Midfielder,MIDFIELDER,1991-03-29,,,true,50,,https://crests.football-data.org/102.png
Mario Pašalić,mario-pasalic,Croatia,HR,Atalanta BC,SERIE_A,Midfielder,MIDFIELDER,1995-02-09,,,true,50,,https://crests.football-data.org/102.png
Mitchel Bakker,mitchel-bakker,Netherlands,NL,Atalanta BC,SERIE_A,Midfielder,MIDFIELDER,2000-06-20,,,true,50,,https://crests.football-data.org/102.png
Davide Zappacosta,davide-zappacosta,Italy,IT,Atalanta BC,SERIE_A,Midfielder,MIDFIELDER,1992-06-11,,,true,50,,https://crests.football-data.org/102.png
Eljif Elmas,eljif-elmas-1,North Macedonia,MK,Atalanta BC,SERIE_A,Midfielder,MIDFIELDER,1999-09-24,,,true,50,,https://crests.football-data.org/102.png
Gianluca Gaetano,gianluca-gaetano,Italy,IT,Atalanta BC,SERIE_A,Midfielder,MIDFIELDER,2000-05-05,,,true,50,,https://crests.football-data.org/102.png
Charles De Ketelaere,charles-de-ketelaere,Belgium,BE,Atalanta BC,SERIE_A,Midfielder,MIDFIELDER,2001-03-10,,,true,50,,https://crests.football-data.org/102.png
Lazar Samardzic,lazar-samardzic,Serbia,RS,Atalanta BC,SERIE_A,Midfielder,MIDFIELDER,2002-02-24,,,true,50,,https://crests.football-data.org/102.png
Lorenzo Bernasconi,lorenzo-bernasconi,Italy,IT,Atalanta BC,SERIE_A,Midfielder,MIDFIELDER,2003-11-16,,,true,50,,https://crests.football-data.org/102.png
Nicola Zalewski,nicola-zalewski,Poland,PL,Atalanta BC,SERIE_A,Midfielder,MIDFIELDER,2002-01-23,,,true,50,,https://crests.football-data.org/102.png
Ibrahim Sulemana,ibrahim-sulemana,Ghana,GH,Atalanta BC,SERIE_A,Midfielder,MIDFIELDER,2003-05-22,,,true,50,,https://crests.football-data.org/102.png
Gianluca Scamacca,gianluca-scamacca,Italy,IT,Atalanta BC,SERIE_A,Forward,FORWARD,1999-01-01,,,true,50,,https://crests.football-data.org/102.png
Giacomo Raspadori,giacomo-raspadori,Italy,IT,Atalanta BC,SERIE_A,Forward,FORWARD,2000-02-18,,,true,50,,https://crests.football-data.org/102.png
Nikola Krstović,nikola-krstovic,Montenegro,ME,Atalanta BC,SERIE_A,Forward,FORWARD,2000-04-05,,,true,50,,https://crests.football-data.org/102.png
Kamal Deen Sulemana,kamal-deen-sulemana,Ghana,GH,Atalanta BC,SERIE_A,Forward,FORWARD,2002-02-15,,,true,50,,https://crests.football-data.org/102.png
Vanja Vlahovic,vanja-vlahovic,Serbia,RS,Atalanta BC,SERIE_A,Forward,FORWARD,2004-03-23,,,true,50,,https://crests.football-data.org/102.png
Łukasz Skorupski,ukasz-skorupski,Poland,PL,Bologna FC 1909,SERIE_A,Goalkeeper,GOALKEEPER,1991-05-05,,,true,50,,https://crests.football-data.org/103.png
Massimo Pessina,massimo-pessina,Italy,IT,Bologna FC 1909,SERIE_A,Goalkeeper,GOALKEEPER,2007-12-25,,,true,50,,https://crests.football-data.org/103.png
Ukko Happonen,ukko-happonen,Finland,FI,Bologna FC 1909,SERIE_A,Goalkeeper,GOALKEEPER,2007-03-13,,,true,50,,https://crests.football-data.org/103.png
Lorenzo De Silvestri,lorenzo-de-silvestri,Italy,IT,Bologna FC 1909,SERIE_A,Defender,DEFENDER,1988-05-23,,,true,50,,https://crests.football-data.org/103.png
Torbjørn Heggem,torbj-rn-heggem,Norway,NO,Bologna FC 1909,SERIE_A,Defender,DEFENDER,1999-01-12,,,true,50,,https://crests.football-data.org/103.png
Juan Miranda,juan-miranda,Spain,ES,Bologna FC 1909,SERIE_A,Defender,DEFENDER,2000-01-19,,,true,50,,https://crests.football-data.org/103.png
Nicolò Casale,nicolo-casale,Italy,IT,Bologna FC 1909,SERIE_A,Defender,DEFENDER,1998-02-14,,,true,50,,https://crests.football-data.org/103.png
Emil Holm,emil-holm,Sweden,SE,Bologna FC 1909,SERIE_A,Defender,DEFENDER,2000-05-13,,,true,50,,https://crests.football-data.org/103.png
Nadir Zortea,nadir-zortea,Italy,IT,Bologna FC 1909,SERIE_A,Defender,DEFENDER,1999-06-19,,,true,50,,https://crests.football-data.org/103.png
Arthur Theate,arthur-theate-1,Belgium,BE,Bologna FC 1909,SERIE_A,Defender,DEFENDER,2000-05-25,,,true,50,,https://crests.football-data.org/103.png
Martin Vitík,martin-vitik,Czech Republic,CZ,Bologna FC 1909,SERIE_A,Defender,DEFENDER,2003-01-21,,,true,50,,https://crests.football-data.org/103.png
Eivind Helland,eivind-helland,Norway,NO,Bologna FC 1909,SERIE_A,Defender,DEFENDER,2005-04-25,,,true,50,,https://crests.football-data.org/103.png
Rahim Alhassane,rahim-alhassane,Niger,NE,Bologna FC 1909,SERIE_A,Defender,DEFENDER,2002-01-01,,,true,50,,https://crests.football-data.org/103.png
Jens Odgaard,jens-odgaard,Denmark,DK,Bologna FC 1909,SERIE_A,Midfielder,MIDFIELDER,1999-03-31,,,true,50,,https://crests.football-data.org/103.png
Nikola Moro,nikola-moro,Croatia,HR,Bologna FC 1909,SERIE_A,Midfielder,MIDFIELDER,1998-03-12,,,true,50,,https://crests.football-data.org/103.png
Lewis Ferguson,lewis-ferguson,Scotland,GB,Bologna FC 1909,SERIE_A,Midfielder,MIDFIELDER,1999-08-24,,,true,50,,https://crests.football-data.org/103.png
Tommaso Pobega,tommaso-pobega,Italy,IT,Bologna FC 1909,SERIE_A,Midfielder,MIDFIELDER,1999-07-15,,,true,50,,https://crests.football-data.org/103.png
Oussama El Azzouzi,oussama-el-azzouzi,Morocco,MA,Bologna FC 1909,SERIE_A,Midfielder,MIDFIELDER,2001-05-29,,,true,50,,https://crests.football-data.org/103.png
Mikel Amondarain,mikel-amondarain,Argentina,AR,Bologna FC 1909,SERIE_A,Midfielder,MIDFIELDER,2005-01-06,,,true,50,,https://crests.football-data.org/103.png
Riccardo Orsolini,riccardo-orsolini,Italy,IT,Bologna FC 1909,SERIE_A,Forward,FORWARD,1997-01-24,,,true,50,,https://crests.football-data.org/103.png
Federico Bernardeschi,federico-bernardeschi,Italy,IT,Bologna FC 1909,SERIE_A,Forward,FORWARD,1994-02-16,,,true,50,,https://crests.football-data.org/103.png
Artem Dovbyk,artem-dovbyk,Ukraine,UA,Bologna FC 1909,SERIE_A,Forward,FORWARD,1997-06-21,,,true,50,,https://crests.football-data.org/103.png
Jesper Karlsson,jesper-karlsson,Sweden,SE,Bologna FC 1909,SERIE_A,Forward,FORWARD,1998-07-25,,,true,50,,https://crests.football-data.org/103.png
Roberto Piccoli,roberto-piccoli,Italy,IT,Bologna FC 1909,SERIE_A,Forward,FORWARD,2001-01-27,,,true,50,,https://crests.football-data.org/103.png
Jonathan Rowe,jonathan-rowe,England,GB,Bologna FC 1909,SERIE_A,Forward,FORWARD,2003-04-30,,,true,50,,https://crests.football-data.org/103.png
Nicolò Cambiaghi,nicolo-cambiaghi,Italy,IT,Bologna FC 1909,SERIE_A,Forward,FORWARD,2000-12-28,,,true,50,,https://crests.football-data.org/103.png
Boris Radunović,boris-radunovic,Serbia,RS,Cagliari Calcio,SERIE_A,Goalkeeper,GOALKEEPER,1996-05-26,,,true,50,,https://crests.football-data.org/104.png
Elia Caprile,elia-caprile,Italy,IT,Cagliari Calcio,SERIE_A,Goalkeeper,GOALKEEPER,2001-08-25,,,true,50,,https://crests.football-data.org/104.png
Alen Sherri,alen-sherri,Albania,AL,Cagliari Calcio,SERIE_A,Goalkeeper,GOALKEEPER,1997-12-15,,,true,50,,https://crests.football-data.org/104.png
Yerry Mina,yerry-mina,Colombia,CO,Cagliari Calcio,SERIE_A,Defender,DEFENDER,1994-09-23,,,true,50,,https://crests.football-data.org/104.png
Zé Pedro Figueiredo,ze-pedro-figueiredo,Portugal,PT,Cagliari Calcio,SERIE_A,Defender,DEFENDER,1997-06-06,,,true,50,,https://crests.football-data.org/104.png
Gabriele Zappa,gabriele-zappa,Italy,IT,Cagliari Calcio,SERIE_A,Defender,DEFENDER,1999-12-22,,,true,50,,https://crests.football-data.org/104.png
Giuseppe Aurelio,giuseppe-aurelio,Italy,IT,Cagliari Calcio,SERIE_A,Defender,DEFENDER,2000-03-22,,,true,50,,https://crests.football-data.org/104.png
Adam Obert,adam-obert,Slovakia,SK,Cagliari Calcio,SERIE_A,Defender,DEFENDER,2002-08-23,,,true,50,,https://crests.football-data.org/104.png
Raphael Kofler,raphael-kofler,Italy,IT,Cagliari Calcio,SERIE_A,Defender,DEFENDER,2005-04-26,,,true,50,,https://crests.football-data.org/104.png
Juan Martín Rodriguez,juan-martin-rodriguez,Uruguay,UY,Cagliari Calcio,SERIE_A,Defender,DEFENDER,2005-05-30,,,true,50,,https://crests.football-data.org/104.png
Riyad Idrissi,riyad-idrissi,Italy,IT,Cagliari Calcio,SERIE_A,Defender,DEFENDER,2005-06-13,,,true,50,,https://crests.football-data.org/104.png
Alessandro Deiola,alessandro-deiola,Italy,IT,Cagliari Calcio,SERIE_A,Midfielder,MIDFIELDER,1995-08-01,,,true,50,,https://crests.football-data.org/104.png
Harry Winks,harry-winks,England,GB,Cagliari Calcio,SERIE_A,Midfielder,MIDFIELDER,1996-02-02,,,true,50,,https://crests.football-data.org/104.png
Daniel Maldini,daniel-maldini,Italy,IT,Cagliari Calcio,SERIE_A,Midfielder,MIDFIELDER,2001-10-11,,,true,50,,https://crests.football-data.org/104.png
Matteo Prati,matteo-prati-1,Italy,IT,Cagliari Calcio,SERIE_A,Midfielder,MIDFIELDER,2003-12-28,,,true,50,,https://crests.football-data.org/104.png
Nicolo Cavuoti,nicolo-cavuoti,Italy,IT,Cagliari Calcio,SERIE_A,Midfielder,MIDFIELDER,2003-04-04,,,true,50,,https://crests.football-data.org/104.png
Jacopo Fazzini,jacopo-fazzini,Italy,IT,Cagliari Calcio,SERIE_A,Midfielder,MIDFIELDER,2003-03-16,,,true,50,,https://crests.football-data.org/104.png
Michel Adopo,michel-adopo,France,FR,Cagliari Calcio,SERIE_A,Midfielder,MIDFIELDER,2000-07-19,,,true,50,,https://crests.football-data.org/104.png
Alessandro Romano,alessandro-romano,Switzerland,CH,Cagliari Calcio,SERIE_A,Midfielder,MIDFIELDER,2006-06-17,,,true,50,,https://crests.football-data.org/104.png
Joseph Liteta,joseph-liteta,Zambia,ZM,Cagliari Calcio,SERIE_A,Midfielder,MIDFIELDER,2006-02-22,,,true,50,,https://crests.football-data.org/104.png
Nicola Grandu,nicola-grandu,Italy,IT,Cagliari Calcio,SERIE_A,Midfielder,MIDFIELDER,2006-07-15,,,true,50,,https://crests.football-data.org/104.png
Ivan Sulev,ivan-sulev,Bulgaria,BG,Cagliari Calcio,SERIE_A,Midfielder,MIDFIELDER,2006-09-11,,,true,50,,https://crests.football-data.org/104.png
Mattia Felici,mattia-felici,Italy,IT,Cagliari Calcio,SERIE_A,Forward,FORWARD,2001-04-17,,,true,50,,https://crests.football-data.org/104.png
Sebastiano Esposito,sebastiano-esposito,Italy,IT,Cagliari Calcio,SERIE_A,Forward,FORWARD,2002-07-02,,,true,50,,https://crests.football-data.org/104.png
Gennaro Borrelli,gennaro-borrelli,Italy,IT,Cagliari Calcio,SERIE_A,Forward,FORWARD,2000-03-10,,,true,50,,https://crests.football-data.org/104.png
Riccardo Ciervo,riccardo-ciervo,Italy,IT,Cagliari Calcio,SERIE_A,Forward,FORWARD,2002-04-01,,,true,50,,https://crests.football-data.org/104.png
Kevin Carlos,kevin-carlos,Spain,ES,Cagliari Calcio,SERIE_A,Forward,FORWARD,2001-04-10,,,true,50,,https://crests.football-data.org/104.png
Alieu Fadera,alieu-fadera,Gambia,GM,Cagliari Calcio,SERIE_A,Forward,FORWARD,2001-11-03,,,true,50,,https://crests.football-data.org/104.png
Kingstone Mutandwa,kingstone-mutandwa,Zambia,ZM,Cagliari Calcio,SERIE_A,Forward,FORWARD,2003-01-05,,,true,50,,https://crests.football-data.org/104.png
Agustín Albarracín,agustin-albarracin,Uruguay,UY,Cagliari Calcio,SERIE_A,Forward,FORWARD,2005-08-29,,,true,50,,https://crests.football-data.org/104.png
Sebastiano Di Paolo,sebastiano-di-paolo,Italy,IT,Cagliari Calcio,SERIE_A,Forward,FORWARD,2006-10-09,,,true,50,,https://crests.football-data.org/104.png
Yael Trepy,yael-trepy,France,FR,Cagliari Calcio,SERIE_A,Forward,FORWARD,2006-05-20,,,true,50,,https://crests.football-data.org/104.png
Paul Mendy,paul-mendy,Senegal,SN,Cagliari Calcio,SERIE_A,Forward,FORWARD,2007-01-13,,,true,50,,https://crests.football-data.org/104.png
Justin Bijlow,justin-bijlow,Netherlands,NL,Genoa CFC,SERIE_A,Goalkeeper,GOALKEEPER,1998-01-22,,,true,50,,https://crests.football-data.org/107.png
Daniele Sommariva,daniele-sommariva,Italy,IT,Genoa CFC,SERIE_A,Goalkeeper,GOALKEEPER,1997-07-18,,,true,50,,https://crests.football-data.org/107.png
Franz Stolz,franz-stolz,Austria,AT,Genoa CFC,SERIE_A,Goalkeeper,GOALKEEPER,2001-02-14,,,true,50,,https://crests.football-data.org/107.png
Ernestas Lysionok,ernestas-lysionok,Lithuania,LT,Genoa CFC,SERIE_A,Goalkeeper,GOALKEEPER,2007-03-09,,,true,50,,https://crests.football-data.org/107.png
Stefano Sabelli,stefano-sabelli,Italy,IT,Genoa CFC,SERIE_A,Defender,DEFENDER,1993-01-13,,,true,50,,https://crests.football-data.org/107.png
Aaron Martín,aaron-martin,Spain,ES,Genoa CFC,SERIE_A,Defender,DEFENDER,1997-04-22,,,true,50,,https://crests.football-data.org/107.png
Johan Vásquez,johan-vasquez,Mexico,MX,Genoa CFC,SERIE_A,Defender,DEFENDER,1998-10-22,,,true,50,,https://crests.football-data.org/107.png
Leo Østigård,leo-stigard,Norway,NO,Genoa CFC,SERIE_A,Defender,DEFENDER,1999-11-28,,,true,50,,https://crests.football-data.org/107.png
Mario Mitaj,mario-mitaj,Albania,AL,Genoa CFC,SERIE_A,Defender,DEFENDER,2003-08-06,,,true,50,,https://crests.football-data.org/107.png
Brooke Norton-Cuffy,brooke-norton-cuffy,England,GB,Genoa CFC,SERIE_A,Defender,DEFENDER,2004-01-12,,,true,50,,https://crests.football-data.org/107.png
Sebastian Otoa,sebastian-otoa,Denmark,DK,Genoa CFC,SERIE_A,Defender,DEFENDER,2004-05-13,,,true,50,,https://crests.football-data.org/107.png
Alessandro Marcandalli,alessandro-marcandalli,Italy,IT,Genoa CFC,SERIE_A,Defender,DEFENDER,2002-10-25,,,true,50,,https://crests.football-data.org/107.png
Alan Matturro,alan-matturro,Uruguay,UY,Genoa CFC,SERIE_A,Defender,DEFENDER,2004-10-11,,,true,50,,https://crests.football-data.org/107.png
David Puczka,david-puczka,Austria,AT,Genoa CFC,SERIE_A,Defender,DEFENDER,2005-01-26,,,true,50,,https://crests.football-data.org/107.png
Matteo Barbini,matteo-barbini,Italy,IT,Genoa CFC,SERIE_A,Defender,DEFENDER,2006-12-11,,,true,50,,https://crests.football-data.org/107.png
Mamedi Doucouré,mamedi-doucoure,France,FR,Genoa CFC,SERIE_A,Defender,DEFENDER,2007-01-19,,,true,50,,https://crests.football-data.org/107.png
Marcelo Vaz,marcelo-vaz,Guinea-Bissau,GW,Genoa CFC,SERIE_A,Defender,DEFENDER,2007-07-31,,,true,50,,https://crests.football-data.org/107.png
Djibril Sow,djibril-sow,Switzerland,CH,Genoa CFC,SERIE_A,Midfielder,MIDFIELDER,1997-02-06,,,true,50,,https://crests.football-data.org/107.png
Morten Frendrup,morten-frendrup,Denmark,DK,Genoa CFC,SERIE_A,Midfielder,MIDFIELDER,2001-04-07,,,true,50,,https://crests.football-data.org/107.png
Tommaso Baldanzi,tommaso-baldanzi,Italy,IT,Genoa CFC,SERIE_A,Midfielder,MIDFIELDER,2003-03-23,,,true,50,,https://crests.football-data.org/107.png
Mikael Egill Ellertsson,mikael-egill-ellertsson,Iceland,IS,Genoa CFC,SERIE_A,Midfielder,MIDFIELDER,2002-03-11,,,true,50,,https://crests.football-data.org/107.png
Alexsandro Amorim,alexsandro-amorim,Brazil,BR,Genoa CFC,SERIE_A,Midfielder,MIDFIELDER,2005-05-18,,,true,50,,https://crests.football-data.org/107.png
Ethan Meichtry,ethan-meichtry,Switzerland,CH,Genoa CFC,SERIE_A,Midfielder,MIDFIELDER,2005-07-08,,,true,50,,https://crests.football-data.org/107.png
Samuel Wiafe,samuel-wiafe,Italy,IT,Genoa CFC,SERIE_A,Midfielder,MIDFIELDER,2008-06-22,,,true,50,,https://crests.football-data.org/107.png
Hamed Traoré,hamed-traore,Ivory Coast,CI,Genoa CFC,SERIE_A,Forward,FORWARD,2000-02-16,,,true,50,,https://crests.football-data.org/107.png
Milutin Osmajić,milutin-osmajic,Montenegro,ME,Genoa CFC,SERIE_A,Forward,FORWARD,1999-07-25,,,true,50,,https://crests.football-data.org/107.png
Junior Messias,junior-messias,Brazil,BR,Genoa CFC,SERIE_A,Forward,FORWARD,1991-05-13,,,true,50,,https://crests.football-data.org/107.png
Lorenzo Colombo,lorenzo-colombo,Italy,IT,Genoa CFC,SERIE_A,Forward,FORWARD,2002-03-08,,,true,50,,https://crests.football-data.org/107.png
Vitor Oliveira,vitor-oliveira,Portugal,PT,Genoa CFC,SERIE_A,Forward,FORWARD,2000-03-15,,,true,50,,https://crests.football-data.org/107.png
Elias Havel,elias-havel,Austria,AT,Genoa CFC,SERIE_A,Forward,FORWARD,2003-04-16,,,true,50,,https://crests.football-data.org/107.png
Lorenzo Venturino,lorenzo-venturino,Italy,IT,Genoa CFC,SERIE_A,Forward,FORWARD,2006-06-22,,,true,50,,https://crests.football-data.org/107.png
Ivan Provedel,ivan-provedel,Italy,IT,FC Internazionale Milano,SERIE_A,Goalkeeper,GOALKEEPER,1994-03-17,,,true,50,,https://crests.football-data.org/108.png
Raffaele Di Gennaro,raffaele-di-gennaro,Italy,IT,FC Internazionale Milano,SERIE_A,Goalkeeper,GOALKEEPER,1993-10-03,,,true,50,,https://crests.football-data.org/108.png
Josep Martinez,josep-martinez,Spain,ES,FC Internazionale Milano,SERIE_A,Goalkeeper,GOALKEEPER,1998-05-27,,,true,50,,https://crests.football-data.org/108.png
Manuel Akanji,manuel-akanji,Switzerland,CH,FC Internazionale Milano,SERIE_A,Defender,DEFENDER,1995-07-19,,,true,50,,https://crests.football-data.org/108.png
Yann Aurel Bisseck,yann-aurel-bisseck,Germany,DE,FC Internazionale Milano,SERIE_A,Defender,DEFENDER,2000-11-29,,,true,50,,https://crests.football-data.org/108.png
Alessandro Bastoni,alessandro-bastoni,Italy,IT,FC Internazionale Milano,SERIE_A,Defender,DEFENDER,1999-04-13,,,true,50,,https://crests.football-data.org/108.png
John Stones,john-stones,England,GB,FC Internazionale Milano,SERIE_A,Defender,DEFENDER,1994-05-28,,,true,50,,https://crests.football-data.org/108.png
Benjamin Pavard,benjamin-pavard,France,FR,FC Internazionale Milano,SERIE_A,Defender,DEFENDER,1996-03-28,,,true,50,,https://crests.football-data.org/108.png
Carlos,carlos,Brazil,BR,FC Internazionale Milano,SERIE_A,Defender,DEFENDER,1999-01-07,,,true,50,,https://crests.football-data.org/108.png
Federico Dimarco,federico-dimarco,Italy,IT,FC Internazionale Milano,SERIE_A,Defender,DEFENDER,1997-11-10,,,true,50,,https://crests.football-data.org/108.png
Djed Spence,djed-spence-1,England,GB,FC Internazionale Milano,SERIE_A,Defender,DEFENDER,2000-08-09,,,true,50,,https://crests.football-data.org/108.png
Hakan Çalhanoğlu,hakan-calhanoglu,Turkey,TR,FC Internazionale Milano,SERIE_A,Midfielder,MIDFIELDER,1994-02-08,,,true,50,,https://crests.football-data.org/108.png
Nicolò Barella,nicolo-barella,Italy,IT,FC Internazionale Milano,SERIE_A,Midfielder,MIDFIELDER,1997-02-07,,,true,50,,https://crests.football-data.org/108.png
Piotr Zieliński,piotr-zielinski,Poland,PL,FC Internazionale Milano,SERIE_A,Midfielder,MIDFIELDER,1994-05-20,,,true,50,,https://crests.football-data.org/108.png
Henrikh Mkhitaryan,henrikh-mkhitaryan,Armenia,AM,FC Internazionale Milano,SERIE_A,Midfielder,MIDFIELDER,1989-01-21,,,true,50,,https://crests.football-data.org/108.png
Curtis Jones,curtis-jones-1,England,GB,FC Internazionale Milano,SERIE_A,Midfielder,MIDFIELDER,2001-01-30,,,true,50,,https://crests.football-data.org/108.png
Luis Henrique,luis-henrique,Brazil,BR,FC Internazionale Milano,SERIE_A,Midfielder,MIDFIELDER,2001-12-14,,,true,50,,https://crests.football-data.org/108.png
Petar Sucic,petar-sucic,Croatia,HR,FC Internazionale Milano,SERIE_A,Midfielder,MIDFIELDER,2003-10-25,,,true,50,,https://crests.football-data.org/108.png
Kristjan Asllani,kristjan-asllani,Albania,AL,FC Internazionale Milano,SERIE_A,Midfielder,MIDFIELDER,2002-03-09,,,true,50,,https://crests.football-data.org/108.png
Andy Diouf,andy-diouf,France,FR,FC Internazionale Milano,SERIE_A,Midfielder,MIDFIELDER,2003-05-17,,,true,50,,https://crests.football-data.org/108.png
Yanis Massolin,yanis-massolin,France,FR,FC Internazionale Milano,SERIE_A,Midfielder,MIDFIELDER,2002-09-20,,,true,50,,https://crests.football-data.org/108.png
Aleksandar Stankovic,aleksandar-stankovic,Serbia,RS,FC Internazionale Milano,SERIE_A,Midfielder,MIDFIELDER,2005-08-03,,,true,50,,https://crests.football-data.org/108.png
Lautaro Martínez,lautaro-martinez,Argentina,AR,FC Internazionale Milano,SERIE_A,Forward,FORWARD,1997-08-22,,,true,50,,https://crests.football-data.org/108.png
Marcus Thuram-Ulien,marcus-thuram-ulien,France,FR,FC Internazionale Milano,SERIE_A,Forward,FORWARD,1997-08-06,,,true,50,,https://crests.football-data.org/108.png
Ange-Yoan Bonny,ange-yoan-bonny,Ivory Coast,CI,FC Internazionale Milano,SERIE_A,Forward,FORWARD,2003-10-25,,,true,50,,https://crests.football-data.org/108.png
Francesco Esposito,francesco-esposito,Italy,IT,FC Internazionale Milano,SERIE_A,Forward,FORWARD,2005-06-28,,,true,50,,https://crests.football-data.org/108.png
Mattia Perin,mattia-perin,Italy,IT,Juventus FC,SERIE_A,Goalkeeper,GOALKEEPER,1992-11-10,,,true,50,,https://crests.football-data.org/109.png
Carlo Pinsoglio,carlo-pinsoglio,Italy,IT,Juventus FC,SERIE_A,Goalkeeper,GOALKEEPER,1990-03-16,,,true,50,,https://crests.football-data.org/109.png
Guglielmo Vicario,guglielmo-vicario-1,Italy,IT,Juventus FC,SERIE_A,Goalkeeper,GOALKEEPER,1996-10-07,,,true,50,,https://crests.football-data.org/109.png
Michele Di Gregorio,michele-di-gregorio-1,Italy,IT,Juventus FC,SERIE_A,Goalkeeper,GOALKEEPER,1997-07-27,,,true,50,,https://crests.football-data.org/109.png
Kamil Grabara,kamil-grabara,Poland,PL,Juventus FC,SERIE_A,Goalkeeper,GOALKEEPER,1999-01-08,,,true,50,,https://crests.football-data.org/109.png
Bremer,bremer,Brazil,BR,Juventus FC,SERIE_A,Defender,DEFENDER,1997-03-18,,,true,50,,https://crests.football-data.org/109.png
Daniele Rugani,daniele-rugani,Italy,IT,Juventus FC,SERIE_A,Defender,DEFENDER,1994-07-29,,,true,50,,https://crests.football-data.org/109.png
Lloyd Kelly,lloyd-kelly,England,GB,Juventus FC,SERIE_A,Defender,DEFENDER,1998-10-06,,,true,50,,https://crests.football-data.org/109.png
Jhon Lucumí,jhon-lucumi,Colombia,CO,Juventus FC,SERIE_A,Defender,DEFENDER,1998-06-26,,,true,50,,https://crests.football-data.org/109.png
Zeki Çelik,zeki-celik,Turkey,TR,Juventus FC,SERIE_A,Defender,DEFENDER,1997-02-17,,,true,50,,https://crests.football-data.org/109.png
Juan Cabal,juan-cabal,Colombia,CO,Juventus FC,SERIE_A,Defender,DEFENDER,2001-01-08,,,true,50,,https://crests.football-data.org/109.png
Andrea Cambiaso,andrea-cambiaso,Italy,IT,Juventus FC,SERIE_A,Defender,DEFENDER,2000-02-20,,,true,50,,https://crests.football-data.org/109.png
Pierre Kalulu,pierre-kalulu,France,FR,Juventus FC,SERIE_A,Defender,DEFENDER,2000-06-05,,,true,50,,https://crests.football-data.org/109.png
Federico Gatti,federico-gatti,Italy,IT,Juventus FC,SERIE_A,Defender,DEFENDER,1998-06-24,,,true,50,,https://crests.football-data.org/109.png
Arthur,arthur,Brazil,BR,Juventus FC,SERIE_A,Midfielder,MIDFIELDER,1996-08-12,,,true,50,,https://crests.football-data.org/109.png
Manuel Locatelli,manuel-locatelli,Italy,IT,Juventus FC,SERIE_A,Midfielder,MIDFIELDER,1998-01-08,,,true,50,,https://crests.football-data.org/109.png
Weston McKennie,weston-mckennie,USA,US,Juventus FC,SERIE_A,Midfielder,MIDFIELDER,1998-08-28,,,true,50,,https://crests.football-data.org/109.png
Teun Koopmeiners,teun-koopmeiners,Netherlands,NL,Juventus FC,SERIE_A,Midfielder,MIDFIELDER,1998-02-28,,,true,50,,https://crests.football-data.org/109.png
Douglas Luiz,douglas-luiz,Brazil,BR,Juventus FC,SERIE_A,Midfielder,MIDFIELDER,1998-05-09,,,true,50,,https://crests.football-data.org/109.png
Khéphren Thuram-Ulie,khephren-thuram-ulie,France,FR,Juventus FC,SERIE_A,Midfielder,MIDFIELDER,2001-03-26,,,true,50,,https://crests.football-data.org/109.png
Fabio Miretti,fabio-miretti,Italy,IT,Juventus FC,SERIE_A,Midfielder,MIDFIELDER,2003-08-03,,,true,50,,https://crests.football-data.org/109.png
Arkadiusz Milik,arkadiusz-milik,Poland,PL,Juventus FC,SERIE_A,Forward,FORWARD,1994-02-28,,,true,50,,https://crests.football-data.org/109.png
Jérémie Boga,jeremie-boga,Ivory Coast,CI,Juventus FC,SERIE_A,Forward,FORWARD,1997-01-03,,,true,50,,https://crests.football-data.org/109.png
Randal Kolo Muani,randal-kolo-muani,France,FR,Juventus FC,SERIE_A,Forward,FORWARD,1998-12-05,,,true,50,,https://crests.football-data.org/109.png
Jonathan David,jonathan-david,Canada,CA,Juventus FC,SERIE_A,Forward,FORWARD,2000-01-14,,,true,50,,https://crests.football-data.org/109.png
Edon Zhegrova,edon-zhegrova,Kosovo,XK,Juventus FC,SERIE_A,Forward,FORWARD,1999-03-31,,,true,50,,https://crests.football-data.org/109.png
Nicolás González,nicolas-gonzalez,Argentina,AR,Juventus FC,SERIE_A,Forward,FORWARD,1998-04-06,,,true,50,,https://crests.football-data.org/109.png
Francisco Conceição,francisco-conceicao,Portugal,PT,Juventus FC,SERIE_A,Forward,FORWARD,2002-12-14,,,true,50,,https://crests.football-data.org/109.png
Kenan Yıldız,kenan-y-ld-z,Turkey,TR,Juventus FC,SERIE_A,Forward,FORWARD,2005-05-04,,,true,50,,https://crests.football-data.org/109.png
Jeff Ekhator,jeff-ekhator,Italy,IT,Juventus FC,SERIE_A,Forward,FORWARD,2006-11-11,,,true,50,,https://crests.football-data.org/109.png
Kerim Alajbegović,kerim-alajbegovic-1,Bosnia-Herzegovina,BA,Juventus FC,SERIE_A,Forward,FORWARD,2007-09-21,,,true,50,,https://crests.football-data.org/109.png
Christos Mandas,christos-mandas,Greece,GR,SS Lazio,SERIE_A,Goalkeeper,GOALKEEPER,2001-09-17,,,true,50,,https://crests.football-data.org/110.png
Alessio Furlanetto,alessio-furlanetto,Italy,IT,SS Lazio,SERIE_A,Goalkeeper,GOALKEEPER,2002-02-07,,,true,50,,https://crests.football-data.org/110.png
Davide Renzetti,davide-renzetti,Italy,IT,SS Lazio,SERIE_A,Goalkeeper,GOALKEEPER,2006-06-09,,,true,50,,https://crests.football-data.org/110.png
Edoardo Motta,edoardo-motta,Italy,IT,SS Lazio,SERIE_A,Goalkeeper,GOALKEEPER,2005-01-13,,,true,50,,https://crests.football-data.org/110.png
Alfonso Pedraza,alfonso-pedraza,Spain,ES,SS Lazio,SERIE_A,Defender,DEFENDER,1996-04-09,,,true,50,,https://crests.football-data.org/110.png
Alessio Romagnoli,alessio-romagnoli,Italy,IT,SS Lazio,SERIE_A,Defender,DEFENDER,1995-01-12,,,true,50,,https://crests.football-data.org/110.png
Luca Pellegrini,luca-pellegrini,Italy,IT,SS Lazio,SERIE_A,Defender,DEFENDER,1999-03-07,,,true,50,,https://crests.football-data.org/110.png
Patric,patric,Spain,ES,SS Lazio,SERIE_A,Defender,DEFENDER,1993-04-17,,,true,50,,https://crests.football-data.org/110.png
Adam Marušić,adam-marusic,Montenegro,ME,SS Lazio,SERIE_A,Defender,DEFENDER,1992-10-17,,,true,50,,https://crests.football-data.org/110.png
Mohamed Salim Fares,mohamed-salim-fares,Algeria,DZ,SS Lazio,SERIE_A,Defender,DEFENDER,1996-02-15,,,true,50,,https://crests.football-data.org/110.png
Manuel Lazzari,manuel-lazzari,Italy,IT,SS Lazio,SERIE_A,Defender,DEFENDER,1993-11-29,,,true,50,,https://crests.football-data.org/110.png
Samuel Gigot,samuel-gigot,France,FR,SS Lazio,SERIE_A,Defender,DEFENDER,1993-10-12,,,true,50,,https://crests.football-data.org/110.png
Danilho Doekhi,danilho-doekhi,Suriname,SR,SS Lazio,SERIE_A,Defender,DEFENDER,1998-06-30,,,true,50,,https://crests.football-data.org/110.png
Nuno Tavares,nuno-tavares,Portugal,PT,SS Lazio,SERIE_A,Defender,DEFENDER,2000-01-26,,,true,50,,https://crests.football-data.org/110.png
Josip Šutalo,josip-sutalo,Croatia,HR,SS Lazio,SERIE_A,Defender,DEFENDER,2000-02-28,,,true,50,,https://crests.football-data.org/110.png
Romano Floriani,romano-floriani,Italy,IT,SS Lazio,SERIE_A,Defender,DEFENDER,2003-01-27,,,true,50,,https://crests.football-data.org/110.png
Oliver Nielsen,oliver-nielsen,Denmark,DK,SS Lazio,SERIE_A,Defender,DEFENDER,2003-06-04,,,true,50,,https://crests.football-data.org/110.png
Filipe,filipe,Brazil,BR,SS Lazio,SERIE_A,Defender,DEFENDER,2005-06-24,,,true,50,,https://crests.football-data.org/110.png
Davide Frattesi,davide-frattesi,Italy,IT,SS Lazio,SERIE_A,Midfielder,MIDFIELDER,1999-09-22,,,true,50,,https://crests.football-data.org/110.png
Danilo Cataldi,danilo-cataldi,Italy,IT,SS Lazio,SERIE_A,Midfielder,MIDFIELDER,1994-08-06,,,true,50,,https://crests.football-data.org/110.png
Kenneth Taylor,kenneth-taylor,Netherlands,NL,SS Lazio,SERIE_A,Midfielder,MIDFIELDER,2002-05-16,,,true,50,,https://crests.football-data.org/110.png
Nicolò Rovella,nicolo-rovella,Italy,IT,SS Lazio,SERIE_A,Midfielder,MIDFIELDER,2001-12-04,,,true,50,,https://crests.football-data.org/110.png
Fisayo Dele-Bashiru,fisayo-dele-bashiru,Nigeria,NG,SS Lazio,SERIE_A,Midfielder,MIDFIELDER,2001-02-06,,,true,50,,https://crests.football-data.org/110.png
Reda Belahyane,reda-belahyane,Morocco,MA,SS Lazio,SERIE_A,Midfielder,MIDFIELDER,2004-06-01,,,true,50,,https://crests.football-data.org/110.png
Adrian Przyborek,adrian-przyborek,Poland,PL,SS Lazio,SERIE_A,Midfielder,MIDFIELDER,2007-01-01,,,true,50,,https://crests.football-data.org/110.png
Valerio Farcomeni,valerio-farcomeni,Italy,IT,SS Lazio,SERIE_A,Midfielder,MIDFIELDER,2006-01-18,,,true,50,,https://crests.football-data.org/110.png
Bruno Galassi,bruno-galassi,Spain,ES,SS Lazio,SERIE_A,Midfielder,MIDFIELDER,2007-02-07,,,true,50,,https://crests.football-data.org/110.png
Andrea Pinamonti,andrea-pinamonti,Italy,IT,SS Lazio,SERIE_A,Forward,FORWARD,1999-05-19,,,true,50,,https://crests.football-data.org/110.png
Mattia Zaccagni,mattia-zaccagni,Italy,IT,SS Lazio,SERIE_A,Forward,FORWARD,1995-06-16,,,true,50,,https://crests.football-data.org/110.png
Boulaye Dia,boulaye-dia,Senegal,SN,SS Lazio,SERIE_A,Forward,FORWARD,1996-11-16,,,true,50,,https://crests.football-data.org/110.png
Gustav Isaksen,gustav-isaksen,Denmark,DK,SS Lazio,SERIE_A,Forward,FORWARD,2001-04-19,,,true,50,,https://crests.football-data.org/110.png
Gabriele Artistico,gabriele-artistico,Italy,IT,SS Lazio,SERIE_A,Forward,FORWARD,2002-07-14,,,true,50,,https://crests.football-data.org/110.png
Matteo Cancellieri,matteo-cancellieri,Italy,IT,SS Lazio,SERIE_A,Forward,FORWARD,2002-02-12,,,true,50,,https://crests.football-data.org/110.png
Tijjani Noslin,tijjani-noslin,Netherlands,NL,SS Lazio,SERIE_A,Forward,FORWARD,1999-07-07,,,true,50,,https://crests.football-data.org/110.png
Petar Ratkov,petar-ratkov,Serbia,RS,SS Lazio,SERIE_A,Forward,FORWARD,2003-08-18,,,true,50,,https://crests.football-data.org/110.png
Federico Serra,federico-serra,Italy,IT,SS Lazio,SERIE_A,Forward,FORWARD,2006-01-03,,,true,50,,https://crests.football-data.org/110.png
Zion Suzuki,zion-suzuki-1,Japan,JP,Parma Calcio 1913,SERIE_A,Goalkeeper,GOALKEEPER,2002-08-21,,,true,50,,https://crests.football-data.org/112.png
Edoardo Corvi,edoardo-corvi,Italy,IT,Parma Calcio 1913,SERIE_A,Goalkeeper,GOALKEEPER,2001-03-23,,,true,50,,https://crests.football-data.org/112.png
Giovanni Daffara,giovanni-daffara,Italy,IT,Parma Calcio 1913,SERIE_A,Goalkeeper,GOALKEEPER,2004-12-05,,,true,50,,https://crests.football-data.org/112.png
Enrico Del Prato,enrico-del-prato,Italy,IT,Parma Calcio 1913,SERIE_A,Defender,DEFENDER,1999-11-10,,,true,50,,https://crests.football-data.org/112.png
Emanuele Valeri,emanuele-valeri,Italy,IT,Parma Calcio 1913,SERIE_A,Defender,DEFENDER,1998-12-07,,,true,50,,https://crests.football-data.org/112.png
Lautaro Valenti,lautaro-valenti,Argentina,AR,Parma Calcio 1913,SERIE_A,Defender,DEFENDER,1999-01-14,,,true,50,,https://crests.football-data.org/112.png
Botond Balogh,botond-balogh,Hungary,HU,Parma Calcio 1913,SERIE_A,Defender,DEFENDER,2002-06-06,,,true,50,,https://crests.football-data.org/112.png
Franco Carboni,franco-carboni,Argentina,AR,Parma Calcio 1913,SERIE_A,Defender,DEFENDER,2003-04-04,,,true,50,,https://crests.football-data.org/112.png
Alessandro Circati,alessandro-circati,Australia,AU,Parma Calcio 1913,SERIE_A,Defender,DEFENDER,2003-10-10,,,true,50,,https://crests.football-data.org/112.png
Abdoulaye N'Diaye,abdoulaye-n-diaye,Senegal,SN,Parma Calcio 1913,SERIE_A,Defender,DEFENDER,2002-04-10,,,true,50,,https://crests.football-data.org/112.png
Mariano Troilo,mariano-troilo,Argentina,AR,Parma Calcio 1913,SERIE_A,Defender,DEFENDER,2003-06-22,,,true,50,,https://crests.football-data.org/112.png
Peter Amoran,peter-amoran,Sweden,SE,Parma Calcio 1913,SERIE_A,Defender,DEFENDER,2004-05-22,,,true,50,,https://crests.football-data.org/112.png
Sascha Britschgi,sascha-britschgi,Switzerland,CH,Parma Calcio 1913,SERIE_A,Defender,DEFENDER,2006-08-27,,,true,50,,https://crests.football-data.org/112.png
Dominik Drobnič,dominik-drobnic,Slovenia,SI,Parma Calcio 1913,SERIE_A,Defender,DEFENDER,2007-04-05,,,true,50,,https://crests.football-data.org/112.png
Adrián Bernabé,adrian-bernabe,Spain,ES,Parma Calcio 1913,SERIE_A,Midfielder,MIDFIELDER,2001-05-26,,,true,50,,https://crests.football-data.org/112.png
Hans Nicolussi Caviglia,hans-nicolussi-caviglia,Italy,IT,Parma Calcio 1913,SERIE_A,Midfielder,MIDFIELDER,2000-06-18,,,true,50,,https://crests.football-data.org/112.png
Mandela Keita,mandela-keita,Belgium,BE,Parma Calcio 1913,SERIE_A,Midfielder,MIDFIELDER,2002-05-10,,,true,50,,https://crests.football-data.org/112.png
Giovanni Fabbian,giovanni-fabbian-1,Italy,IT,Parma Calcio 1913,SERIE_A,Midfielder,MIDFIELDER,2003-01-14,,,true,50,,https://crests.football-data.org/112.png
Oliver Sørensen,oliver-s-rensen,Denmark,DK,Parma Calcio 1913,SERIE_A,Midfielder,MIDFIELDER,2002-03-10,,,true,50,,https://crests.football-data.org/112.png
Rachid Kouda,rachid-kouda,Italy,IT,Parma Calcio 1913,SERIE_A,Midfielder,MIDFIELDER,2002-07-25,,,true,50,,https://crests.football-data.org/112.png
Christian Ordonez,christian-ordonez,Argentina,AR,Parma Calcio 1913,SERIE_A,Midfielder,MIDFIELDER,2004-07-24,,,true,50,,https://crests.football-data.org/112.png
Abdou-Salam Konate,abdou-salam-konate,France,FR,Parma Calcio 1913,SERIE_A,Midfielder,MIDFIELDER,2006-11-25,,,true,50,,https://crests.football-data.org/112.png
Pontus Almqvist,pontus-almqvist,Sweden,SE,Parma Calcio 1913,SERIE_A,Forward,FORWARD,1999-07-10,,,true,50,,https://crests.football-data.org/112.png
El Bilal Touré,el-bilal-toure,Mali,ML,Parma Calcio 1913,SERIE_A,Forward,FORWARD,2001-10-03,,,true,50,,https://crests.football-data.org/112.png
José Romero,jose-romero,Argentina,AR,Parma Calcio 1913,SERIE_A,Forward,FORWARD,2003-03-25,,,true,50,,https://crests.football-data.org/112.png
Matija Frigan,matija-frigan,Croatia,HR,Parma Calcio 1913,SERIE_A,Forward,FORWARD,2003-02-11,,,true,50,,https://crests.football-data.org/112.png
Antoine Joujou,antoine-joujou,France,FR,Parma Calcio 1913,SERIE_A,Forward,FORWARD,2003-03-12,,,true,50,,https://crests.football-data.org/112.png
Nesta Elphege,nesta-elphege,France,FR,Parma Calcio 1913,SERIE_A,Forward,FORWARD,2001-01-09,,,true,50,,https://crests.football-data.org/112.png
Ousmane Diallo,ousmane-diallo,Spain,ES,Parma Calcio 1913,SERIE_A,Forward,FORWARD,2007-06-12,,,true,50,,https://crests.football-data.org/112.png
Thomas de Martis,thomas-de-martis,Argentina,AR,Parma Calcio 1913,SERIE_A,Forward,FORWARD,2008-06-26,,,true,50,,https://crests.football-data.org/112.png
Aymen Zouin,aymen-zouin,Morocco,MA,Parma Calcio 1913,SERIE_A,Forward,FORWARD,2006-01-01,,,true,50,,https://crests.football-data.org/112.png
Simone Lontani,simone-lontani,Italy,IT,Parma Calcio 1913,SERIE_A,Forward,FORWARD,2008-01-18,,,true,50,,https://crests.football-data.org/112.png
Vanja Milinković-Savić,vanja-milinkovic-savic,Serbia,RS,SSC Napoli,SERIE_A,Goalkeeper,GOALKEEPER,1997-02-20,,,true,50,,https://crests.football-data.org/113.png
Alex Meret,alex-meret,Italy,IT,SSC Napoli,SERIE_A,Goalkeeper,GOALKEEPER,1997-03-22,,,true,50,,https://crests.football-data.org/113.png
Nikita Contini Baranovsky,nikita-contini-baranovsky,Italy,IT,SSC Napoli,SERIE_A,Goalkeeper,GOALKEEPER,1996-05-21,,,true,50,,https://crests.football-data.org/113.png
Leonardo Spinazzola,leonardo-spinazzola,Italy,IT,SSC Napoli,SERIE_A,Defender,DEFENDER,1993-03-25,,,true,50,,https://crests.football-data.org/113.png
Alessandro Buongiorno,alessandro-buongiorno,Italy,IT,SSC Napoli,SERIE_A,Defender,DEFENDER,1999-06-06,,,true,50,,https://crests.football-data.org/113.png
Pasquale Mazzocchi,pasquale-mazzocchi,Italy,IT,SSC Napoli,SERIE_A,Defender,DEFENDER,1995-07-27,,,true,50,,https://crests.football-data.org/113.png
Giovanni Di Lorenzo,giovanni-di-lorenzo,Italy,IT,SSC Napoli,SERIE_A,Defender,DEFENDER,1993-08-04,,,true,50,,https://crests.football-data.org/113.png
Amir Rrahmani,amir-rrahmani,Kosovo,XK,SSC Napoli,SERIE_A,Defender,DEFENDER,1994-02-24,,,true,50,,https://crests.football-data.org/113.png
Mathías Olivera,mathias-olivera,Uruguay,UY,SSC Napoli,SERIE_A,Defender,DEFENDER,1997-10-31,,,true,50,,https://crests.football-data.org/113.png
Sam Beukema,sam-beukema,Netherlands,NL,SSC Napoli,SERIE_A,Defender,DEFENDER,1998-11-17,,,true,50,,https://crests.football-data.org/113.png
Benoît Badiashile,benoit-badiashile-1,France,FR,SSC Napoli,SERIE_A,Defender,DEFENDER,2001-03-26,,,true,50,,https://crests.football-data.org/113.png
Rafa Marin,rafa-marin,Spain,ES,SSC Napoli,SERIE_A,Defender,DEFENDER,2002-05-19,,,true,50,,https://crests.football-data.org/113.png
Nosa Edward Obaretin,nosa-edward-obaretin,Italy,IT,SSC Napoli,SERIE_A,Defender,DEFENDER,2003-01-26,,,true,50,,https://crests.football-data.org/113.png
Luca Marianucci,luca-marianucci,Italy,IT,SSC Napoli,SERIE_A,Defender,DEFENDER,2004-07-23,,,true,50,,https://crests.football-data.org/113.png
Christian Garofalo,christian-garofalo,Italy,IT,SSC Napoli,SERIE_A,Defender,DEFENDER,2007-01-04,,,true,50,,https://crests.football-data.org/113.png
Kevin De Bruyne,kevin-de-bruyne,Belgium,BE,SSC Napoli,SERIE_A,Midfielder,MIDFIELDER,1991-06-28,,,true,50,,https://crests.football-data.org/113.png
Scott McTominay,scott-mctominay,Scotland,GB,SSC Napoli,SERIE_A,Midfielder,MIDFIELDER,1996-12-08,,,true,50,,https://crests.football-data.org/113.png
André Zambo Anguissa,andre-zambo-anguissa,Cameroon,CM,SSC Napoli,SERIE_A,Midfielder,MIDFIELDER,1995-11-16,,,true,50,,https://crests.football-data.org/113.png
Jens Cajuste,jens-cajuste,Sweden,SE,SSC Napoli,SERIE_A,Midfielder,MIDFIELDER,1999-08-10,,,true,50,,https://crests.football-data.org/113.png
Stanislav Lobotka,stanislav-lobotka,Slovakia,SK,SSC Napoli,SERIE_A,Midfielder,MIDFIELDER,1994-11-25,,,true,50,,https://crests.football-data.org/113.png
Michael Folorunsho,michael-folorunsho,Italy,IT,SSC Napoli,SERIE_A,Midfielder,MIDFIELDER,1998-02-07,,,true,50,,https://crests.football-data.org/113.png
Billy Gilmour,billy-gilmour,Scotland,GB,SSC Napoli,SERIE_A,Midfielder,MIDFIELDER,2001-06-11,,,true,50,,https://crests.football-data.org/113.png
Antonio Vergara,antonio-vergara,Italy,IT,SSC Napoli,SERIE_A,Midfielder,MIDFIELDER,2003-01-16,,,true,50,,https://crests.football-data.org/113.png
Costantino Favasuli,costantino-favasuli,Italy,IT,SSC Napoli,SERIE_A,Midfielder,MIDFIELDER,2004-04-26,,,true,50,,https://crests.football-data.org/113.png
Matteo Politano,matteo-politano,Italy,IT,SSC Napoli,SERIE_A,Forward,FORWARD,1993-08-03,,,true,50,,https://crests.football-data.org/113.png
Noa Lang,noa-lang,Netherlands,NL,SSC Napoli,SERIE_A,Forward,FORWARD,1999-06-17,,,true,50,,https://crests.football-data.org/113.png
David Neres,david-neres,Brazil,BR,SSC Napoli,SERIE_A,Forward,FORWARD,1997-03-03,,,true,50,,https://crests.football-data.org/113.png
Lorenzo Lucca,lorenzo-lucca,Italy,IT,SSC Napoli,SERIE_A,Forward,FORWARD,2000-09-10,,,true,50,,https://crests.football-data.org/113.png
Jesper Lindstrøm,jesper-lindstr-m,Denmark,DK,SSC Napoli,SERIE_A,Forward,FORWARD,2000-02-29,,,true,50,,https://crests.football-data.org/113.png
Cyril Ngonge,cyril-ngonge,Belgium,BE,SSC Napoli,SERIE_A,Forward,FORWARD,2000-05-26,,,true,50,,https://crests.football-data.org/113.png
Walid Cheddira,walid-cheddira,Morocco,MA,SSC Napoli,SERIE_A,Forward,FORWARD,1998-01-22,,,true,50,,https://crests.football-data.org/113.png
Rasmus Højlund,rasmus-h-jlund,Denmark,DK,SSC Napoli,SERIE_A,Forward,FORWARD,2003-02-04,,,true,50,,https://crests.football-data.org/113.png
Giovane Nascimento,giovane-nascimento,Brazil,BR,SSC Napoli,SERIE_A,Forward,FORWARD,2003-11-24,,,true,50,,https://crests.football-data.org/113.png
Alisson Santos,alisson-santos,Brazil,BR,SSC Napoli,SERIE_A,Forward,FORWARD,2002-09-27,,,true,50,,https://crests.football-data.org/113.png
Daniele Padelli,daniele-padelli,Italy,IT,Udinese Calcio,SERIE_A,Goalkeeper,GOALKEEPER,1985-10-25,,,true,50,,https://crests.football-data.org/115.png
Maduka Okoye,maduka-okoye,Nigeria,NG,Udinese Calcio,SERIE_A,Goalkeeper,GOALKEEPER,1999-08-28,,,true,50,,https://crests.football-data.org/115.png
Bartosz Mrozek,bartosz-mrozek,Poland,PL,Udinese Calcio,SERIE_A,Goalkeeper,GOALKEEPER,2000-02-23,,,true,50,,https://crests.football-data.org/115.png
Edoardo Piana,edoardo-piana,Italy,IT,Udinese Calcio,SERIE_A,Goalkeeper,GOALKEEPER,2003-09-29,,,true,50,,https://crests.football-data.org/115.png
Enzo Ebosse,enzo-ebosse,Cameroon,CM,Udinese Calcio,SERIE_A,Defender,DEFENDER,1999-03-11,,,true,50,,https://crests.football-data.org/115.png
Hassane Kamara,hassane-kamara,Ivory Coast,CI,Udinese Calcio,SERIE_A,Defender,DEFENDER,1994-03-05,,,true,50,,https://crests.football-data.org/115.png
Alessandro Zanoli,alessandro-zanoli,Italy,IT,Udinese Calcio,SERIE_A,Defender,DEFENDER,2000-10-03,,,true,50,,https://crests.football-data.org/115.png
Christian Kabasele,christian-kabasele,Belgium,BE,Udinese Calcio,SERIE_A,Defender,DEFENDER,1991-02-24,,,true,50,,https://crests.football-data.org/115.png
Oumar Solet,oumar-solet,France,FR,Udinese Calcio,SERIE_A,Defender,DEFENDER,2000-02-07,,,true,50,,https://crests.football-data.org/115.png
Mërgim Vojvoda,mergim-vojvoda,Kosovo,XK,Udinese Calcio,SERIE_A,Defender,DEFENDER,1995-02-01,,,true,50,,https://crests.football-data.org/115.png
Nicolo Bertola,nicolo-bertola,Italy,IT,Udinese Calcio,SERIE_A,Defender,DEFENDER,2003-03-23,,,true,50,,https://crests.football-data.org/115.png
Leonardo Buta,leonardo-buta,Portugal,PT,Udinese Calcio,SERIE_A,Defender,DEFENDER,2002-06-05,,,true,50,,https://crests.football-data.org/115.png
James Abankwah,james-abankwah,Ireland,IE,Udinese Calcio,SERIE_A,Defender,DEFENDER,2004-01-16,,,true,50,,https://crests.football-data.org/115.png
Saba Goglichidze,saba-goglichidze,Georgia,GE,Udinese Calcio,SERIE_A,Defender,DEFENDER,2004-06-25,,,true,50,,https://crests.football-data.org/115.png
Matteo Palma,matteo-palma,Germany,DE,Udinese Calcio,SERIE_A,Defender,DEFENDER,2008-03-13,,,true,50,,https://crests.football-data.org/115.png
Branimir Mlacic,branimir-mlacic,Croatia,HR,Udinese Calcio,SERIE_A,Defender,DEFENDER,2007-03-12,,,true,50,,https://crests.football-data.org/115.png
Jurgen Ekkelenkamp,jurgen-ekkelenkamp,Netherlands,NL,Udinese Calcio,SERIE_A,Midfielder,MIDFIELDER,2000-04-05,,,true,50,,https://crests.football-data.org/115.png
Giorgi Chakvetadze,giorgi-chakvetadze,Georgia,GE,Udinese Calcio,SERIE_A,Midfielder,MIDFIELDER,1999-08-29,,,true,50,,https://crests.football-data.org/115.png
Sandi Lovric,sandi-lovric,Slovenia,SI,Udinese Calcio,SERIE_A,Midfielder,MIDFIELDER,1998-03-28,,,true,50,,https://crests.football-data.org/115.png
Jesper Karlström,jesper-karlstrom,Sweden,SE,Udinese Calcio,SERIE_A,Midfielder,MIDFIELDER,1995-06-21,,,true,50,,https://crests.football-data.org/115.png
Jakub Piotrowski,jakub-piotrowski,Poland,PL,Udinese Calcio,SERIE_A,Midfielder,MIDFIELDER,1997-10-04,,,true,50,,https://crests.football-data.org/115.png
Oier Zarraga,oier-zarraga,Spain,ES,Udinese Calcio,SERIE_A,Midfielder,MIDFIELDER,1999-01-04,,,true,50,,https://crests.football-data.org/115.png
Rui Modesto,rui-modesto,Angola,AO,Udinese Calcio,SERIE_A,Midfielder,MIDFIELDER,1999-10-07,,,true,50,,https://crests.football-data.org/115.png
Lennon Miller,lennon-miller,Scotland,GB,Udinese Calcio,SERIE_A,Midfielder,MIDFIELDER,2006-08-25,,,true,50,,https://crests.football-data.org/115.png
Unai Gomez,unai-gomez,Spain,ES,Udinese Calcio,SERIE_A,Midfielder,MIDFIELDER,2003-05-25,,,true,50,,https://crests.football-data.org/115.png
Juan Arizala,juan-arizala,Colombia,CO,Udinese Calcio,SERIE_A,Midfielder,MIDFIELDER,2005-10-10,,,true,50,,https://crests.football-data.org/115.png
David Pejičić,david-pejicic,Slovenia,SI,Udinese Calcio,SERIE_A,Midfielder,MIDFIELDER,2007-06-14,,,true,50,,https://crests.football-data.org/115.png
Abdoulaye Camara,abdoulaye-camara,France,FR,Udinese Calcio,SERIE_A,Midfielder,MIDFIELDER,2008-09-28,,,true,50,,https://crests.football-data.org/115.png
Nicolò Zaniolo,nicolo-zaniolo,Italy,IT,Udinese Calcio,SERIE_A,Forward,FORWARD,1999-07-02,,,true,50,,https://crests.football-data.org/115.png
Keinan Davis,keinan-davis,England,GB,Udinese Calcio,SERIE_A,Forward,FORWARD,1998-02-13,,,true,50,,https://crests.football-data.org/115.png
Adam Buksa,adam-buksa,Poland,PL,Udinese Calcio,SERIE_A,Forward,FORWARD,1996-07-12,,,true,50,,https://crests.football-data.org/115.png
Vakoun Issouf Bayo,vakoun-issouf-bayo,Ivory Coast,CI,Udinese Calcio,SERIE_A,Forward,FORWARD,1997-01-10,,,true,50,,https://crests.football-data.org/115.png
Idrissa Guèye,idrissa-gueye,Senegal,SN,Udinese Calcio,SERIE_A,Forward,FORWARD,2006-09-16,,,true,50,,https://crests.football-data.org/115.png
Giulio Vinciati,giulio-vinciati,Italy,IT,Udinese Calcio,SERIE_A,Forward,FORWARD,2007-08-29,,,true,50,,https://crests.football-data.org/115.png
Alessio Pozzi,alessio-pozzi,Italy,IT,Venezia FC,SERIE_A,Goalkeeper,GOALKEEPER,2000-12-14,,,true,50,,https://crests.football-data.org/454.png
Lorenzo Montipò,lorenzo-montipo,Italy,IT,Venezia FC,SERIE_A,Goalkeeper,GOALKEEPER,1996-02-20,,,true,50,,https://crests.football-data.org/454.png
Matteo Grandi,matteo-grandi,Italy,IT,Venezia FC,SERIE_A,Goalkeeper,GOALKEEPER,1992-10-12,,,true,50,,https://crests.football-data.org/454.png
Filip Stankovic,filip-stankovic,Serbia,RS,Venezia FC,SERIE_A,Goalkeeper,GOALKEEPER,2002-02-25,,,true,50,,https://crests.football-data.org/454.png
Marin Šverko,marin-sverko,Croatia,HR,Venezia FC,SERIE_A,Defender,DEFENDER,1998-02-04,,,true,50,,https://crests.football-data.org/454.png
Ridgeciano Haps,ridgeciano-haps,Suriname,SR,Venezia FC,SERIE_A,Defender,DEFENDER,1993-06-12,,,true,50,,https://crests.football-data.org/454.png
Thierry Correia,thierry-correia,Portugal,PT,Venezia FC,SERIE_A,Defender,DEFENDER,1999-03-09,,,true,50,,https://crests.football-data.org/454.png
Armel Bella Kotchap,armel-bella-kotchap,Germany,DE,Venezia FC,SERIE_A,Defender,DEFENDER,2001-12-11,,,true,50,,https://crests.football-data.org/454.png
Bartol Franjić,bartol-franjic,Croatia,HR,Venezia FC,SERIE_A,Defender,DEFENDER,2000-01-14,,,true,50,,https://crests.football-data.org/454.png
Redouane Halhal,redouane-halhal,Morocco,MA,Venezia FC,SERIE_A,Defender,DEFENDER,2003-03-05,,,true,50,,https://crests.football-data.org/454.png
Richie Sagrado,richie-sagrado,Belgium,BE,Venezia FC,SERIE_A,Defender,DEFENDER,2004-01-30,,,true,50,,https://crests.football-data.org/454.png
Antoine Hainaut,antoine-hainaut,France,FR,Venezia FC,SERIE_A,Defender,DEFENDER,2002-02-18,,,true,50,,https://crests.football-data.org/454.png
Joel Schingtienne,joel-schingtienne,Belgium,BE,Venezia FC,SERIE_A,Defender,DEFENDER,2002-08-14,,,true,50,,https://crests.football-data.org/454.png
Calixte Ligue,calixte-ligue,Switzerland,CH,Venezia FC,SERIE_A,Defender,DEFENDER,2005-03-21,,,true,50,,https://crests.football-data.org/454.png
Matias Moreno,matias-moreno,Argentina,AR,Venezia FC,SERIE_A,Defender,DEFENDER,2003-09-24,,,true,50,,https://crests.football-data.org/454.png
Ale Gomes,ale-gomes,Spain,ES,Venezia FC,SERIE_A,Defender,DEFENDER,2008-01-01,,,true,50,,https://crests.football-data.org/454.png
Alfred Duncan,alfred-duncan,Ghana,GH,Venezia FC,SERIE_A,Midfielder,MIDFIELDER,1993-03-10,,,true,50,,https://crests.football-data.org/454.png
Þórir Jóhann Helgason,orir-johann-helgason,Iceland,IS,Venezia FC,SERIE_A,Midfielder,MIDFIELDER,2000-09-28,,,true,50,,https://crests.football-data.org/454.png
Toma Bašić,toma-basic,Croatia,HR,Venezia FC,SERIE_A,Midfielder,MIDFIELDER,1996-11-25,,,true,50,,https://crests.football-data.org/454.png
Kike Pérez,kike-perez,Spain,ES,Venezia FC,SERIE_A,Midfielder,MIDFIELDER,1997-02-14,,,true,50,,https://crests.football-data.org/454.png
Emil Bohinen,emil-bohinen,Norway,NO,Venezia FC,SERIE_A,Midfielder,MIDFIELDER,1999-03-12,,,true,50,,https://crests.football-data.org/454.png
Gianluca Busio,gianluca-busio,USA,US,Venezia FC,SERIE_A,Midfielder,MIDFIELDER,2002-05-28,,,true,50,,https://crests.football-data.org/454.png
Simon Sohm,simon-sohm,Switzerland,CH,Venezia FC,SERIE_A,Midfielder,MIDFIELDER,2001-04-11,,,true,50,,https://crests.football-data.org/454.png
Simone Panada,simone-panada,Italy,IT,Venezia FC,SERIE_A,Midfielder,MIDFIELDER,2002-06-02,,,true,50,,https://crests.football-data.org/454.png
Matteo Dagasso,matteo-dagasso,Italy,IT,Venezia FC,SERIE_A,Midfielder,MIDFIELDER,2004-04-01,,,true,50,,https://crests.football-data.org/454.png
Lamine Dabo,lamine-dabo,Spain,ES,Venezia FC,SERIE_A,Midfielder,MIDFIELDER,2004-01-30,,,true,50,,https://crests.football-data.org/454.png
Saad El Haddad,saad-el-haddad,Morocco,MA,Venezia FC,SERIE_A,Midfielder,MIDFIELDER,2005-07-24,,,true,50,,https://crests.football-data.org/454.png
Lorenzo Berardi,lorenzo-berardi,Italy,IT,Venezia FC,SERIE_A,Midfielder,MIDFIELDER,2006-04-05,,,true,50,,https://crests.football-data.org/454.png
Lion Lauberbach,lion-lauberbach,Germany,DE,Venezia FC,SERIE_A,Forward,FORWARD,1998-02-15,,,true,50,,https://crests.football-data.org/454.png
Akor Adams,akor-adams,Nigeria,NG,Venezia FC,SERIE_A,Forward,FORWARD,2000-01-29,,,true,50,,https://crests.football-data.org/454.png
John Yeboah,john-yeboah,Ecuador,EC,Venezia FC,SERIE_A,Forward,FORWARD,2000-06-23,,,true,50,,https://crests.football-data.org/454.png
Andrea Adorante,andrea-adorante,Italy,IT,Venezia FC,SERIE_A,Forward,FORWARD,2000-02-05,,,true,50,,https://crests.football-data.org/454.png
Alvin Okoro,alvin-okoro,Nigeria,NG,Venezia FC,SERIE_A,Forward,FORWARD,2005-03-26,,,true,50,,https://crests.football-data.org/454.png
Albion Rrahmani,albion-rrahmani,Kosovo,XK,Venezia FC,SERIE_A,Forward,FORWARD,2000-08-31,,,true,50,,https://crests.football-data.org/454.png
Marko Farji,marko-farji,Iraq,IQ,Venezia FC,SERIE_A,Forward,FORWARD,2004-03-16,,,true,50,,https://crests.football-data.org/454.png
Kornel Lisman,kornel-lisman,Poland,PL,Venezia FC,SERIE_A,Forward,FORWARD,2006-02-20,,,true,50,,https://crests.football-data.org/454.png
Antonio Casas,antonio-casas,Spain,ES,Venezia FC,SERIE_A,Forward,FORWARD,2000-03-30,,,true,50,,https://crests.football-data.org/454.png
Mohamed Malang Touré,mohamed-malang-toure,Senegal,SN,Venezia FC,SERIE_A,Forward,FORWARD,2006-12-31,,,true,50,,https://crests.football-data.org/454.png
Matteo Pisseri,matteo-pisseri,Italy,IT,Frosinone Calcio,SERIE_A,Goalkeeper,GOALKEEPER,1991-11-21,,,true,50,,https://crests.football-data.org/470.png
Sebastiano Desplanches,sebastiano-desplanches,Italy,IT,Frosinone Calcio,SERIE_A,Goalkeeper,GOALKEEPER,2003-03-11,,,true,50,,https://crests.football-data.org/470.png
Lorenzo Palmisani,lorenzo-palmisani,Italy,IT,Frosinone Calcio,SERIE_A,Goalkeeper,GOALKEEPER,2004-01-01,,,true,50,,https://crests.football-data.org/470.png
Eldin Lolic,eldin-lolic,Bosnia-Herzegovina,BA,Frosinone Calcio,SERIE_A,Goalkeeper,GOALKEEPER,2004-05-15,,,true,50,,https://crests.football-data.org/470.png
Kevin Akpoguma,kevin-akpoguma,Nigeria,NG,Frosinone Calcio,SERIE_A,Defender,DEFENDER,1995-04-19,,,true,50,,https://crests.football-data.org/470.png
Aleksa Terzić,aleksa-terzic,Serbia,RS,Frosinone Calcio,SERIE_A,Defender,DEFENDER,1999-08-17,,,true,50,,https://crests.football-data.org/470.png
Sergio Kalaj,sergio-kalaj,Albania,AL,Frosinone Calcio,SERIE_A,Defender,DEFENDER,2000-01-28,,,true,50,,https://crests.football-data.org/470.png
Niccolò Corrado,niccolo-corrado,Italy,IT,Frosinone Calcio,SERIE_A,Defender,DEFENDER,2000-03-19,,,true,50,,https://crests.football-data.org/470.png
Ilario Monterisi,ilario-monterisi,Italy,IT,Frosinone Calcio,SERIE_A,Defender,DEFENDER,2001-12-19,,,true,50,,https://crests.football-data.org/470.png
Anthony Oyono,anthony-oyono,Gabon,GA,Frosinone Calcio,SERIE_A,Defender,DEFENDER,2001-04-12,,,true,50,,https://crests.football-data.org/470.png
Wisdom Amey,wisdom-amey,Italy,IT,Frosinone Calcio,SERIE_A,Defender,DEFENDER,2005-08-11,,,true,50,,https://crests.football-data.org/470.png
Giorgio Cittadini,giorgio-cittadini,Italy,IT,Frosinone Calcio,SERIE_A,Defender,DEFENDER,2002-04-18,,,true,50,,https://crests.football-data.org/470.png
Enzo Tchato,enzo-tchato,Cameroon,CM,Frosinone Calcio,SERIE_A,Defender,DEFENDER,2002-11-23,,,true,50,,https://crests.football-data.org/470.png
Gabriele Bracaglia,gabriele-bracaglia,Italy,IT,Frosinone Calcio,SERIE_A,Defender,DEFENDER,2003-07-19,,,true,50,,https://crests.football-data.org/470.png
Jacopo Gelli,jacopo-gelli,Italy,IT,Frosinone Calcio,SERIE_A,Defender,DEFENDER,2001-05-11,,,true,50,,https://crests.football-data.org/470.png
Gabriele Calvani,gabriele-calvani,Italy,IT,Frosinone Calcio,SERIE_A,Defender,DEFENDER,2004-01-12,,,true,50,,https://crests.football-data.org/470.png
Omar Fayed,omar-fayed,Egypt,EG,Frosinone Calcio,SERIE_A,Defender,DEFENDER,2003-07-04,,,true,50,,https://crests.football-data.org/470.png
Jèrèmy Oyono,jeremy-oyono,Gabon,GA,Frosinone Calcio,SERIE_A,Defender,DEFENDER,2001-04-12,,,true,50,,https://crests.football-data.org/470.png
Florian Grillitsch,florian-grillitsch,Austria,AT,Frosinone Calcio,SERIE_A,Midfielder,MIDFIELDER,1995-08-07,,,true,50,,https://crests.football-data.org/470.png
Alessio Zerbin,alessio-zerbin,Italy,IT,Frosinone Calcio,SERIE_A,Midfielder,MIDFIELDER,1999-03-03,,,true,50,,https://crests.football-data.org/470.png
Ben Lhassine Kone,ben-lhassine-kone,Ivory Coast,CI,Frosinone Calcio,SERIE_A,Midfielder,MIDFIELDER,2000-03-14,,,true,50,,https://crests.football-data.org/470.png
Romano Schmid,romano-schmid-1,Austria,AT,Frosinone Calcio,SERIE_A,Midfielder,MIDFIELDER,2000-01-27,,,true,50,,https://crests.football-data.org/470.png
Francesco Gelli,francesco-gelli,Italy,IT,Frosinone Calcio,SERIE_A,Midfielder,MIDFIELDER,1996-10-15,,,true,50,,https://crests.football-data.org/470.png
Giacomo Calò,giacomo-calo,Italy,IT,Frosinone Calcio,SERIE_A,Midfielder,MIDFIELDER,1997-02-05,,,true,50,,https://crests.football-data.org/470.png
Ilias Koutsoupias,ilias-koutsoupias,Greece,GR,Frosinone Calcio,SERIE_A,Midfielder,MIDFIELDER,2001-05-10,,,true,50,,https://crests.football-data.org/470.png
Patrizio Masini,patrizio-masini,Italy,IT,Frosinone Calcio,SERIE_A,Midfielder,MIDFIELDER,2001-01-27,,,true,50,,https://crests.football-data.org/470.png
Anouar El Azzouzi,anouar-el-azzouzi,Morocco,MA,Frosinone Calcio,SERIE_A,Midfielder,MIDFIELDER,2001-05-29,,,true,50,,https://crests.football-data.org/470.png
Luis Hasa,luis-hasa,Albania,AL,Frosinone Calcio,SERIE_A,Midfielder,MIDFIELDER,2004-01-06,,,true,50,,https://crests.football-data.org/470.png
Matteo Cichella,matteo-cichella,Italy,IT,Frosinone Calcio,SERIE_A,Midfielder,MIDFIELDER,2005-10-04,,,true,50,,https://crests.football-data.org/470.png
Filippo Grosso,filippo-grosso,Italy,IT,Frosinone Calcio,SERIE_A,Midfielder,MIDFIELDER,2006-09-07,,,true,50,,https://crests.football-data.org/470.png
Tomáš Bobček,tomas-bobcek,Slovakia,SK,Frosinone Calcio,SERIE_A,Forward,FORWARD,2001-09-08,,,true,50,,https://crests.football-data.org/470.png
Daniel Birligea,daniel-birligea,Romania,RO,Frosinone Calcio,SERIE_A,Forward,FORWARD,2000-04-19,,,true,50,,https://crests.football-data.org/470.png
Antonio Raimondo,antonio-raimondo,Italy,IT,Frosinone Calcio,SERIE_A,Forward,FORWARD,2004-03-18,,,true,50,,https://crests.football-data.org/470.png
Seydou Fini,seydou-fini,Italy,IT,Frosinone Calcio,SERIE_A,Forward,FORWARD,2006-06-02,,,true,50,,https://crests.football-data.org/470.png
Giorgi Kvernadze,giorgi-kvernadze,Georgia,GE,Frosinone Calcio,SERIE_A,Forward,FORWARD,2003-02-07,,,true,50,,https://crests.football-data.org/470.png
Kevin Barcella,kevin-barcella,Italy,IT,Frosinone Calcio,SERIE_A,Forward,FORWARD,2006-06-17,,,true,50,,https://crests.football-data.org/470.png
Farés Ghedjemis,fares-ghedjemis,Algeria,DZ,Frosinone Calcio,SERIE_A,Forward,FORWARD,2002-09-06,,,true,50,,https://crests.football-data.org/470.png
Alejandro Cichero,alejandro-cichero,Venezuela,VE,Frosinone Calcio,SERIE_A,Forward,FORWARD,2006-07-11,,,true,50,,https://crests.football-data.org/470.png
Muhammed Colley,muhammed-colley,Gambia,GM,Frosinone Calcio,SERIE_A,Forward,FORWARD,2006-03-01,,,true,50,,https://crests.football-data.org/470.png
Giacomo Satalino,giacomo-satalino,Italy,IT,US Sassuolo Calcio,SERIE_A,Goalkeeper,GOALKEEPER,1999-05-20,,,true,50,,https://crests.football-data.org/471.png
Stefano Turati,stefano-turati,Italy,IT,US Sassuolo Calcio,SERIE_A,Goalkeeper,GOALKEEPER,2001-09-05,,,true,50,,https://crests.football-data.org/471.png
Arijanet Muric,arijanet-muric,Kosovo,XK,US Sassuolo Calcio,SERIE_A,Goalkeeper,GOALKEEPER,1998-11-07,,,true,50,,https://crests.football-data.org/471.png
Lorenzo Nyarko,lorenzo-nyarko,Italy,IT,US Sassuolo Calcio,SERIE_A,Goalkeeper,GOALKEEPER,2007-10-20,,,true,50,,https://crests.football-data.org/471.png
Jay Idzes,jay-idzes,Indonesia,ID,US Sassuolo Calcio,SERIE_A,Defender,DEFENDER,2000-06-02,,,true,50,,https://crests.football-data.org/471.png
Sebastian Walukiewicz,sebastian-walukiewicz,Poland,PL,US Sassuolo Calcio,SERIE_A,Defender,DEFENDER,2000-04-05,,,true,50,,https://crests.football-data.org/471.png
Fali Candé,fali-cande,Guinea-Bissau,GW,US Sassuolo Calcio,SERIE_A,Defender,DEFENDER,1998-01-24,,,true,50,,https://crests.football-data.org/471.png
Josh Doig,josh-doig,Scotland,GB,US Sassuolo Calcio,SERIE_A,Defender,DEFENDER,2002-01-01,,,true,50,,https://crests.football-data.org/471.png
Cas Odenthal,cas-odenthal,Netherlands,NL,US Sassuolo Calcio,SERIE_A,Defender,DEFENDER,2000-09-26,,,true,50,,https://crests.football-data.org/471.png
Fedde Leysen,fedde-leysen,Belgium,BE,US Sassuolo Calcio,SERIE_A,Defender,DEFENDER,2003-07-09,,,true,50,,https://crests.football-data.org/471.png
Filippo Missori,filippo-missori,Italy,IT,US Sassuolo Calcio,SERIE_A,Defender,DEFENDER,2004-03-24,,,true,50,,https://crests.football-data.org/471.png
Edoardo Pieragnolo,edoardo-pieragnolo,Italy,IT,US Sassuolo Calcio,SERIE_A,Defender,DEFENDER,2003-01-03,,,true,50,,https://crests.football-data.org/471.png
Yeferson Paz,yeferson-paz,Colombia,CO,US Sassuolo Calcio,SERIE_A,Defender,DEFENDER,2002-06-13,,,true,50,,https://crests.football-data.org/471.png
Rafa Obrador,rafa-obrador,Spain,ES,US Sassuolo Calcio,SERIE_A,Defender,DEFENDER,2004-02-24,,,true,50,,https://crests.football-data.org/471.png
Alessandro Di Bitonto,alessandro-di-bitonto,Italy,IT,US Sassuolo Calcio,SERIE_A,Defender,DEFENDER,2005-10-08,,,true,50,,https://crests.football-data.org/471.png
Tommaso Macchioni,tommaso-macchioni,Italy,IT,US Sassuolo Calcio,SERIE_A,Defender,DEFENDER,2006-04-04,,,true,50,,https://crests.football-data.org/471.png
Giorgio Vezzosi,giorgio-vezzosi,Italy,IT,US Sassuolo Calcio,SERIE_A,Defender,DEFENDER,2007-01-14,,,true,50,,https://crests.football-data.org/471.png
Fabrizio Caligara,fabrizio-caligara,Italy,IT,US Sassuolo Calcio,SERIE_A,Midfielder,MIDFIELDER,2000-04-12,,,true,50,,https://crests.football-data.org/471.png
Nemanja Matić,nemanja-matic,Serbia,RS,US Sassuolo Calcio,SERIE_A,Midfielder,MIDFIELDER,1988-08-01,,,true,50,,https://crests.football-data.org/471.png
Kristian Thorstvedt,kristian-thorstvedt,Norway,NO,US Sassuolo Calcio,SERIE_A,Midfielder,MIDFIELDER,1999-03-13,,,true,50,,https://crests.football-data.org/471.png
Andrea Ghion,andrea-ghion,Italy,IT,US Sassuolo Calcio,SERIE_A,Midfielder,MIDFIELDER,2000-02-23,,,true,50,,https://crests.football-data.org/471.png
Daniel Boloca,daniel-boloca,Italy,IT,US Sassuolo Calcio,SERIE_A,Midfielder,MIDFIELDER,1998-12-22,,,true,50,,https://crests.football-data.org/471.png
Edoardo Iannoni,edoardo-iannoni,Italy,IT,US Sassuolo Calcio,SERIE_A,Midfielder,MIDFIELDER,2001-04-11,,,true,50,,https://crests.football-data.org/471.png
Ismaël Koné,ismael-kone,Canada,CA,US Sassuolo Calcio,SERIE_A,Midfielder,MIDFIELDER,2002-06-16,,,true,50,,https://crests.football-data.org/471.png
Vasilije Adzic,vasilije-adzic,Montenegro,ME,US Sassuolo Calcio,SERIE_A,Midfielder,MIDFIELDER,2006-05-12,,,true,50,,https://crests.football-data.org/471.png
Luca Lipani,luca-lipani,Italy,IT,US Sassuolo Calcio,SERIE_A,Midfielder,MIDFIELDER,2005-05-18,,,true,50,,https://crests.football-data.org/471.png
Cristian Volpato,cristian-volpato,Italy,IT,US Sassuolo Calcio,SERIE_A,Midfielder,MIDFIELDER,2003-11-15,,,true,50,,https://crests.football-data.org/471.png
Darryl Bakola,darryl-bakola,France,FR,US Sassuolo Calcio,SERIE_A,Midfielder,MIDFIELDER,2007-11-30,,,true,50,,https://crests.football-data.org/471.png
Simone Cinquegrano,simone-cinquegrano,Italy,IT,US Sassuolo Calcio,SERIE_A,Midfielder,MIDFIELDER,2004-06-25,,,true,50,,https://crests.football-data.org/471.png
Andrea Pinamonti,andrea-pinamonti-1,Italy,IT,US Sassuolo Calcio,SERIE_A,Forward,FORWARD,1999-05-19,,,true,50,,https://crests.football-data.org/471.png
Domenico Berardi,domenico-berardi,Italy,IT,US Sassuolo Calcio,SERIE_A,Forward,FORWARD,1994-08-01,,,true,50,,https://crests.football-data.org/471.png
Nicholas Pierini,nicholas-pierini,Italy,IT,US Sassuolo Calcio,SERIE_A,Forward,FORWARD,1998-08-06,,,true,50,,https://crests.football-data.org/471.png
Armand Lauriente,armand-lauriente,France,FR,US Sassuolo Calcio,SERIE_A,Forward,FORWARD,1998-12-04,,,true,50,,https://crests.football-data.org/471.png
Kieron Bowie,kieron-bowie,Scotland,GB,US Sassuolo Calcio,SERIE_A,Forward,FORWARD,2002-09-21,,,true,50,,https://crests.football-data.org/471.png
Luca Moro,luca-moro,Italy,IT,US Sassuolo Calcio,SERIE_A,Forward,FORWARD,2001-01-25,,,true,50,,https://crests.football-data.org/471.png
Sebastiano Esposito,sebastiano-esposito-1,Italy,IT,US Sassuolo Calcio,SERIE_A,Forward,FORWARD,2002-07-02,,,true,50,,https://crests.football-data.org/471.png
Riccardo Ciervo,riccardo-ciervo-1,Italy,IT,US Sassuolo Calcio,SERIE_A,Forward,FORWARD,2002-04-01,,,true,50,,https://crests.football-data.org/471.png
Patrick Nuamah,patrick-nuamah,Italy,IT,US Sassuolo Calcio,SERIE_A,Forward,FORWARD,2005-12-31,,,true,50,,https://crests.football-data.org/471.png
Benjamín Domínguez,benjamin-dominguez,Argentina,AR,US Sassuolo Calcio,SERIE_A,Forward,FORWARD,2003-09-19,,,true,50,,https://crests.football-data.org/471.png
Laurs Skjellerup,laurs-skjellerup,Denmark,DK,US Sassuolo Calcio,SERIE_A,Forward,FORWARD,2002-08-12,,,true,50,,https://crests.football-data.org/471.png
Lucas Perri,lucas-perri-1,Brazil,BR,Torino FC,SERIE_A,Goalkeeper,GOALKEEPER,1997-12-10,,,true,50,,https://crests.football-data.org/586.png
Alberto Paleari,alberto-paleari,Italy,IT,Torino FC,SERIE_A,Goalkeeper,GOALKEEPER,1992-08-29,,,true,50,,https://crests.football-data.org/586.png
Franco Israel,franco-israel,Uruguay,UY,Torino FC,SERIE_A,Goalkeeper,GOALKEEPER,2000-04-22,,,true,50,,https://crests.football-data.org/586.png
Lapo Siviero,lapo-siviero,Italy,IT,Torino FC,SERIE_A,Goalkeeper,GOALKEEPER,2006-11-23,,,true,50,,https://crests.football-data.org/586.png
Diego Mascardi,diego-mascardi,Italy,IT,Torino FC,SERIE_A,Goalkeeper,GOALKEEPER,2006-09-26,,,true,50,,https://crests.football-data.org/586.png
Cristiano Biraghi,cristiano-biraghi,Italy,IT,Torino FC,SERIE_A,Defender,DEFENDER,1992-09-01,,,true,50,,https://crests.football-data.org/586.png
Ardian Ismajli,ardian-ismajli,Albania,AL,Torino FC,SERIE_A,Defender,DEFENDER,1996-09-30,,,true,50,,https://crests.football-data.org/586.png
Eray Cömert,eray-comert,Switzerland,CH,Torino FC,SERIE_A,Defender,DEFENDER,1998-02-04,,,true,50,,https://crests.football-data.org/586.png
Marcus Pedersen,marcus-pedersen,Norway,NO,Torino FC,SERIE_A,Defender,DEFENDER,2000-07-16,,,true,50,,https://crests.football-data.org/586.png
Saúl Coco,saul-coco,Equatorial Guinea,GQ,Torino FC,SERIE_A,Defender,DEFENDER,1999-02-09,,,true,50,,https://crests.football-data.org/586.png
Ali Dembele,ali-dembele,France,FR,Torino FC,SERIE_A,Defender,DEFENDER,2004-01-05,,,true,50,,https://crests.football-data.org/586.png
Pietro Comuzzo,pietro-comuzzo,Italy,IT,Torino FC,SERIE_A,Defender,DEFENDER,2005-02-20,,,true,50,,https://crests.football-data.org/586.png
Niccolò Fortini,niccolo-fortini-1,Italy,IT,Torino FC,SERIE_A,Defender,DEFENDER,2006-02-13,,,true,50,,https://crests.football-data.org/586.png
Côme Bianay Balcot,come-bianay-balcot,France,FR,Torino FC,SERIE_A,Defender,DEFENDER,2005-05-13,,,true,50,,https://crests.football-data.org/586.png
Nikola Vlašić,nikola-vlasic,Croatia,HR,Torino FC,SERIE_A,Midfielder,MIDFIELDER,1997-10-04,,,true,50,,https://crests.football-data.org/586.png
Ivan Ilić,ivan-ilic,Serbia,RS,Torino FC,SERIE_A,Midfielder,MIDFIELDER,2001-03-17,,,true,50,,https://crests.football-data.org/586.png
Faustino Anjorin,faustino-anjorin,England,GB,Torino FC,SERIE_A,Midfielder,MIDFIELDER,2001-11-23,,,true,50,,https://crests.football-data.org/586.png
Kian Fitz-Jim,kian-fitz-jim,Netherlands,NL,Torino FC,SERIE_A,Midfielder,MIDFIELDER,2003-07-05,,,true,50,,https://crests.football-data.org/586.png
Gaetano Oristanio,gaetano-oristanio,Italy,IT,Torino FC,SERIE_A,Midfielder,MIDFIELDER,2002-09-28,,,true,50,,https://crests.football-data.org/586.png
Emirhan Ilkhan,emirhan-ilkhan,Turkey,TR,Torino FC,SERIE_A,Midfielder,MIDFIELDER,2004-06-01,,,true,50,,https://crests.football-data.org/586.png
Cesare Casadei,cesare-casadei,Italy,IT,Torino FC,SERIE_A,Midfielder,MIDFIELDER,2003-01-10,,,true,50,,https://crests.football-data.org/586.png
Gvidas Gineitis,gvidas-gineitis,Lithuania,LT,Torino FC,SERIE_A,Midfielder,MIDFIELDER,2004-04-15,,,true,50,,https://crests.football-data.org/586.png
Aaron Ciammaglichella,aaron-ciammaglichella,Italy,IT,Torino FC,SERIE_A,Midfielder,MIDFIELDER,2005-01-26,,,true,50,,https://crests.football-data.org/586.png
Marco Dalla Vecchia,marco-dalla-vecchia,Italy,IT,Torino FC,SERIE_A,Midfielder,MIDFIELDER,2005-02-13,,,true,50,,https://crests.football-data.org/586.png
Alessio Cacciamani,alessio-cacciamani,Italy,IT,Torino FC,SERIE_A,Midfielder,MIDFIELDER,2007-06-29,,,true,50,,https://crests.football-data.org/586.png
Andrea Luongo,andrea-luongo,Italy,IT,Torino FC,SERIE_A,Midfielder,MIDFIELDER,2008-02-16,,,true,50,,https://crests.football-data.org/586.png
Giovanni Simeone,giovanni-simeone,Argentina,AR,Torino FC,SERIE_A,Forward,FORWARD,1995-07-05,,,true,50,,https://crests.football-data.org/586.png
Duván Zapata,duvan-zapata,Colombia,CO,Torino FC,SERIE_A,Forward,FORWARD,1991-04-01,,,true,50,,https://crests.football-data.org/586.png
Che Adams,che-adams,Scotland,GB,Torino FC,SERIE_A,Forward,FORWARD,1996-07-13,,,true,50,,https://crests.football-data.org/586.png
Pietro Pellegri,pietro-pellegri,Italy,IT,Torino FC,SERIE_A,Forward,FORWARD,2001-03-17,,,true,50,,https://crests.football-data.org/586.png
Sandro Kulenović,sandro-kulenovic,Croatia,HR,Torino FC,SERIE_A,Forward,FORWARD,1999-12-04,,,true,50,,https://crests.football-data.org/586.png
Zakaria Aboukhlal,zakaria-aboukhlal,Morocco,MA,Torino FC,SERIE_A,Forward,FORWARD,2000-02-18,,,true,50,,https://crests.football-data.org/586.png
Alieu Njie,alieu-njie,Sweden,SE,Torino FC,SERIE_A,Forward,FORWARD,2005-05-14,,,true,50,,https://crests.football-data.org/586.png
Tommaso Gabellini,tommaso-gabellini,Italy,IT,Torino FC,SERIE_A,Forward,FORWARD,2006-10-21,,,true,50,,https://crests.football-data.org/586.png
Marco Bleve,marco-bleve,Italy,IT,US Lecce,SERIE_A,Goalkeeper,GOALKEEPER,1995-10-18,,,true,50,,https://crests.football-data.org/5890.png
Wladimiro Falcone,wladimiro-falcone,Italy,IT,US Lecce,SERIE_A,Goalkeeper,GOALKEEPER,1995-04-12,,,true,50,,https://crests.football-data.org/5890.png
Alexandru Borbei,alexandru-borbei,Romania,RO,US Lecce,SERIE_A,Goalkeeper,GOALKEEPER,2003-06-27,,,true,50,,https://crests.football-data.org/5890.png
Plamen Penev,plamen-penev,Bulgaria,BG,US Lecce,SERIE_A,Goalkeeper,GOALKEEPER,2008-04-22,,,true,50,,https://crests.football-data.org/5890.png
Antonino Gallo,antonino-gallo,Italy,IT,US Lecce,SERIE_A,Defender,DEFENDER,2000-01-05,,,true,50,,https://crests.football-data.org/5890.png
Gaby Jean,gaby-jean,France,FR,US Lecce,SERIE_A,Defender,DEFENDER,2000-02-19,,,true,50,,https://crests.football-data.org/5890.png
Corrie Ndaba,corrie-ndaba,Ireland,IE,US Lecce,SERIE_A,Defender,DEFENDER,1999-12-25,,,true,50,,https://crests.football-data.org/5890.png
Jamil Siebert,jamil-siebert,Germany,DE,US Lecce,SERIE_A,Defender,DEFENDER,2002-04-02,,,true,50,,https://crests.football-data.org/5890.png
Danilo Veiga,danilo-veiga,Portugal,PT,US Lecce,SERIE_A,Defender,DEFENDER,2002-09-25,,,true,50,,https://crests.football-data.org/5890.png
Sebastian Esposito,sebastian-esposito,Australia,AU,US Lecce,SERIE_A,Defender,DEFENDER,2003-07-21,,,true,50,,https://crests.football-data.org/5890.png
Kialonda Gaspar,kialonda-gaspar,Angola,AO,US Lecce,SERIE_A,Defender,DEFENDER,1997-09-27,,,true,50,,https://crests.football-data.org/5890.png
Tiago Gabriel,tiago-gabriel,Portugal,PT,US Lecce,SERIE_A,Defender,DEFENDER,2004-12-26,,,true,50,,https://crests.football-data.org/5890.png
Christ-Owen Kouassi Bathele,christ-owen-kouassi-bathele,Ivory Coast,CI,US Lecce,SERIE_A,Defender,DEFENDER,2003-04-15,,,true,50,,https://crests.football-data.org/5890.png
Vernon Addo,vernon-addo,Netherlands,NL,US Lecce,SERIE_A,Defender,DEFENDER,2005-05-24,,,true,50,,https://crests.football-data.org/5890.png
Marlon Ubani,marlon-ubani,Germany,DE,US Lecce,SERIE_A,Defender,DEFENDER,2005-03-26,,,true,50,,https://crests.football-data.org/5890.png
Lassana Coulibaly,lassana-coulibaly,Mali,ML,US Lecce,SERIE_A,Midfielder,MIDFIELDER,1996-04-10,,,true,50,,https://crests.football-data.org/5890.png
Youssef Maleh,youssef-maleh,Morocco,MA,US Lecce,SERIE_A,Midfielder,MIDFIELDER,1998-08-22,,,true,50,,https://crests.football-data.org/5890.png
Ivan Ilić,ivan-ilic-1,Serbia,RS,US Lecce,SERIE_A,Midfielder,MIDFIELDER,2001-03-17,,,true,50,,https://crests.football-data.org/5890.png
Omri Gandelman,omri-gandelman,Israel,IL,US Lecce,SERIE_A,Midfielder,MIDFIELDER,2000-05-16,,,true,50,,https://crests.football-data.org/5890.png
Mohamed Kaba,mohamed-kaba,France,FR,US Lecce,SERIE_A,Midfielder,MIDFIELDER,2001-10-27,,,true,50,,https://crests.football-data.org/5890.png
Sadik Fofana,sadik-fofana,Togo,TG,US Lecce,SERIE_A,Midfielder,MIDFIELDER,2003-05-16,,,true,50,,https://crests.football-data.org/5890.png
Oumar Ngom,oumar-ngom,Mauritania,MR,US Lecce,SERIE_A,Midfielder,MIDFIELDER,2004-03-09,,,true,50,,https://crests.football-data.org/5890.png
Medon Berisha,medon-berisha,Albania,AL,US Lecce,SERIE_A,Midfielder,MIDFIELDER,2003-10-21,,,true,50,,https://crests.football-data.org/5890.png
Olaf Gorter,olaf-gorter,Netherlands,NL,US Lecce,SERIE_A,Midfielder,MIDFIELDER,2005-01-31,,,true,50,,https://crests.football-data.org/5890.png
Niko Kovač,niko-kovac,Bosnia-Herzegovina,BA,US Lecce,SERIE_A,Midfielder,MIDFIELDER,2005-04-08,,,true,50,,https://crests.football-data.org/5890.png
Willem Geubbels,willem-geubbels,France,FR,US Lecce,SERIE_A,Forward,FORWARD,2001-08-16,,,true,50,,https://crests.football-data.org/5890.png
Santiago Pierotti,santiago-pierotti,Argentina,AR,US Lecce,SERIE_A,Forward,FORWARD,2001-04-03,,,true,50,,https://crests.football-data.org/5890.png
Lameck Banda,lameck-banda,Zambia,ZM,US Lecce,SERIE_A,Forward,FORWARD,2001-01-29,,,true,50,,https://crests.football-data.org/5890.png
Nikola Štulić,nikola-stulic,Serbia,RS,US Lecce,SERIE_A,Forward,FORWARD,2001-09-08,,,true,50,,https://crests.football-data.org/5890.png
Konan N'Dri,konan-n-dri,Ivory Coast,CI,US Lecce,SERIE_A,Forward,FORWARD,2000-10-27,,,true,50,,https://crests.football-data.org/5890.png
Miloš Jović,milos-jovic,Serbia,RS,US Lecce,SERIE_A,Forward,FORWARD,2006-05-22,,,true,50,,https://crests.football-data.org/5890.png
Hjalte Laerke,hjalte-laerke,Denmark,DK,US Lecce,SERIE_A,Forward,FORWARD,2007-04-23,,,true,50,,https://crests.football-data.org/5890.png
Paco Esteban,paco-esteban,Spain,ES,US Lecce,SERIE_A,Forward,FORWARD,2006-05-02,,,true,50,,https://crests.football-data.org/5890.png
Semuel Pizzignacco,semuel-pizzignacco,Italy,IT,AC Monza,SERIE_A,Goalkeeper,GOALKEEPER,2001-09-01,,,true,50,,https://crests.football-data.org/5911.png
Demba Thiam,demba-thiam,Senegal,SN,AC Monza,SERIE_A,Goalkeeper,GOALKEEPER,1998-03-09,,,true,50,,https://crests.football-data.org/5911.png
Aljaž Strajnar,aljaz-strajnar,Slovenia,SI,AC Monza,SERIE_A,Goalkeeper,GOALKEEPER,2007-08-16,,,true,50,,https://crests.football-data.org/5911.png
Valentin Antov,valentin-antov,Bulgaria,BG,AC Monza,SERIE_A,Defender,DEFENDER,2000-11-09,,,true,50,,https://crests.football-data.org/5911.png
Samuele Birindelli,samuele-birindelli,Italy,IT,AC Monza,SERIE_A,Defender,DEFENDER,1999-07-19,,,true,50,,https://crests.football-data.org/5911.png
Ricardo Mangas,ricardo-mangas,Portugal,PT,AC Monza,SERIE_A,Defender,DEFENDER,1998-03-19,,,true,50,,https://crests.football-data.org/5911.png
Filippo Delli Carri,filippo-delli-carri,Italy,IT,AC Monza,SERIE_A,Defender,DEFENDER,1999-05-03,,,true,50,,https://crests.football-data.org/5911.png
Andrea Carboni,andrea-carboni,Italy,IT,AC Monza,SERIE_A,Defender,DEFENDER,2001-02-04,,,true,50,,https://crests.football-data.org/5911.png
Lorenzo Lucchesi,lorenzo-lucchesi,Italy,IT,AC Monza,SERIE_A,Defender,DEFENDER,2003-05-09,,,true,50,,https://crests.football-data.org/5911.png
Eddy Kouadio,eddy-kouadio,Italy,IT,AC Monza,SERIE_A,Defender,DEFENDER,2006-05-07,,,true,50,,https://crests.football-data.org/5911.png
Adam Bakoune,adam-bakoune,Italy,IT,AC Monza,SERIE_A,Defender,DEFENDER,2006-02-06,,,true,50,,https://crests.football-data.org/5911.png
Yvan Maye,yvan-maye,France,FR,AC Monza,SERIE_A,Defender,DEFENDER,2006-03-21,,,true,50,,https://crests.football-data.org/5911.png
Andrea Colpani,andrea-colpani,Italy,IT,AC Monza,SERIE_A,Midfielder,MIDFIELDER,1999-05-11,,,true,50,,https://crests.football-data.org/5911.png
Matteo Pessina,matteo-pessina,Italy,IT,AC Monza,SERIE_A,Midfielder,MIDFIELDER,1997-04-21,,,true,50,,https://crests.football-data.org/5911.png
Patrick Ciurria,patrick-ciurria,Italy,IT,AC Monza,SERIE_A,Midfielder,MIDFIELDER,1995-02-09,,,true,50,,https://crests.football-data.org/5911.png
Michael Folorunsho,michael-folorunsho-1,Italy,IT,AC Monza,SERIE_A,Midfielder,MIDFIELDER,1998-02-07,,,true,50,,https://crests.football-data.org/5911.png
Idrissa Touré,idrissa-toure,Germany,DE,AC Monza,SERIE_A,Midfielder,MIDFIELDER,1998-04-29,,,true,50,,https://crests.football-data.org/5911.png
Nicolas Galazzi,nicolas-galazzi,Italy,IT,AC Monza,SERIE_A,Midfielder,MIDFIELDER,2000-12-18,,,true,50,,https://crests.football-data.org/5911.png
Leonardo Colombo,leonardo-colombo,Italy,IT,AC Monza,SERIE_A,Midfielder,MIDFIELDER,2005-06-04,,,true,50,,https://crests.football-data.org/5911.png
Ebenezer Akinsanmiro,ebenezer-akinsanmiro,Nigeria,NG,AC Monza,SERIE_A,Midfielder,MIDFIELDER,2004-11-25,,,true,50,,https://crests.football-data.org/5911.png
Manga Foe Ondoa,manga-foe-ondoa,France,FR,AC Monza,SERIE_A,Midfielder,MIDFIELDER,2005-12-12,,,true,50,,https://crests.football-data.org/5911.png
Alessandro Berretta,alessandro-berretta,Italy,IT,AC Monza,SERIE_A,Midfielder,MIDFIELDER,2006-01-01,,,true,50,,https://crests.football-data.org/5911.png
Mathis Mout,mathis-mout,Italy,IT,AC Monza,SERIE_A,Midfielder,MIDFIELDER,2007-08-06,,,true,50,,https://crests.football-data.org/5911.png
Patrick Cutrone,patrick-cutrone,Italy,IT,AC Monza,SERIE_A,Forward,FORWARD,1998-01-03,,,true,50,,https://crests.football-data.org/5911.png
Andrea Petagna,andrea-petagna,Italy,IT,AC Monza,SERIE_A,Forward,FORWARD,1995-06-30,,,true,50,,https://crests.football-data.org/5911.png
Dany Mota Carvalho,dany-mota-carvalho,Portugal,PT,AC Monza,SERIE_A,Forward,FORWARD,1998-05-02,,,true,50,,https://crests.football-data.org/5911.png
Keïta Baldé,keita-balde,Senegal,SN,AC Monza,SERIE_A,Forward,FORWARD,1995-03-08,,,true,50,,https://crests.football-data.org/5911.png
Cyril Ngonge,cyril-ngonge-1,Belgium,BE,AC Monza,SERIE_A,Forward,FORWARD,2000-05-26,,,true,50,,https://crests.football-data.org/5911.png
Omari Forson,omari-forson,England,GB,AC Monza,SERIE_A,Forward,FORWARD,2004-07-20,,,true,50,,https://crests.football-data.org/5911.png
Gustavo Varela,gustavo-varela,Portugal,PT,AC Monza,SERIE_A,Forward,FORWARD,2005-01-30,,,true,50,,https://crests.football-data.org/5911.png
Jay Robinson,jay-robinson,England,GB,AC Monza,SERIE_A,Forward,FORWARD,2007-03-15,,,true,50,,https://crests.football-data.org/5911.png
Kevin Martins,kevin-martins,Italy,IT,AC Monza,SERIE_A,Forward,FORWARD,2005-01-31,,,true,50,,https://crests.football-data.org/5911.png
Solomon Loubao,solomon-loubao,France,FR,AC Monza,SERIE_A,Forward,FORWARD,2005-12-03,,,true,50,,https://crests.football-data.org/5911.png
Mauro Vigorito,mauro-vigorito,Italy,IT,Como 1907,SERIE_A,Goalkeeper,GOALKEEPER,1990-05-22,,,true,50,,https://crests.football-data.org/7397.png
Emil Audero,emil-audero,Indonesia,ID,Como 1907,SERIE_A,Goalkeeper,GOALKEEPER,1997-01-18,,,true,50,,https://crests.football-data.org/7397.png
Jean Butez,jean-butez,France,FR,Como 1907,SERIE_A,Goalkeeper,GOALKEEPER,1995-06-08,,,true,50,,https://crests.football-data.org/7397.png
Noel Törnqvist,noel-tornqvist,Sweden,SE,Como 1907,SERIE_A,Goalkeeper,GOALKEEPER,2002-02-01,,,true,50,,https://crests.football-data.org/7397.png
Edoardo Goldaniga,edoardo-goldaniga,Italy,IT,Como 1907,SERIE_A,Defender,DEFENDER,1993-11-02,,,true,50,,https://crests.football-data.org/7397.png
Trevoh Chalobah,trevoh-chalobah-1,England,GB,Como 1907,SERIE_A,Defender,DEFENDER,1999-07-05,,,true,50,,https://crests.football-data.org/7397.png
Marc-Oliver Kempf,marc-oliver-kempf,Germany,DE,Como 1907,SERIE_A,Defender,DEFENDER,1995-01-28,,,true,50,,https://crests.football-data.org/7397.png
Alberto Dossena,alberto-dossena,Italy,IT,Como 1907,SERIE_A,Defender,DEFENDER,1998-10-13,,,true,50,,https://crests.football-data.org/7397.png
Ivan Smolčić,ivan-smolcic,Croatia,HR,Como 1907,SERIE_A,Defender,DEFENDER,2000-08-17,,,true,50,,https://crests.football-data.org/7397.png
Ignace Van Der Brempt,ignace-van-der-brempt,Belgium,BE,Como 1907,SERIE_A,Defender,DEFENDER,2002-04-01,,,true,50,,https://crests.football-data.org/7397.png
Yan Couto,yan-couto-1,Brazil,BR,Como 1907,SERIE_A,Defender,DEFENDER,2002-06-03,,,true,50,,https://crests.football-data.org/7397.png
Kaiki,kaiki,Brazil,BR,Como 1907,SERIE_A,Defender,DEFENDER,2002-03-08,,,true,50,,https://crests.football-data.org/7397.png
Alex Valle,alex-valle,Spain,ES,Como 1907,SERIE_A,Defender,DEFENDER,2004-04-25,,,true,50,,https://crests.football-data.org/7397.png
Willy Kambwala,willy-kambwala-1,DR Congo,CD,Como 1907,SERIE_A,Defender,DEFENDER,2004-08-25,,,true,50,,https://crests.football-data.org/7397.png
Jacobo Ramón,jacobo-ramon,Spain,ES,Como 1907,SERIE_A,Defender,DEFENDER,2005-06-06,,,true,50,,https://crests.football-data.org/7397.png
Luca Mazzitelli,luca-mazzitelli,Italy,IT,Como 1907,SERIE_A,Midfielder,MIDFIELDER,1995-11-15,,,true,50,,https://crests.football-data.org/7397.png
Luis Milla,luis-milla,Spain,ES,Como 1907,SERIE_A,Midfielder,MIDFIELDER,1994-10-07,,,true,50,,https://crests.football-data.org/7397.png
Maxence Caqueret,maxence-caqueret,France,FR,Como 1907,SERIE_A,Midfielder,MIDFIELDER,2000-02-15,,,true,50,,https://crests.football-data.org/7397.png
Samuele Ricci,samuele-ricci-1,Italy,IT,Como 1907,SERIE_A,Midfielder,MIDFIELDER,2001-08-21,,,true,50,,https://crests.football-data.org/7397.png
Lucas Da Cunha,lucas-da-cunha,France,FR,Como 1907,SERIE_A,Midfielder,MIDFIELDER,2001-06-09,,,true,50,,https://crests.football-data.org/7397.png
Matthias Braunöder,matthias-braunoder,Austria,AT,Como 1907,SERIE_A,Midfielder,MIDFIELDER,2002-03-27,,,true,50,,https://crests.football-data.org/7397.png
Martin Baturina,martin-baturina,Croatia,HR,Como 1907,SERIE_A,Midfielder,MIDFIELDER,2003-02-16,,,true,50,,https://crests.football-data.org/7397.png
Maximo Perrone,maximo-perrone,Argentina,AR,Como 1907,SERIE_A,Midfielder,MIDFIELDER,2003-01-07,,,true,50,,https://crests.football-data.org/7397.png
Nico Paz,nico-paz,Argentina,AR,Como 1907,SERIE_A,Midfielder,MIDFIELDER,2004-09-08,,,true,50,,https://crests.football-data.org/7397.png
Adrian Lahdo,adrian-lahdo,Sweden,SE,Como 1907,SERIE_A,Midfielder,MIDFIELDER,2007-12-26,,,true,50,,https://crests.football-data.org/7397.png
Mattia Liberali,mattia-liberali,Italy,IT,Como 1907,SERIE_A,Midfielder,MIDFIELDER,2007-04-06,,,true,50,,https://crests.football-data.org/7397.png
Álvaro Morata,alvaro-morata,Spain,ES,Como 1907,SERIE_A,Forward,FORWARD,1992-10-23,,,true,50,,https://crests.football-data.org/7397.png
Anastasios Douvikas,anastasios-douvikas,Greece,GR,Como 1907,SERIE_A,Forward,FORWARD,1999-08-02,,,true,50,,https://crests.football-data.org/7397.png
Nicolas Kühn,nicolas-kuhn,Germany,DE,Como 1907,SERIE_A,Forward,FORWARD,2000-01-01,,,true,50,,https://crests.football-data.org/7397.png
Alessandro Gabrielloni,alessandro-gabrielloni,Italy,IT,Como 1907,SERIE_A,Forward,FORWARD,1994-07-10,,,true,50,,https://crests.football-data.org/7397.png
Tommaso Fumagalli,tommaso-fumagalli,Italy,IT,Como 1907,SERIE_A,Forward,FORWARD,2000-02-20,,,true,50,,https://crests.football-data.org/7397.png
Suliman Mustapha,suliman-mustapha,Austria,AT,Como 1907,SERIE_A,Forward,FORWARD,2001-05-24,,,true,50,,https://crests.football-data.org/7397.png
Ivan Azón,ivan-azon,Spain,ES,Como 1907,SERIE_A,Forward,FORWARD,2002-12-24,,,true,50,,https://crests.football-data.org/7397.png
Jayden Addai,jayden-addai,Netherlands,NL,Como 1907,SERIE_A,Forward,FORWARD,2005-08-26,,,true,50,,https://crests.football-data.org/7397.png
Alieu Fadera,alieu-fadera-1,Gambia,GM,Como 1907,SERIE_A,Forward,FORWARD,2001-11-03,,,true,50,,https://crests.football-data.org/7397.png
Assane Diao,assane-diao,Senegal,SN,Como 1907,SERIE_A,Forward,FORWARD,2005-09-07,,,true,50,,https://crests.football-data.org/7397.png
Jesús Rodríguez,jesus-rodriguez,Spain,ES,Como 1907,SERIE_A,Forward,FORWARD,2005-11-21,,,true,50,,https://crests.football-data.org/7397.png
Guillaume Restes,guillaume-restes,France,FR,Toulouse FC,LIGUE_1,Goalkeeper,GOALKEEPER,2005-03-11,,,true,50,,https://crests.football-data.org/511.png
Mathys Niflore,mathys-niflore,France,FR,Toulouse FC,LIGUE_1,Goalkeeper,GOALKEEPER,2007-03-02,,,true,50,,https://crests.football-data.org/511.png
Rasmus Nicolaisen,rasmus-nicolaisen,Denmark,DK,Toulouse FC,LIGUE_1,Defender,DEFENDER,1997-03-16,,,true,50,,https://crests.football-data.org/511.png
Mark McKenzie,mark-mckenzie,USA,US,Toulouse FC,LIGUE_1,Defender,DEFENDER,1999-02-25,,,true,50,,https://crests.football-data.org/511.png
Charlie Cresswell,charlie-cresswell,England,GB,Toulouse FC,LIGUE_1,Defender,DEFENDER,2002-08-17,,,true,50,,https://crests.football-data.org/511.png
David Odogu,david-odogu,Germany,DE,Toulouse FC,LIGUE_1,Defender,DEFENDER,2006-06-03,,,true,50,,https://crests.football-data.org/511.png
Ilyes Aradj,ilyes-aradj,France,FR,Toulouse FC,LIGUE_1,Defender,DEFENDER,2005-06-05,,,true,50,,https://crests.football-data.org/511.png
Rafik Messali,rafik-messali,Algeria,DZ,Toulouse FC,LIGUE_1,Defender,DEFENDER,2003-04-28,,,true,50,,https://crests.football-data.org/511.png
Dayann Methalie,dayann-methalie-1,France,FR,Toulouse FC,LIGUE_1,Defender,DEFENDER,2006-02-15,,,true,50,,https://crests.football-data.org/511.png
Seny Koumbassa,seny-koumbassa,France,FR,Toulouse FC,LIGUE_1,Defender,DEFENDER,2007-06-20,,,true,50,,https://crests.football-data.org/511.png
Niklas Schmidt,niklas-schmidt,Germany,DE,Toulouse FC,LIGUE_1,Midfielder,MIDFIELDER,1998-03-01,,,true,50,,https://crests.football-data.org/511.png
Cristian Cásseres Jr.,cristian-casseres-jr,Venezuela,VE,Toulouse FC,LIGUE_1,Midfielder,MIDFIELDER,2000-01-20,,,true,50,,https://crests.football-data.org/511.png
Francis Abu,francis-abu,Ghana,GH,Toulouse FC,LIGUE_1,Midfielder,MIDFIELDER,2001-04-27,,,true,50,,https://crests.football-data.org/511.png
Aron Dönnum,aron-donnum,Norway,NO,Toulouse FC,LIGUE_1,Midfielder,MIDFIELDER,1998-04-20,,,true,50,,https://crests.football-data.org/511.png
Thomas Jørgensen,thomas-j-rgensen,Denmark,DK,Toulouse FC,LIGUE_1,Midfielder,MIDFIELDER,2005-09-30,,,true,50,,https://crests.football-data.org/511.png
Mário Sauer,mario-sauer,Slovakia,SK,Toulouse FC,LIGUE_1,Midfielder,MIDFIELDER,2004-05-15,,,true,50,,https://crests.football-data.org/511.png
Mathis Saka,mathis-saka,France,FR,Toulouse FC,LIGUE_1,Midfielder,MIDFIELDER,2006-09-20,,,true,50,,https://crests.football-data.org/511.png
Alexis Vossah,alexis-vossah,France,FR,Toulouse FC,LIGUE_1,Midfielder,MIDFIELDER,2008-03-11,,,true,50,,https://crests.football-data.org/511.png
Yann Gboho,yann-gboho,France,FR,Toulouse FC,LIGUE_1,Forward,FORWARD,2001-01-14,,,true,50,,https://crests.football-data.org/511.png
Jacen Russell-Rowe,jacen-russell-rowe,Canada,CA,Toulouse FC,LIGUE_1,Forward,FORWARD,2002-09-13,,,true,50,,https://crests.football-data.org/511.png
Santiago Hidalgo,santiago-hidalgo,Argentina,AR,Toulouse FC,LIGUE_1,Forward,FORWARD,2005-02-17,,,true,50,,https://crests.football-data.org/511.png
Sion Oppong,sion-oppong,Sweden,SE,Toulouse FC,LIGUE_1,Forward,FORWARD,2007-09-25,,,true,50,,https://crests.football-data.org/511.png
Enzo Faty,enzo-faty,France,FR,Toulouse FC,LIGUE_1,Forward,FORWARD,2007-03-09,,,true,50,,https://crests.football-data.org/511.png
Julián Vignolo,julian-vignolo,Argentina,AR,Toulouse FC,LIGUE_1,Forward,FORWARD,2006-12-07,,,true,50,,https://crests.football-data.org/511.png
Grégoire Coudert,gregoire-coudert,France,FR,Stade Brestois 29,LIGUE_1,Goalkeeper,GOALKEEPER,1999-04-03,,,true,50,,https://crests.football-data.org/512.png
Egil Selvik,egil-selvik,Norway,NO,Stade Brestois 29,LIGUE_1,Goalkeeper,GOALKEEPER,1997-07-30,,,true,50,,https://crests.football-data.org/512.png
Romain Cagnon,romain-cagnon,France,FR,Stade Brestois 29,LIGUE_1,Goalkeeper,GOALKEEPER,1997-05-12,,,true,50,,https://crests.football-data.org/512.png
Noah Jauny,noah-jauny,Ireland,IE,Stade Brestois 29,LIGUE_1,Goalkeeper,GOALKEEPER,2004-08-26,,,true,50,,https://crests.football-data.org/512.png
Brendan Chardonnet,brendan-chardonnet,France,FR,Stade Brestois 29,LIGUE_1,Defender,DEFENDER,1994-12-22,,,true,50,,https://crests.football-data.org/512.png
Gautier Lloris,gautier-lloris,France,FR,Stade Brestois 29,LIGUE_1,Defender,DEFENDER,1995-07-18,,,true,50,,https://crests.football-data.org/512.png
Kenny Lala,kenny-lala,France,FR,Stade Brestois 29,LIGUE_1,Defender,DEFENDER,1991-10-03,,,true,50,,https://crests.football-data.org/512.png
Bradley Locko,bradley-locko,France,FR,Stade Brestois 29,LIGUE_1,Defender,DEFENDER,2002-05-06,,,true,50,,https://crests.football-data.org/512.png
Luc Zogbe,luc-zogbe,Ivory Coast,CI,Stade Brestois 29,LIGUE_1,Defender,DEFENDER,2005-03-24,,,true,50,,https://crests.football-data.org/512.png
Raphaël Le Guen,raphael-le-guen,France,FR,Stade Brestois 29,LIGUE_1,Defender,DEFENDER,2006-09-01,,,true,50,,https://crests.football-data.org/512.png
Justin Bourgault,justin-bourgault,France,FR,Stade Brestois 29,LIGUE_1,Defender,DEFENDER,2005-09-14,,,true,50,,https://crests.football-data.org/512.png
Lucas Tousart,lucas-tousart,France,FR,Stade Brestois 29,LIGUE_1,Midfielder,MIDFIELDER,1997-04-29,,,true,50,,https://crests.football-data.org/512.png
Hugo Magnetti,hugo-magnetti,France,FR,Stade Brestois 29,LIGUE_1,Midfielder,MIDFIELDER,1998-05-30,,,true,50,,https://crests.football-data.org/512.png
Joris Chotard,joris-chotard,France,FR,Stade Brestois 29,LIGUE_1,Midfielder,MIDFIELDER,2001-09-24,,,true,50,,https://crests.football-data.org/512.png
Mamady Diambou,mamady-diambou,Mali,ML,Stade Brestois 29,LIGUE_1,Midfielder,MIDFIELDER,2002-11-11,,,true,50,,https://crests.football-data.org/512.png
Kamory Doumbia,kamory-doumbia,Mali,ML,Stade Brestois 29,LIGUE_1,Midfielder,MIDFIELDER,2003-02-18,,,true,50,,https://crests.football-data.org/512.png
Joseph Nonge,joseph-nonge,Belgium,BE,Stade Brestois 29,LIGUE_1,Midfielder,MIDFIELDER,2005-05-15,,,true,50,,https://crests.football-data.org/512.png
Hamidou Makalou,hamidou-makalou,Mali,ML,Stade Brestois 29,LIGUE_1,Midfielder,MIDFIELDER,2006-07-15,,,true,50,,https://crests.football-data.org/512.png
Ludovic Ajorque,ludovic-ajorque,France,FR,Stade Brestois 29,LIGUE_1,Forward,FORWARD,1994-02-25,,,true,50,,https://crests.football-data.org/512.png
Romain Del Castillo,romain-del-castillo,France,FR,Stade Brestois 29,LIGUE_1,Forward,FORWARD,1996-03-29,,,true,50,,https://crests.football-data.org/512.png
Mama Baldé,mama-balde,Guinea-Bissau,GW,Stade Brestois 29,LIGUE_1,Forward,FORWARD,1995-11-06,,,true,50,,https://crests.football-data.org/512.png
Axel Camblan,axel-camblan,France,FR,Stade Brestois 29,LIGUE_1,Forward,FORWARD,2003-08-30,,,true,50,,https://crests.football-data.org/512.png
Pathé Mboup,pathe-mboup,Senegal,SN,Stade Brestois 29,LIGUE_1,Forward,FORWARD,2003-10-19,,,true,50,,https://crests.football-data.org/512.png
Géronimo Rulli,geronimo-rulli-1,Argentina,AR,Olympique de Marseille,LIGUE_1,Goalkeeper,GOALKEEPER,1992-05-20,,,true,50,,https://crests.football-data.org/516.png
Jeffrey De Lange,jeffrey-de-lange,Netherlands,NL,Olympique de Marseille,LIGUE_1,Goalkeeper,GOALKEEPER,1998-04-01,,,true,50,,https://crests.football-data.org/516.png
Théo Vermot,theo-vermot,France,FR,Olympique de Marseille,LIGUE_1,Goalkeeper,GOALKEEPER,1997-01-27,,,true,50,,https://crests.football-data.org/516.png
Jelle Van Neck,jelle-van-neck,Belgium,BE,Olympique de Marseille,LIGUE_1,Goalkeeper,GOALKEEPER,2004-03-07,,,true,50,,https://crests.football-data.org/516.png
Ulisses Garcia,ulisses-garcia,Switzerland,CH,Olympique de Marseille,LIGUE_1,Defender,DEFENDER,1996-01-11,,,true,50,,https://crests.football-data.org/516.png
Emerson,emerson,Italy,IT,Olympique de Marseille,LIGUE_1,Defender,DEFENDER,1994-08-03,,,true,50,,https://crests.football-data.org/516.png
Facundo Medina,facundo-medina-1,Argentina,AR,Olympique de Marseille,LIGUE_1,Defender,DEFENDER,1999-05-28,,,true,50,,https://crests.football-data.org/516.png
Nayef Aguerd,nayef-aguerd,Morocco,MA,Olympique de Marseille,LIGUE_1,Defender,DEFENDER,1996-03-30,,,true,50,,https://crests.football-data.org/516.png
Leonardo Balerdi,leonardo-balerdi-1,Argentina,AR,Olympique de Marseille,LIGUE_1,Defender,DEFENDER,1999-01-26,,,true,50,,https://crests.football-data.org/516.png
Derek Cornelius,derek-cornelius,Canada,CA,Olympique de Marseille,LIGUE_1,Defender,DEFENDER,1997-11-25,,,true,50,,https://crests.football-data.org/516.png
Bamo Meité,bamo-meite,Ivory Coast,CI,Olympique de Marseille,LIGUE_1,Defender,DEFENDER,2001-06-20,,,true,50,,https://crests.football-data.org/516.png
CJ Egan-Riley,cj-egan-riley,England,GB,Olympique de Marseille,LIGUE_1,Defender,DEFENDER,2003-01-02,,,true,50,,https://crests.football-data.org/516.png
Angel Gomes,angel-gomes,England,GB,Olympique de Marseille,LIGUE_1,Midfielder,MIDFIELDER,2000-08-31,,,true,50,,https://crests.football-data.org/516.png
Pierre Emile Højbjerg,pierre-emile-h-jbjerg,Denmark,DK,Olympique de Marseille,LIGUE_1,Midfielder,MIDFIELDER,1995-08-05,,,true,50,,https://crests.football-data.org/516.png
Tim Weah,tim-weah,USA,US,Olympique de Marseille,LIGUE_1,Midfielder,MIDFIELDER,2000-02-22,,,true,50,,https://crests.football-data.org/516.png
Geoffrey Kondogbia,geoffrey-kondogbia,Central African Republic,CF,Olympique de Marseille,LIGUE_1,Midfielder,MIDFIELDER,1993-02-15,,,true,50,,https://crests.football-data.org/516.png
Himad Abdelli,himad-abdelli,Algeria,DZ,Olympique de Marseille,LIGUE_1,Midfielder,MIDFIELDER,1999-11-17,,,true,50,,https://crests.football-data.org/516.png
Quinten Timber,quinten-timber,Netherlands,NL,Olympique de Marseille,LIGUE_1,Midfielder,MIDFIELDER,2001-06-17,,,true,50,,https://crests.football-data.org/516.png
Tochukwu Nadi,tochukwu-nadi,Nigeria,NG,Olympique de Marseille,LIGUE_1,Midfielder,MIDFIELDER,2003-06-30,,,true,50,,https://crests.football-data.org/516.png
Amine Harit,amine-harit,Morocco,MA,Olympique de Marseille,LIGUE_1,Forward,FORWARD,1997-06-18,,,true,50,,https://crests.football-data.org/516.png
Neal Maupay,neal-maupay,France,FR,Olympique de Marseille,LIGUE_1,Forward,FORWARD,1996-08-14,,,true,50,,https://crests.football-data.org/516.png
Amine Gouiri,amine-gouiri,Algeria,DZ,Olympique de Marseille,LIGUE_1,Forward,FORWARD,2000-02-16,,,true,50,,https://crests.football-data.org/516.png
Igor Paixão,igor-paixao,Brazil,BR,Olympique de Marseille,LIGUE_1,Forward,FORWARD,2000-06-28,,,true,50,,https://crests.football-data.org/516.png
Faris Moumbagna,faris-moumbagna,Cameroon,CM,Olympique de Marseille,LIGUE_1,Forward,FORWARD,2000-07-01,,,true,50,,https://crests.football-data.org/516.png
Keyliane Abdallah,keyliane-abdallah,France,FR,Olympique de Marseille,LIGUE_1,Forward,FORWARD,2006-04-05,,,true,50,,https://crests.football-data.org/516.png
Tadjidine M'Madi,tadjidine-m-madi,France,FR,Olympique de Marseille,LIGUE_1,Forward,FORWARD,2007-03-03,,,true,50,,https://crests.football-data.org/516.png
Paul Nardi,paul-nardi,France,FR,AJ Auxerre,LIGUE_1,Goalkeeper,GOALKEEPER,1994-05-18,,,true,50,,https://crests.football-data.org/519.png
Mamadou Diop,mamadou-diop,Mauritania,MR,AJ Auxerre,LIGUE_1,Goalkeeper,GOALKEEPER,2000-01-03,,,true,50,,https://crests.football-data.org/519.png
Louis Mezerette,louis-mezerette,France,FR,AJ Auxerre,LIGUE_1,Goalkeeper,GOALKEEPER,2006-08-30,,,true,50,,https://crests.football-data.org/519.png
Francisco Sierralta,francisco-sierralta,Chile,CL,AJ Auxerre,LIGUE_1,Defender,DEFENDER,1997-05-06,,,true,50,,https://crests.football-data.org/519.png
Bryan Okoh,bryan-okoh,Switzerland,CH,AJ Auxerre,LIGUE_1,Defender,DEFENDER,2003-05-16,,,true,50,,https://crests.football-data.org/519.png
Sinaly Diomandé,sinaly-diomande,Ivory Coast,CI,AJ Auxerre,LIGUE_1,Defender,DEFENDER,2001-04-09,,,true,50,,https://crests.football-data.org/519.png
Marvin Senaya,marvin-senaya,Ghana,GH,AJ Auxerre,LIGUE_1,Defender,DEFENDER,2001-01-28,,,true,50,,https://crests.football-data.org/519.png
Fredrik Oppegard,fredrik-oppegard,Norway,NO,AJ Auxerre,LIGUE_1,Defender,DEFENDER,2002-08-07,,,true,50,,https://crests.football-data.org/519.png
Lamine Sy,lamine-sy,France,FR,AJ Auxerre,LIGUE_1,Defender,DEFENDER,2002-08-10,,,true,50,,https://crests.football-data.org/519.png
Clement Akpa,clement-akpa,Ivory Coast,CI,AJ Auxerre,LIGUE_1,Defender,DEFENDER,2001-11-24,,,true,50,,https://crests.football-data.org/519.png
Christ Makosso,christ-makosso,Congo,CG,AJ Auxerre,LIGUE_1,Defender,DEFENDER,2004-05-09,,,true,50,,https://crests.football-data.org/519.png
Sekou Fofana,sekou-fofana,Ivory Coast,CI,AJ Auxerre,LIGUE_1,Defender,DEFENDER,2003-03-25,,,true,50,,https://crests.football-data.org/519.png
Telli Siwe,telli-siwe,France,FR,AJ Auxerre,LIGUE_1,Defender,DEFENDER,2004-12-14,,,true,50,,https://crests.football-data.org/519.png
Elikya Legros,elikya-legros,France,FR,AJ Auxerre,LIGUE_1,Defender,DEFENDER,2008-06-06,,,true,50,,https://crests.football-data.org/519.png
Alvin Petit Dol,alvin-petit-dol,France,FR,AJ Auxerre,LIGUE_1,Defender,DEFENDER,2006-11-07,,,true,50,,https://crests.football-data.org/519.png
Assane Dioussé,assane-diousse,Senegal,SN,AJ Auxerre,LIGUE_1,Midfielder,MIDFIELDER,1997-09-20,,,true,50,,https://crests.football-data.org/519.png
Elisha Owusu,elisha-owusu,Ghana,GH,AJ Auxerre,LIGUE_1,Midfielder,MIDFIELDER,1997-11-07,,,true,50,,https://crests.football-data.org/519.png
Romain Faivre,romain-faivre,France,FR,AJ Auxerre,LIGUE_1,Midfielder,MIDFIELDER,1998-07-14,,,true,50,,https://crests.football-data.org/519.png
Naouirou Ahamada,naouirou-ahamada,France,FR,AJ Auxerre,LIGUE_1,Midfielder,MIDFIELDER,2002-03-29,,,true,50,,https://crests.football-data.org/519.png
Kevin Danois,kevin-danois,France,FR,AJ Auxerre,LIGUE_1,Midfielder,MIDFIELDER,2004-06-28,,,true,50,,https://crests.football-data.org/519.png
Arthur Piedfort,arthur-piedfort,Belgium,BE,AJ Auxerre,LIGUE_1,Midfielder,MIDFIELDER,2005-02-01,,,true,50,,https://crests.football-data.org/519.png
Tidiane Devernois,tidiane-devernois,France,FR,AJ Auxerre,LIGUE_1,Midfielder,MIDFIELDER,2007-10-18,,,true,50,,https://crests.football-data.org/519.png
Daniel Namaso,daniel-namaso,Cameroon,CM,AJ Auxerre,LIGUE_1,Forward,FORWARD,2000-08-28,,,true,50,,https://crests.football-data.org/519.png
Eros Maddy,eros-maddy,Netherlands,NL,AJ Auxerre,LIGUE_1,Forward,FORWARD,2001-02-05,,,true,50,,https://crests.football-data.org/519.png
Theo Bair,theo-bair,Canada,CA,AJ Auxerre,LIGUE_1,Forward,FORWARD,1999-08-27,,,true,50,,https://crests.football-data.org/519.png
Josué Casimir,josue-casimir,Haiti,HT,AJ Auxerre,LIGUE_1,Forward,FORWARD,2001-09-24,,,true,50,,https://crests.football-data.org/519.png
Lasso Coulibaly,lasso-coulibaly,Ivory Coast,CI,AJ Auxerre,LIGUE_1,Forward,FORWARD,2002-10-19,,,true,50,,https://crests.football-data.org/519.png
Rémy Labeau Lascary,remy-labeau-lascary,Guadeloupe,XX,AJ Auxerre,LIGUE_1,Forward,FORWARD,2003-03-03,,,true,50,,https://crests.football-data.org/519.png
Rayan Mandengue,rayan-mandengue,Cameroon,CM,AJ Auxerre,LIGUE_1,Forward,FORWARD,2006-01-06,,,true,50,,https://crests.football-data.org/519.png
Aristide Zossou,aristide-zossou,Ivory Coast,CI,AJ Auxerre,LIGUE_1,Forward,FORWARD,2005-06-14,,,true,50,,https://crests.football-data.org/519.png
Xiangxin Wei,xiangxin-wei,China PR,CN,AJ Auxerre,LIGUE_1,Forward,FORWARD,2008-03-05,,,true,50,,https://crests.football-data.org/519.png
Ryan Rodin,ryan-rodin,France,FR,AJ Auxerre,LIGUE_1,Forward,FORWARD,2006-03-02,,,true,50,,https://crests.football-data.org/519.png
Arnaud Bodart,arnaud-bodart,Belgium,BE,Lille OSC,LIGUE_1,Goalkeeper,GOALKEEPER,1998-03-11,,,true,50,,https://crests.football-data.org/521.png
Berke Özer,berke-ozer,Turkey,TR,Lille OSC,LIGUE_1,Goalkeeper,GOALKEEPER,2000-05-25,,,true,50,,https://crests.football-data.org/521.png
Romain Perraud,romain-perraud,France,FR,Lille OSC,LIGUE_1,Defender,DEFENDER,1997-09-22,,,true,50,,https://crests.football-data.org/521.png
Calvin Verdonk,calvin-verdonk,Indonesia,ID,Lille OSC,LIGUE_1,Defender,DEFENDER,1997-04-26,,,true,50,,https://crests.football-data.org/521.png
Nianzou Kouassi,nianzou-kouassi,France,FR,Lille OSC,LIGUE_1,Defender,DEFENDER,2002-06-07,,,true,50,,https://crests.football-data.org/521.png
Alexsandro Ribeiro,alexsandro-ribeiro,Brazil,BR,Lille OSC,LIGUE_1,Defender,DEFENDER,1999-08-09,,,true,50,,https://crests.football-data.org/521.png
Tiago Santos,tiago-santos,Portugal,PT,Lille OSC,LIGUE_1,Defender,DEFENDER,2002-07-23,,,true,50,,https://crests.football-data.org/521.png
Nathan Ngoy,nathan-ngoy,Belgium,BE,Lille OSC,LIGUE_1,Defender,DEFENDER,2003-06-10,,,true,50,,https://crests.football-data.org/521.png
Ousmane Touré,ousmane-toure,France,FR,Lille OSC,LIGUE_1,Defender,DEFENDER,2005-02-18,,,true,50,,https://crests.football-data.org/521.png
Loun Srdanovic,loun-srdanovic,Switzerland,CH,Lille OSC,LIGUE_1,Defender,DEFENDER,2006-08-04,,,true,50,,https://crests.football-data.org/521.png
Isaac Cossier,isaac-cossier,France,FR,Lille OSC,LIGUE_1,Defender,DEFENDER,2006-11-30,,,true,50,,https://crests.football-data.org/521.png
Nabil Bentaleb,nabil-bentaleb,Algeria,DZ,Lille OSC,LIGUE_1,Midfielder,MIDFIELDER,1994-11-24,,,true,50,,https://crests.football-data.org/521.png
Benjamin André,benjamin-andre,France,FR,Lille OSC,LIGUE_1,Midfielder,MIDFIELDER,1990-08-03,,,true,50,,https://crests.football-data.org/521.png
Hákon Arnar Haraldsson,hakon-arnar-haraldsson,Iceland,IS,Lille OSC,LIGUE_1,Midfielder,MIDFIELDER,2003-04-10,,,true,50,,https://crests.football-data.org/521.png
Ugo Raghouber,ugo-raghouber,France,FR,Lille OSC,LIGUE_1,Midfielder,MIDFIELDER,2003-07-13,,,true,50,,https://crests.football-data.org/521.png
Ngal'ayel Mukau,ngal-ayel-mukau,Congo DR,CD,Lille OSC,LIGUE_1,Midfielder,MIDFIELDER,2004-11-03,,,true,50,,https://crests.football-data.org/521.png
Ayyoub Bouaddi,ayyoub-bouaddi-1,France,FR,Lille OSC,LIGUE_1,Midfielder,MIDFIELDER,2007-10-02,,,true,50,,https://crests.football-data.org/521.png
Mohamed Bayo,mohamed-bayo,Guinea,GN,Lille OSC,LIGUE_1,Forward,FORWARD,1993-09-15,,,true,50,,https://crests.football-data.org/521.png
Gaëtan Perrin,gaetan-perrin,France,FR,Lille OSC,LIGUE_1,Forward,FORWARD,1996-06-07,,,true,50,,https://crests.football-data.org/521.png
Olivier Giroud,olivier-giroud,France,FR,Lille OSC,LIGUE_1,Forward,FORWARD,1986-09-30,,,true,50,,https://crests.football-data.org/521.png
Osame Sahraoui,osame-sahraoui,Morocco,MA,Lille OSC,LIGUE_1,Forward,FORWARD,2001-06-11,,,true,50,,https://crests.football-data.org/521.png
Félix Correia,felix-correia,Portugal,PT,Lille OSC,LIGUE_1,Forward,FORWARD,2001-01-22,,,true,50,,https://crests.football-data.org/521.png
Tiago Fonseca Morais,tiago-fonseca-morais,Portugal,PT,Lille OSC,LIGUE_1,Forward,FORWARD,2003-09-03,,,true,50,,https://crests.football-data.org/521.png
Basar Onal,basar-onal,Turkey,TR,Lille OSC,LIGUE_1,Forward,FORWARD,2004-07-06,,,true,50,,https://crests.football-data.org/521.png
Noah Edjouma,noah-edjouma,France,FR,Lille OSC,LIGUE_1,Forward,FORWARD,2005-10-04,,,true,50,,https://crests.football-data.org/521.png
Matias Fernandez-Pardo,matias-fernandez-pardo,Belgium,BE,Lille OSC,LIGUE_1,Forward,FORWARD,2005-02-03,,,true,50,,https://crests.football-data.org/521.png
Ethan Mbappé,ethan-mbappe,France,FR,Lille OSC,LIGUE_1,Forward,FORWARD,2006-12-29,,,true,50,,https://crests.football-data.org/521.png
Hamza Igamane,hamza-igamane,Morocco,MA,Lille OSC,LIGUE_1,Forward,FORWARD,2002-11-02,,,true,50,,https://crests.football-data.org/521.png
Soriba Diaoune,soriba-diaoune,France,FR,Lille OSC,LIGUE_1,Forward,FORWARD,2007-08-14,,,true,50,,https://crests.football-data.org/521.png
Yehvann Diouf,yehvann-diouf,Senegal,SN,OGC Nice,LIGUE_1,Goalkeeper,GOALKEEPER,1999-11-16,,,true,50,,https://crests.football-data.org/522.png
Teddy Boulhendi,teddy-boulhendi,France,FR,OGC Nice,LIGUE_1,Goalkeeper,GOALKEEPER,2001-04-09,,,true,50,,https://crests.football-data.org/522.png
Jonathan Clauss,jonathan-clauss,France,FR,OGC Nice,LIGUE_1,Defender,DEFENDER,1992-09-25,,,true,50,,https://crests.football-data.org/522.png
Ali El Abdi,ali-el-abdi,Tunisia,TN,OGC Nice,LIGUE_1,Defender,DEFENDER,1993-12-20,,,true,50,,https://crests.football-data.org/522.png
Mattia Viti,mattia-viti,Italy,IT,OGC Nice,LIGUE_1,Defender,DEFENDER,2002-01-24,,,true,50,,https://crests.football-data.org/522.png
Melvin Bard,melvin-bard,France,FR,OGC Nice,LIGUE_1,Defender,DEFENDER,2000-11-06,,,true,50,,https://crests.football-data.org/522.png
Antoine Mendy,antoine-mendy,Senegal,SN,OGC Nice,LIGUE_1,Defender,DEFENDER,2004-05-27,,,true,50,,https://crests.football-data.org/522.png
Youssouf Ndayishimiye,youssouf-ndayishimiye,Burundi,XX,OGC Nice,LIGUE_1,Defender,DEFENDER,1998-10-27,,,true,50,,https://crests.football-data.org/522.png
Moise Bombito,moise-bombito,Canada,CA,OGC Nice,LIGUE_1,Defender,DEFENDER,2000-03-30,,,true,50,,https://crests.football-data.org/522.png
Kojo Peprah Oppong,kojo-peprah-oppong,Ghana,GH,OGC Nice,LIGUE_1,Defender,DEFENDER,2004-06-04,,,true,50,,https://crests.football-data.org/522.png
Mohamed Abdelmonem,mohamed-abdelmonem,Egypt,EG,OGC Nice,LIGUE_1,Defender,DEFENDER,1999-02-01,,,true,50,,https://crests.football-data.org/522.png
Hamza Koutoune,hamza-koutoune,Morocco,MA,OGC Nice,LIGUE_1,Defender,DEFENDER,2006-09-17,,,true,50,,https://crests.football-data.org/522.png
Laurent Abergel,laurent-abergel,France,FR,OGC Nice,LIGUE_1,Midfielder,MIDFIELDER,1993-02-01,,,true,50,,https://crests.football-data.org/522.png
Axel Witsel,axel-witsel,Belgium,BE,OGC Nice,LIGUE_1,Midfielder,MIDFIELDER,1989-01-12,,,true,50,,https://crests.football-data.org/522.png
Morgan Sanson,morgan-sanson,France,FR,OGC Nice,LIGUE_1,Midfielder,MIDFIELDER,1994-08-18,,,true,50,,https://crests.football-data.org/522.png
Everton,everton,Brazil,BR,OGC Nice,LIGUE_1,Midfielder,MIDFIELDER,1995-04-10,,,true,50,,https://crests.football-data.org/522.png
Salis Abdul Samed,salis-abdul-samed,Ghana,GH,OGC Nice,LIGUE_1,Midfielder,MIDFIELDER,2000-03-26,,,true,50,,https://crests.football-data.org/522.png
Hicham Boudaoui,hicham-boudaoui,Algeria,DZ,OGC Nice,LIGUE_1,Midfielder,MIDFIELDER,1999-09-23,,,true,50,,https://crests.football-data.org/522.png
Rareş Ilie,rares-ilie,Romania,RO,OGC Nice,LIGUE_1,Midfielder,MIDFIELDER,2003-04-19,,,true,50,,https://crests.football-data.org/522.png
Tom Louchet,tom-louchet,France,FR,OGC Nice,LIGUE_1,Midfielder,MIDFIELDER,2003-05-04,,,true,50,,https://crests.football-data.org/522.png
Issiaga Camara,issiaga-camara,Guinea,GN,OGC Nice,LIGUE_1,Midfielder,MIDFIELDER,2005-02-02,,,true,50,,https://crests.football-data.org/522.png
Djibril Coulibaly,djibril-coulibaly,France,FR,OGC Nice,LIGUE_1,Midfielder,MIDFIELDER,2008-11-18,,,true,50,,https://crests.football-data.org/522.png
Gauthier Hein,gauthier-hein,France,FR,OGC Nice,LIGUE_1,Forward,FORWARD,1996-08-07,,,true,50,,https://crests.football-data.org/522.png
Sofiane Diop,sofiane-diop,France,FR,OGC Nice,LIGUE_1,Forward,FORWARD,2000-06-09,,,true,50,,https://crests.football-data.org/522.png
Isak Jansson,isak-jansson,Sweden,SE,OGC Nice,LIGUE_1,Forward,FORWARD,2002-01-31,,,true,50,,https://crests.football-data.org/522.png
Nathan N'Goumou,nathan-n-goumou-1,Cameroon,CM,OGC Nice,LIGUE_1,Forward,FORWARD,2000-03-14,,,true,50,,https://crests.football-data.org/522.png
Terem Moffi,terem-moffi,Nigeria,NG,OGC Nice,LIGUE_1,Forward,FORWARD,1999-05-25,,,true,50,,https://crests.football-data.org/522.png
Mohamed Ali Cho,mohamed-ali-cho-1,France,FR,OGC Nice,LIGUE_1,Forward,FORWARD,2004-01-19,,,true,50,,https://crests.football-data.org/522.png
Kevin Carlos,kevin-carlos-1,Spain,ES,OGC Nice,LIGUE_1,Forward,FORWARD,2001-04-10,,,true,50,,https://crests.football-data.org/522.png
Zoumana Diallo,zoumana-diallo,France,FR,OGC Nice,LIGUE_1,Forward,FORWARD,2005-02-02,,,true,50,,https://crests.football-data.org/522.png
Victor Orakpo,victor-orakpo,Nigeria,NG,OGC Nice,LIGUE_1,Forward,FORWARD,2006-01-14,,,true,50,,https://crests.football-data.org/522.png
Rémy Descamps,remy-descamps,France,FR,Olympique Lyonnais,LIGUE_1,Goalkeeper,GOALKEEPER,1996-06-25,,,true,50,,https://crests.football-data.org/523.png
Dominik Greif,dominik-greif,Slovakia,SK,Olympique Lyonnais,LIGUE_1,Goalkeeper,GOALKEEPER,1997-04-06,,,true,50,,https://crests.football-data.org/523.png
Justin Jose Bengui Joao,justin-jose-bengui-joao,France,FR,Olympique Lyonnais,LIGUE_1,Goalkeeper,GOALKEEPER,2005-07-09,,,true,50,,https://crests.football-data.org/523.png
Lassine Diarra,lassine-diarra,Mali,ML,Olympique Lyonnais,LIGUE_1,Goalkeeper,GOALKEEPER,2002-11-11,,,true,50,,https://crests.football-data.org/523.png
Nicolás Tagliafico,nicolas-tagliafico,Argentina,AR,Olympique Lyonnais,LIGUE_1,Defender,DEFENDER,1992-08-31,,,true,50,,https://crests.football-data.org/523.png
Ainsley Maitland-Niles,ainsley-maitland-niles,England,GB,Olympique Lyonnais,LIGUE_1,Defender,DEFENDER,1997-08-29,,,true,50,,https://crests.football-data.org/523.png
Moussa Niakhaté,moussa-niakhate,Senegal,SN,Olympique Lyonnais,LIGUE_1,Defender,DEFENDER,1996-03-08,,,true,50,,https://crests.football-data.org/523.png
Clinton Mata,clinton-mata,Angola,AO,Olympique Lyonnais,LIGUE_1,Defender,DEFENDER,1992-11-07,,,true,50,,https://crests.football-data.org/523.png
Duje Ćaleta-Car,duje-caleta-car,Croatia,HR,Olympique Lyonnais,LIGUE_1,Defender,DEFENDER,1996-09-17,,,true,50,,https://crests.football-data.org/523.png
Felix Bacher,felix-bacher,Austria,AT,Olympique Lyonnais,LIGUE_1,Defender,DEFENDER,2000-10-25,,,true,50,,https://crests.football-data.org/523.png
Abner,abner,Brazil,BR,Olympique Lyonnais,LIGUE_1,Defender,DEFENDER,2000-05-27,,,true,50,,https://crests.football-data.org/523.png
Ruben Kluivert,ruben-kluivert,Netherlands,NL,Olympique Lyonnais,LIGUE_1,Defender,DEFENDER,2001-05-21,,,true,50,,https://crests.football-data.org/523.png
Mohamed Ouédraogo,mohamed-ouedraogo,Burkina Faso,BF,Olympique Lyonnais,LIGUE_1,Defender,DEFENDER,2003-01-02,,,true,50,,https://crests.football-data.org/523.png
Zachary Athekame,zachary-athekame,Switzerland,CH,Olympique Lyonnais,LIGUE_1,Defender,DEFENDER,2004-12-13,,,true,50,,https://crests.football-data.org/523.png
Noham Kamara,noham-kamara,France,FR,Olympique Lyonnais,LIGUE_1,Defender,DEFENDER,2007-01-22,,,true,50,,https://crests.football-data.org/523.png
Corentin Tolisso,corentin-tolisso,France,FR,Olympique Lyonnais,LIGUE_1,Midfielder,MIDFIELDER,1994-08-03,,,true,50,,https://crests.football-data.org/523.png
Orel Mangala,orel-mangala-1,Belgium,BE,Olympique Lyonnais,LIGUE_1,Midfielder,MIDFIELDER,1998-03-18,,,true,50,,https://crests.football-data.org/523.png
Paul Akouokou,paul-akouokou,Ivory Coast,CI,Olympique Lyonnais,LIGUE_1,Midfielder,MIDFIELDER,1997-12-20,,,true,50,,https://crests.football-data.org/523.png
Pavel Šulc,pavel-sulc,Czech Republic,CZ,Olympique Lyonnais,LIGUE_1,Midfielder,MIDFIELDER,2000-12-29,,,true,50,,https://crests.football-data.org/523.png
Tanner Tessmann,tanner-tessmann,USA,US,Olympique Lyonnais,LIGUE_1,Midfielder,MIDFIELDER,2001-09-24,,,true,50,,https://crests.football-data.org/523.png
Mads Bidstrup,mads-bidstrup,Denmark,DK,Olympique Lyonnais,LIGUE_1,Midfielder,MIDFIELDER,2001-02-25,,,true,50,,https://crests.football-data.org/523.png
Tyler Morton,tyler-morton,England,GB,Olympique Lyonnais,LIGUE_1,Midfielder,MIDFIELDER,2002-10-31,,,true,50,,https://crests.football-data.org/523.png
Noah Nartey,noah-nartey,Denmark,DK,Olympique Lyonnais,LIGUE_1,Midfielder,MIDFIELDER,2005-10-05,,,true,50,,https://crests.football-data.org/523.png
Mahamadou Diawara,mahamadou-diawara,France,FR,Olympique Lyonnais,LIGUE_1,Midfielder,MIDFIELDER,2005-02-17,,,true,50,,https://crests.football-data.org/523.png
Mathys De Carvalho,mathys-de-carvalho,Portugal,PT,Olympique Lyonnais,LIGUE_1,Midfielder,MIDFIELDER,2005-05-01,,,true,50,,https://crests.football-data.org/523.png
Khalis Merah,khalis-merah,France,FR,Olympique Lyonnais,LIGUE_1,Midfielder,MIDFIELDER,2007-02-24,,,true,50,,https://crests.football-data.org/523.png
Loïs Openda,lois-openda,Belgium,BE,Olympique Lyonnais,LIGUE_1,Forward,FORWARD,2000-02-16,,,true,50,,https://crests.football-data.org/523.png
Julien Duranville,julien-duranville,Belgium,BE,Olympique Lyonnais,LIGUE_1,Forward,FORWARD,2006-05-05,,,true,50,,https://crests.football-data.org/523.png
Ernest Nuamah,ernest-nuamah,Ghana,GH,Olympique Lyonnais,LIGUE_1,Forward,FORWARD,2003-11-01,,,true,50,,https://crests.football-data.org/523.png
Malick Fofana,malick-fofana,Belgium,BE,Olympique Lyonnais,LIGUE_1,Forward,FORWARD,2005-03-31,,,true,50,,https://crests.football-data.org/523.png
Kaïl Boudache,kail-boudache,France,FR,Olympique Lyonnais,LIGUE_1,Forward,FORWARD,2006-06-15,,,true,50,,https://crests.football-data.org/523.png
Alejandro Rodriguez,alejandro-rodriguez,England,GB,Olympique Lyonnais,LIGUE_1,Forward,FORWARD,2008-03-11,,,true,50,,https://crests.football-data.org/523.png
Enzo Molébé,enzo-molebe,France,FR,Olympique Lyonnais,LIGUE_1,Forward,FORWARD,2007-09-18,,,true,50,,https://crests.football-data.org/523.png
Rémi Himbert,remi-himbert,France,FR,Olympique Lyonnais,LIGUE_1,Forward,FORWARD,2008-02-29,,,true,50,,https://crests.football-data.org/523.png
Matvei Safonov,matvei-safonov,Russia,RU,Paris Saint-Germain FC,LIGUE_1,Goalkeeper,GOALKEEPER,1999-02-25,,,true,50,,https://crests.football-data.org/524.png
Lucas Chevalier,lucas-chevalier,France,FR,Paris Saint-Germain FC,LIGUE_1,Goalkeeper,GOALKEEPER,2001-11-06,,,true,50,,https://crests.football-data.org/524.png
Achraf Hakimi,achraf-hakimi,Morocco,MA,Paris Saint-Germain FC,LIGUE_1,Defender,DEFENDER,1998-11-04,,,true,50,,https://crests.football-data.org/524.png
Marquinhos,marquinhos,Brazil,BR,Paris Saint-Germain FC,LIGUE_1,Defender,DEFENDER,1994-05-14,,,true,50,,https://crests.football-data.org/524.png
Lucas Digne,lucas-digne-1,France,FR,Paris Saint-Germain FC,LIGUE_1,Defender,DEFENDER,1993-07-20,,,true,50,,https://crests.football-data.org/524.png
Lucas Hernández,lucas-hernandez,France,FR,Paris Saint-Germain FC,LIGUE_1,Defender,DEFENDER,1996-02-14,,,true,50,,https://crests.football-data.org/524.png
William Pacho,william-pacho,Ecuador,EC,Paris Saint-Germain FC,LIGUE_1,Defender,DEFENDER,2001-10-16,,,true,50,,https://crests.football-data.org/524.png
Illia Zabarnyi,illia-zabarnyi,Ukraine,UA,Paris Saint-Germain FC,LIGUE_1,Defender,DEFENDER,2002-09-01,,,true,50,,https://crests.football-data.org/524.png
Nuno Mendes,nuno-mendes,Portugal,PT,Paris Saint-Germain FC,LIGUE_1,Defender,DEFENDER,2002-06-19,,,true,50,,https://crests.football-data.org/524.png
Lucas Beraldo,lucas-beraldo,Brazil,BR,Paris Saint-Germain FC,LIGUE_1,Defender,DEFENDER,2003-11-24,,,true,50,,https://crests.football-data.org/524.png
Yoram Zague,yoram-zague,France,FR,Paris Saint-Germain FC,LIGUE_1,Defender,DEFENDER,2006-05-15,,,true,50,,https://crests.football-data.org/524.png
Naoufel El Hannach,naoufel-el-hannach,Morocco,MA,Paris Saint-Germain FC,LIGUE_1,Defender,DEFENDER,2006-12-07,,,true,50,,https://crests.football-data.org/524.png
Fabián Ruiz,fabian-ruiz,Spain,ES,Paris Saint-Germain FC,LIGUE_1,Midfielder,MIDFIELDER,1996-04-03,,,true,50,,https://crests.football-data.org/524.png
Renato Sanches,renato-sanches,Portugal,PT,Paris Saint-Germain FC,LIGUE_1,Midfielder,MIDFIELDER,1997-08-18,,,true,50,,https://crests.football-data.org/524.png
Vitinha,vitinha,Portugal,PT,Paris Saint-Germain FC,LIGUE_1,Midfielder,MIDFIELDER,2000-02-13,,,true,50,,https://crests.football-data.org/524.png
Warren Zaïre-Emery,warren-zaire-emery,France,FR,Paris Saint-Germain FC,LIGUE_1,Midfielder,MIDFIELDER,2006-03-08,,,true,50,,https://crests.football-data.org/524.png
Joao Neves,joao-neves,Portugal,PT,Paris Saint-Germain FC,LIGUE_1,Midfielder,MIDFIELDER,2004-09-27,,,true,50,,https://crests.football-data.org/524.png
Senny Mayulu,senny-mayulu,France,FR,Paris Saint-Germain FC,LIGUE_1,Midfielder,MIDFIELDER,2006-05-17,,,true,50,,https://crests.football-data.org/524.png
Pedro Fernández,pedro-fernandez,Spain,ES,Paris Saint-Germain FC,LIGUE_1,Midfielder,MIDFIELDER,2008-01-12,,,true,50,,https://crests.football-data.org/524.png
Ousmane Dembélé,ousmane-dembele,France,FR,Paris Saint-Germain FC,LIGUE_1,Forward,FORWARD,1997-05-15,,,true,50,,https://crests.football-data.org/524.png
Randal Kolo Muani,randal-kolo-muani-1,France,FR,Paris Saint-Germain FC,LIGUE_1,Forward,FORWARD,1998-12-05,,,true,50,,https://crests.football-data.org/524.png
Ferrán Torres,ferran-torres-1,Spain,ES,Paris Saint-Germain FC,LIGUE_1,Forward,FORWARD,2000-02-29,,,true,50,,https://crests.football-data.org/524.png
Khvicha Kvaratskhelia,khvicha-kvaratskhelia,Georgia,GE,Paris Saint-Germain FC,LIGUE_1,Forward,FORWARD,2001-02-12,,,true,50,,https://crests.football-data.org/524.png
Bradley Barcola,bradley-barcola,France,FR,Paris Saint-Germain FC,LIGUE_1,Forward,FORWARD,2002-09-02,,,true,50,,https://crests.football-data.org/524.png
Maghnes Akliouche,maghnes-akliouche,France,FR,Paris Saint-Germain FC,LIGUE_1,Forward,FORWARD,2002-02-25,,,true,50,,https://crests.football-data.org/524.png
Desire Doue,desire-doue,France,FR,Paris Saint-Germain FC,LIGUE_1,Forward,FORWARD,2005-06-03,,,true,50,,https://crests.football-data.org/524.png
Mika Godts,mika-godts,Belgium,BE,Paris Saint-Germain FC,LIGUE_1,Forward,FORWARD,2005-06-07,,,true,50,,https://crests.football-data.org/524.png
Ibrahim M'Baye,ibrahim-m-baye,Senegal,SN,Paris Saint-Germain FC,LIGUE_1,Forward,FORWARD,2008-01-24,,,true,50,,https://crests.football-data.org/524.png
Quentin Ndjantou,quentin-ndjantou,France,FR,Paris Saint-Germain FC,LIGUE_1,Forward,FORWARD,2007-07-23,,,true,50,,https://crests.football-data.org/524.png
Benjamin Leroy,benjamin-leroy,France,FR,FC Lorient,LIGUE_1,Goalkeeper,GOALKEEPER,1989-04-07,,,true,50,,https://crests.football-data.org/525.png
Bingourou Kamara,bingourou-kamara,Senegal,SN,FC Lorient,LIGUE_1,Goalkeeper,GOALKEEPER,1996-10-21,,,true,50,,https://crests.football-data.org/525.png
Yvon Mvogo,yvon-mvogo,Switzerland,CH,FC Lorient,LIGUE_1,Goalkeeper,GOALKEEPER,1994-06-06,,,true,50,,https://crests.football-data.org/525.png
Alec Georgen,alec-georgen,France,FR,FC Lorient,LIGUE_1,Defender,DEFENDER,1998-09-17,,,true,50,,https://crests.football-data.org/525.png
Souleymane Isaak Toure,souleymane-isaak-toure,France,FR,FC Lorient,LIGUE_1,Defender,DEFENDER,2003-03-28,,,true,50,,https://crests.football-data.org/525.png
Formose Mendy,formose-mendy,Senegal,SN,FC Lorient,LIGUE_1,Defender,DEFENDER,2001-01-02,,,true,50,,https://crests.football-data.org/525.png
Montassar Talbi,montassar-talbi,Tunisia,TN,FC Lorient,LIGUE_1,Defender,DEFENDER,1998-05-26,,,true,50,,https://crests.football-data.org/525.png
Dembo Sylla,dembo-sylla,Guinea,GN,FC Lorient,LIGUE_1,Defender,DEFENDER,2002-11-10,,,true,50,,https://crests.football-data.org/525.png
Nathaniel Adjei,nathaniel-adjei,Ghana,GH,FC Lorient,LIGUE_1,Defender,DEFENDER,2002-08-21,,,true,50,,https://crests.football-data.org/525.png
Kan Guy Arsène Kouassi,kan-guy-arsene-kouassi,Burkina Faso,BF,FC Lorient,LIGUE_1,Defender,DEFENDER,2004-09-11,,,true,50,,https://crests.football-data.org/525.png
Enzo Genton,enzo-genton,France,FR,FC Lorient,LIGUE_1,Defender,DEFENDER,2006-03-31,,,true,50,,https://crests.football-data.org/525.png
Jean-Victor Makengo,jean-victor-makengo,France,FR,FC Lorient,LIGUE_1,Midfielder,MIDFIELDER,1998-06-12,,,true,50,,https://crests.football-data.org/525.png
Noah Cadiou,noah-cadiou,France,FR,FC Lorient,LIGUE_1,Midfielder,MIDFIELDER,1998-10-26,,,true,50,,https://crests.football-data.org/525.png
Bandiougou Fadiga,bandiougou-fadiga,France,FR,FC Lorient,LIGUE_1,Midfielder,MIDFIELDER,2001-01-15,,,true,50,,https://crests.football-data.org/525.png
Joel Mugisha,joel-mugisha,Norway,NO,FC Lorient,LIGUE_1,Midfielder,MIDFIELDER,2002-11-12,,,true,50,,https://crests.football-data.org/525.png
Noah Mbamba,noah-mbamba-1,Belgium,BE,FC Lorient,LIGUE_1,Midfielder,MIDFIELDER,2005-01-05,,,true,50,,https://crests.football-data.org/525.png
Theo Le Bris,theo-le-bris,France,FR,FC Lorient,LIGUE_1,Midfielder,MIDFIELDER,2002-10-01,,,true,50,,https://crests.football-data.org/525.png
Panos Katseris,panos-katseris,Greece,GR,FC Lorient,LIGUE_1,Midfielder,MIDFIELDER,2001-07-05,,,true,50,,https://crests.football-data.org/525.png
Arthur Ebong,arthur-ebong,Cameroon,CM,FC Lorient,LIGUE_1,Midfielder,MIDFIELDER,2004-12-15,,,true,50,,https://crests.football-data.org/525.png
Gabin Bernardeau,gabin-bernardeau,France,FR,FC Lorient,LIGUE_1,Midfielder,MIDFIELDER,2006-01-24,,,true,50,,https://crests.football-data.org/525.png
Aiyegun Tosin,aiyegun-tosin,Benin,BJ,FC Lorient,LIGUE_1,Forward,FORWARD,1998-06-26,,,true,50,,https://crests.football-data.org/525.png
Mohamed Bamba,mohamed-bamba,Ivory Coast,CI,FC Lorient,LIGUE_1,Forward,FORWARD,2001-12-10,,,true,50,,https://crests.football-data.org/525.png
Jérémy Hatchi,jeremy-hatchi,Guadeloupe,XX,FC Lorient,LIGUE_1,Forward,FORWARD,2005-06-13,,,true,50,,https://crests.football-data.org/525.png
Souleymane Faye,souleymane-faye,Senegal,SN,FC Lorient,LIGUE_1,Forward,FORWARD,2003-02-08,,,true,50,,https://crests.football-data.org/525.png
Nicolas Lemaître,nicolas-lemaitre,France,FR,Stade Rennais FC 1901,LIGUE_1,Goalkeeper,GOALKEEPER,1997-01-12,,,true,50,,https://crests.football-data.org/529.png
Brice Samba,brice-samba,France,FR,Stade Rennais FC 1901,LIGUE_1,Goalkeeper,GOALKEEPER,1994-04-25,,,true,50,,https://crests.football-data.org/529.png
Kilian Belazzoug,kilian-belazzoug,France,FR,Stade Rennais FC 1901,LIGUE_1,Goalkeeper,GOALKEEPER,2006-07-18,,,true,50,,https://crests.football-data.org/529.png
Przemysław Frankowski,przemys-aw-frankowski,Poland,PL,Stade Rennais FC 1901,LIGUE_1,Defender,DEFENDER,1995-04-12,,,true,50,,https://crests.football-data.org/529.png
Bryan Reynolds,bryan-reynolds,USA,US,Stade Rennais FC 1901,LIGUE_1,Defender,DEFENDER,2001-06-28,,,true,50,,https://crests.football-data.org/529.png
Lilian Brassier,lilian-brassier,France,FR,Stade Rennais FC 1901,LIGUE_1,Defender,DEFENDER,1999-11-02,,,true,50,,https://crests.football-data.org/529.png
Alidu Seidu,alidu-seidu,Ghana,GH,Stade Rennais FC 1901,LIGUE_1,Defender,DEFENDER,2000-06-04,,,true,50,,https://crests.football-data.org/529.png
Anthony Rouault,anthony-rouault,France,FR,Stade Rennais FC 1901,LIGUE_1,Defender,DEFENDER,2001-05-29,,,true,50,,https://crests.football-data.org/529.png
Charlie Cresswell,charlie-cresswell-1,England,GB,Stade Rennais FC 1901,LIGUE_1,Defender,DEFENDER,2002-08-17,,,true,50,,https://crests.football-data.org/529.png
Quentin Merlin,quentin-merlin,France,FR,Stade Rennais FC 1901,LIGUE_1,Defender,DEFENDER,2002-05-16,,,true,50,,https://crests.football-data.org/529.png
Mahamadou Nagida,mahamadou-nagida,Cameroon,CM,Stade Rennais FC 1901,LIGUE_1,Defender,DEFENDER,2005-06-28,,,true,50,,https://crests.football-data.org/529.png
Rayan Bamba,rayan-bamba,France,FR,Stade Rennais FC 1901,LIGUE_1,Defender,DEFENDER,2004-05-14,,,true,50,,https://crests.football-data.org/529.png
Gonçalo Oliveira,goncalo-oliveira,Portugal,PT,Stade Rennais FC 1901,LIGUE_1,Defender,DEFENDER,2006-07-04,,,true,50,,https://crests.football-data.org/529.png
Abdelhamid Ait Boudlal,abdelhamid-ait-boudlal,Morocco,MA,Stade Rennais FC 1901,LIGUE_1,Defender,DEFENDER,2006-04-16,,,true,50,,https://crests.football-data.org/529.png
Jonathan Do Marcolino,jonathan-do-marcolino,France,FR,Stade Rennais FC 1901,LIGUE_1,Defender,DEFENDER,2006-05-10,,,true,50,,https://crests.football-data.org/529.png
Seko Fofana,seko-fofana,Ivory Coast,CI,Stade Rennais FC 1901,LIGUE_1,Midfielder,MIDFIELDER,1995-05-07,,,true,50,,https://crests.football-data.org/529.png
Mahdi Camara,mahdi-camara,France,FR,Stade Rennais FC 1901,LIGUE_1,Midfielder,MIDFIELDER,1998-06-30,,,true,50,,https://crests.football-data.org/529.png
Valentin Rongier,valentin-rongier,France,FR,Stade Rennais FC 1901,LIGUE_1,Midfielder,MIDFIELDER,1994-12-07,,,true,50,,https://crests.football-data.org/529.png
Adrien Thomasson,adrien-thomasson,France,FR,Stade Rennais FC 1901,LIGUE_1,Midfielder,MIDFIELDER,1993-12-10,,,true,50,,https://crests.football-data.org/529.png
Sebastian Szymański,sebastian-szymanski,Poland,PL,Stade Rennais FC 1901,LIGUE_1,Midfielder,MIDFIELDER,1999-05-10,,,true,50,,https://crests.football-data.org/529.png
Glen Kamara,glen-kamara,Finland,FI,Stade Rennais FC 1901,LIGUE_1,Midfielder,MIDFIELDER,1995-10-28,,,true,50,,https://crests.football-data.org/529.png
Ludovic Blas,ludovic-blas,France,FR,Stade Rennais FC 1901,LIGUE_1,Midfielder,MIDFIELDER,1997-12-31,,,true,50,,https://crests.football-data.org/529.png
Jordan James,jordan-james,Wales,GB,Stade Rennais FC 1901,LIGUE_1,Midfielder,MIDFIELDER,2004-07-02,,,true,50,,https://crests.football-data.org/529.png
Ayanda Sishuba,ayanda-sishuba,Belgium,BE,Stade Rennais FC 1901,LIGUE_1,Midfielder,MIDFIELDER,2005-02-02,,,true,50,,https://crests.football-data.org/529.png
Djaoui Cissé,djaoui-cisse,France,FR,Stade Rennais FC 1901,LIGUE_1,Midfielder,MIDFIELDER,2004-01-31,,,true,50,,https://crests.football-data.org/529.png
Arnaud Nordin,arnaud-nordin,France,FR,Stade Rennais FC 1901,LIGUE_1,Forward,FORWARD,1998-06-17,,,true,50,,https://crests.football-data.org/529.png
Breel Embolo,breel-embolo,Switzerland,CH,Stade Rennais FC 1901,LIGUE_1,Forward,FORWARD,1997-02-14,,,true,50,,https://crests.football-data.org/529.png
Musa Al Taamari,musa-al-taamari,Jordan,JO,Stade Rennais FC 1901,LIGUE_1,Forward,FORWARD,1997-06-10,,,true,50,,https://crests.football-data.org/529.png
Esteban Lepaul,esteban-lepaul,France,FR,Stade Rennais FC 1901,LIGUE_1,Forward,FORWARD,2000-04-18,,,true,50,,https://crests.football-data.org/529.png
Issa Soumaré,issa-soumare,Senegal,SN,Stade Rennais FC 1901,LIGUE_1,Forward,FORWARD,2000-10-10,,,true,50,,https://crests.football-data.org/529.png
Eliezer Mayenda,eliezer-mayenda,Spain,ES,Stade Rennais FC 1901,LIGUE_1,Forward,FORWARD,2005-05-08,,,true,50,,https://crests.football-data.org/529.png
Yassir Zabiri,yassir-zabiri-1,Morocco,MA,Stade Rennais FC 1901,LIGUE_1,Forward,FORWARD,2005-02-23,,,true,50,,https://crests.football-data.org/529.png
Nordan Mukiele,nordan-mukiele,France,FR,Stade Rennais FC 1901,LIGUE_1,Forward,FORWARD,2006-02-12,,,true,50,,https://crests.football-data.org/529.png
Elias Legendre Quiñonez,elias-legendre-quinonez,Ecuador,EC,Stade Rennais FC 1901,LIGUE_1,Forward,FORWARD,2008-04-22,,,true,50,,https://crests.football-data.org/529.png
Zacharie Boucher,zacharie-boucher,France,FR,ES Troyes AC,LIGUE_1,Goalkeeper,GOALKEEPER,1992-03-07,,,true,50,,https://crests.football-data.org/531.png
Hillel Konaté,hillel-konate,Burkina Faso,BF,ES Troyes AC,LIGUE_1,Goalkeeper,GOALKEEPER,1994-12-28,,,true,50,,https://crests.football-data.org/531.png
Patrick Beach,patrick-beach,Australia,AU,ES Troyes AC,LIGUE_1,Goalkeeper,GOALKEEPER,2003-08-06,,,true,50,,https://crests.football-data.org/531.png
Adrien Monfray,adrien-monfray,France,FR,ES Troyes AC,LIGUE_1,Defender,DEFENDER,1990-12-20,,,true,50,,https://crests.football-data.org/531.png
Paolo Gozzi Iweru,paolo-gozzi-iweru,Italy,IT,ES Troyes AC,LIGUE_1,Defender,DEFENDER,2001-04-25,,,true,50,,https://crests.football-data.org/531.png
Ismaëlben Boura,ismaelben-boura,Comoros,KM,ES Troyes AC,LIGUE_1,Defender,DEFENDER,2000-08-14,,,true,50,,https://crests.football-data.org/531.png
Thierno Baldé,thierno-balde,France,FR,ES Troyes AC,LIGUE_1,Defender,DEFENDER,2002-06-10,,,true,50,,https://crests.football-data.org/531.png
Lucas Maronnier,lucas-maronnier,France,FR,ES Troyes AC,LIGUE_1,Defender,DEFENDER,2000-03-09,,,true,50,,https://crests.football-data.org/531.png
Michel Diaz,michel-diaz,France,FR,ES Troyes AC,LIGUE_1,Defender,DEFENDER,2003-07-23,,,true,50,,https://crests.football-data.org/531.png
Yvann Titi,yvann-titi,France,FR,ES Troyes AC,LIGUE_1,Defender,DEFENDER,2006-05-05,,,true,50,,https://crests.football-data.org/531.png
Sankhoun Diawara,sankhoun-diawara-1,France,FR,ES Troyes AC,LIGUE_1,Defender,DEFENDER,2006-01-13,,,true,50,,https://crests.football-data.org/531.png
Tom Akpakoun,tom-akpakoun,France,FR,ES Troyes AC,LIGUE_1,Defender,DEFENDER,2005-04-22,,,true,50,,https://crests.football-data.org/531.png
Anis Ouzenadji,anis-ouzenadji,France,FR,ES Troyes AC,LIGUE_1,Defender,DEFENDER,2006-11-04,,,true,50,,https://crests.football-data.org/531.png
Alexandre Phliponeau,alexandre-phliponeau,France,FR,ES Troyes AC,LIGUE_1,Midfielder,MIDFIELDER,2000-01-26,,,true,50,,https://crests.football-data.org/531.png
Iron Gomis,iron-gomis,France,FR,ES Troyes AC,LIGUE_1,Midfielder,MIDFIELDER,1999-11-08,,,true,50,,https://crests.football-data.org/531.png
Antoine Mille,antoine-mille,France,FR,ES Troyes AC,LIGUE_1,Midfielder,MIDFIELDER,1997-08-14,,,true,50,,https://crests.football-data.org/531.png
Mouhamed Diop,mouhamed-diop,Senegal,SN,ES Troyes AC,LIGUE_1,Midfielder,MIDFIELDER,2000-09-30,,,true,50,,https://crests.football-data.org/531.png
Hugo Picard,hugo-picard,France,FR,ES Troyes AC,LIGUE_1,Midfielder,MIDFIELDER,2003-05-09,,,true,50,,https://crests.football-data.org/531.png
Roman Murcy,roman-murcy,France,FR,ES Troyes AC,LIGUE_1,Midfielder,MIDFIELDER,2006-02-23,,,true,50,,https://crests.football-data.org/531.png
Renaud Ripart,renaud-ripart,France,FR,ES Troyes AC,LIGUE_1,Forward,FORWARD,1993-03-14,,,true,50,,https://crests.football-data.org/531.png
Kandet Diawara,kandet-diawara,Guinea,GN,ES Troyes AC,LIGUE_1,Forward,FORWARD,2000-02-10,,,true,50,,https://crests.football-data.org/531.png
Ibrahim Traoré,ibrahim-traore,France,FR,ES Troyes AC,LIGUE_1,Forward,FORWARD,2006-03-12,,,true,50,,https://crests.football-data.org/531.png
Merwan Ifnaoui,merwan-ifnaoui,France,FR,ES Troyes AC,LIGUE_1,Forward,FORWARD,1998-10-22,,,true,50,,https://crests.football-data.org/531.png
Amadou Diakite,amadou-diakite,France,FR,ES Troyes AC,LIGUE_1,Forward,FORWARD,2005-05-31,,,true,50,,https://crests.football-data.org/531.png
Elijah Olaniyi Odede,elijah-olaniyi-odede,Nigeria,NG,ES Troyes AC,LIGUE_1,Forward,FORWARD,2007-01-12,,,true,50,,https://crests.football-data.org/531.png
Anthony Lopes,anthony-lopes,Portugal,PT,Angers SCO,LIGUE_1,Goalkeeper,GOALKEEPER,1990-10-01,,,true,50,,https://crests.football-data.org/532.png
Melvin Zinga,melvin-zinga,France,FR,Angers SCO,LIGUE_1,Goalkeeper,GOALKEEPER,2002-03-16,,,true,50,,https://crests.football-data.org/532.png
Oumar Pona,oumar-pona,Mali,ML,Angers SCO,LIGUE_1,Goalkeeper,GOALKEEPER,2006-06-21,,,true,50,,https://crests.football-data.org/532.png
Carlens Arcus,carlens-arcus,Haiti,HT,Angers SCO,LIGUE_1,Defender,DEFENDER,1996-06-28,,,true,50,,https://crests.football-data.org/532.png
Jordan Lefort,jordan-lefort,France,FR,Angers SCO,LIGUE_1,Defender,DEFENDER,1993-08-09,,,true,50,,https://crests.football-data.org/532.png
Ousman Camara,ousman-camara,France,FR,Angers SCO,LIGUE_1,Defender,DEFENDER,2003-03-06,,,true,50,,https://crests.football-data.org/532.png
Jacques Ekomie,jacques-ekomie,Gabon,GA,Angers SCO,LIGUE_1,Defender,DEFENDER,2003-08-19,,,true,50,,https://crests.football-data.org/532.png
Emmanuel Biumla,emmanuel-biumla,France,FR,Angers SCO,LIGUE_1,Defender,DEFENDER,2005-05-08,,,true,50,,https://crests.football-data.org/532.png
Lilian Rao-Lisoa,lilian-rao-lisoa,France,FR,Angers SCO,LIGUE_1,Defender,DEFENDER,2000-06-16,,,true,50,,https://crests.football-data.org/532.png
Joseph Kalulu,joseph-kalulu,France,FR,Angers SCO,LIGUE_1,Defender,DEFENDER,2004-11-29,,,true,50,,https://crests.football-data.org/532.png
Marius Louãr,marius-louar,France,FR,Angers SCO,LIGUE_1,Defender,DEFENDER,2007-03-11,,,true,50,,https://crests.football-data.org/532.png
Dan Sinaté,dan-sinate,France,FR,Angers SCO,LIGUE_1,Defender,DEFENDER,2006-06-09,,,true,50,,https://crests.football-data.org/532.png
Haris Belkebla,haris-belkebla,Algeria,DZ,Angers SCO,LIGUE_1,Midfielder,MIDFIELDER,1994-01-28,,,true,50,,https://crests.football-data.org/532.png
Branco van den Boomen,branco-van-den-boomen,Netherlands,NL,Angers SCO,LIGUE_1,Midfielder,MIDFIELDER,1995-07-21,,,true,50,,https://crests.football-data.org/532.png
Louis Mouton,louis-mouton,France,FR,Angers SCO,LIGUE_1,Midfielder,MIDFIELDER,2002-06-03,,,true,50,,https://crests.football-data.org/532.png
Yassin Belkhdim,yassin-belkhdim,Morocco,MA,Angers SCO,LIGUE_1,Midfielder,MIDFIELDER,2002-02-14,,,true,50,,https://crests.football-data.org/532.png
Marius Courcoul,marius-courcoul,France,FR,Angers SCO,LIGUE_1,Midfielder,MIDFIELDER,2007-01-01,,,true,50,,https://crests.football-data.org/532.png
Jim Allevinah,jim-allevinah,Gabon,GA,Angers SCO,LIGUE_1,Forward,FORWARD,1995-02-27,,,true,50,,https://crests.football-data.org/532.png
Amine El Ouazzani,amine-el-ouazzani,France,FR,Angers SCO,LIGUE_1,Forward,FORWARD,2001-07-15,,,true,50,,https://crests.football-data.org/532.png
Mamadou Usman Simbakoli,mamadou-usman-simbakoli,Central African Republic,CF,Angers SCO,LIGUE_1,Forward,FORWARD,2001-04-19,,,true,50,,https://crests.football-data.org/532.png
Amine Sbaï,amine-sbai,France,FR,Angers SCO,LIGUE_1,Forward,FORWARD,2000-11-05,,,true,50,,https://crests.football-data.org/532.png
Anthony Bermont,anthony-bermont,France,FR,Angers SCO,LIGUE_1,Forward,FORWARD,2005-02-10,,,true,50,,https://crests.football-data.org/532.png
Prosper Peter,prosper-peter,Nigeria,NG,Angers SCO,LIGUE_1,Forward,FORWARD,2007-08-09,,,true,50,,https://crests.football-data.org/532.png
Harouna Djibirin,harouna-djibirin,Cameroon,CM,Angers SCO,LIGUE_1,Forward,FORWARD,2006-11-05,,,true,50,,https://crests.football-data.org/532.png
Mory Diaw,mory-diaw,Senegal,SN,Le Havre AC,LIGUE_1,Goalkeeper,GOALKEEPER,1993-06-22,,,true,50,,https://crests.football-data.org/533.png
Lionel Mpasi,lionel-mpasi,Congo DR,CD,Le Havre AC,LIGUE_1,Goalkeeper,GOALKEEPER,1994-08-01,,,true,50,,https://crests.football-data.org/533.png
Paul Argney,paul-argney,France,FR,Le Havre AC,LIGUE_1,Goalkeeper,GOALKEEPER,2006-05-23,,,true,50,,https://crests.football-data.org/533.png
Vincent Sasso,vincent-sasso,France,FR,Le Havre AC,LIGUE_1,Defender,DEFENDER,1991-02-16,,,true,50,,https://crests.football-data.org/533.png
Ayumu Seko,ayumu-seko,Japan,JP,Le Havre AC,LIGUE_1,Defender,DEFENDER,2000-06-07,,,true,50,,https://crests.football-data.org/533.png
Timothee Pembele,timothee-pembele-1,France,FR,Le Havre AC,LIGUE_1,Defender,DEFENDER,2002-09-09,,,true,50,,https://crests.football-data.org/533.png
Fodé Doucouré,fode-doucoure,Mali,ML,Le Havre AC,LIGUE_1,Defender,DEFENDER,2001-02-03,,,true,50,,https://crests.football-data.org/533.png
Yanis Zouaoui,yanis-zouaoui,France,FR,Le Havre AC,LIGUE_1,Defender,DEFENDER,1998-04-20,,,true,50,,https://crests.football-data.org/533.png
Stephan Zagadou,stephan-zagadou,France,FR,Le Havre AC,LIGUE_1,Defender,DEFENDER,2008-10-24,,,true,50,,https://crests.football-data.org/533.png
Enzo Koffi,enzo-koffi,France,FR,Le Havre AC,LIGUE_1,Defender,DEFENDER,2006-03-04,,,true,50,,https://crests.football-data.org/533.png
Kaito Mizuta,kaito-mizuta,Japan,JP,Le Havre AC,LIGUE_1,Midfielder,MIDFIELDER,2000-04-08,,,true,50,,https://crests.football-data.org/533.png
Amir Richardson,amir-richardson,Morocco,MA,Le Havre AC,LIGUE_1,Midfielder,MIDFIELDER,2002-01-24,,,true,50,,https://crests.football-data.org/533.png
Rassoul N'Diaye,rassoul-n-diaye,France,FR,Le Havre AC,LIGUE_1,Midfielder,MIDFIELDER,2001-12-11,,,true,50,,https://crests.football-data.org/533.png
Junior Mwanga,junior-mwanga,France,FR,Le Havre AC,LIGUE_1,Midfielder,MIDFIELDER,2003-05-11,,,true,50,,https://crests.football-data.org/533.png
Simon Ebonog,simon-ebonog,France,FR,Le Havre AC,LIGUE_1,Midfielder,MIDFIELDER,2004-08-16,,,true,50,,https://crests.football-data.org/533.png
Makrane Bentoumi,makrane-bentoumi,France,FR,Le Havre AC,LIGUE_1,Midfielder,MIDFIELDER,2005-11-16,,,true,50,,https://crests.football-data.org/533.png
Ismail Bouneb,ismail-bouneb,France,FR,Le Havre AC,LIGUE_1,Midfielder,MIDFIELDER,2006-06-07,,,true,50,,https://crests.football-data.org/533.png
Daren Mosengo,daren-mosengo,France,FR,Le Havre AC,LIGUE_1,Midfielder,MIDFIELDER,2006-08-11,,,true,50,,https://crests.football-data.org/533.png
Guy Zohouri,guy-zohouri,Ivory Coast,CI,Le Havre AC,LIGUE_1,Midfielder,MIDFIELDER,2007-02-01,,,true,50,,https://crests.football-data.org/533.png
Josh Maja,josh-maja,Nigeria,NG,Le Havre AC,LIGUE_1,Forward,FORWARD,1998-12-27,,,true,50,,https://crests.football-data.org/533.png
Mbwana Samatta,mbwana-samatta,Tanzania,TZ,Le Havre AC,LIGUE_1,Forward,FORWARD,1992-12-13,,,true,50,,https://crests.football-data.org/533.png
Godson Kyeremeh,godson-kyeremeh,France,FR,Le Havre AC,LIGUE_1,Forward,FORWARD,2000-06-14,,,true,50,,https://crests.football-data.org/533.png
Felix Mambimbi,felix-mambimbi,Switzerland,CH,Le Havre AC,LIGUE_1,Forward,FORWARD,2001-01-18,,,true,50,,https://crests.football-data.org/533.png
Andy Logbo,andy-logbo,France,FR,Le Havre AC,LIGUE_1,Forward,FORWARD,2004-05-06,,,true,50,,https://crests.football-data.org/533.png
Noam Obougou,noam-obougou,France,FR,Le Havre AC,LIGUE_1,Forward,FORWARD,2006-03-15,,,true,50,,https://crests.football-data.org/533.png
Joan Tincres,joan-tincres,France,FR,Le Havre AC,LIGUE_1,Forward,FORWARD,2006-06-17,,,true,50,,https://crests.football-data.org/533.png
Sota Nakamura,sota-nakamura,Japan,JP,Le Havre AC,LIGUE_1,Forward,FORWARD,2002-10-15,,,true,50,,https://crests.football-data.org/533.png
Nicolas Kocik,nicolas-kocik,France,FR,Le Mans FC,LIGUE_1,Goalkeeper,GOALKEEPER,1998-08-04,,,true,50,,https://upload.wikimedia.org/wikipedia/en/5/57/Le_Mans_FC_logo.svg
Ewan Hatfout,ewan-hatfout,France,FR,Le Mans FC,LIGUE_1,Goalkeeper,GOALKEEPER,2000-04-01,,,true,50,,https://upload.wikimedia.org/wikipedia/en/5/57/Le_Mans_FC_logo.svg
Augustin Delbecque,augustin-delbecque,France,FR,Le Mans FC,LIGUE_1,Goalkeeper,GOALKEEPER,2002-02-03,,,true,50,,https://upload.wikimedia.org/wikipedia/en/5/57/Le_Mans_FC_logo.svg
Lucas Buadés,lucas-buades,France,FR,Le Mans FC,LIGUE_1,Defender,DEFENDER,1997-12-28,,,true,50,,https://upload.wikimedia.org/wikipedia/en/5/57/Le_Mans_FC_logo.svg
Samuel Yohou,samuel-yohou,France,FR,Le Mans FC,LIGUE_1,Defender,DEFENDER,1991-08-06,,,true,50,,https://upload.wikimedia.org/wikipedia/en/5/57/Le_Mans_FC_logo.svg
Djibril Sidibé,djibril-sidibe,France,FR,Le Mans FC,LIGUE_1,Defender,DEFENDER,1992-07-29,,,true,50,,https://upload.wikimedia.org/wikipedia/en/5/57/Le_Mans_FC_logo.svg
Yasser Larouci,yasser-larouci,Algeria,DZ,Le Mans FC,LIGUE_1,Defender,DEFENDER,2001-01-01,,,true,50,,https://upload.wikimedia.org/wikipedia/en/5/57/Le_Mans_FC_logo.svg
Raúl Torrente,raul-torrente,Spain,ES,Le Mans FC,LIGUE_1,Defender,DEFENDER,2001-09-11,,,true,50,,https://upload.wikimedia.org/wikipedia/en/5/57/Le_Mans_FC_logo.svg
Harold Voyer,harold-voyer,Martinique,XX,Le Mans FC,LIGUE_1,Defender,DEFENDER,1997-03-26,,,true,50,,https://upload.wikimedia.org/wikipedia/en/5/57/Le_Mans_FC_logo.svg
Lucas Calodat,lucas-calodat,France,FR,Le Mans FC,LIGUE_1,Defender,DEFENDER,2002-02-06,,,true,50,,https://upload.wikimedia.org/wikipedia/en/5/57/Le_Mans_FC_logo.svg
Rayan Bamba,rayan-bamba-1,France,FR,Le Mans FC,LIGUE_1,Defender,DEFENDER,2004-05-14,,,true,50,,https://upload.wikimedia.org/wikipedia/en/5/57/Le_Mans_FC_logo.svg
Théo Eyoum,theo-eyoum,France,FR,Le Mans FC,LIGUE_1,Defender,DEFENDER,2002-01-07,,,true,50,,https://upload.wikimedia.org/wikipedia/en/5/57/Le_Mans_FC_logo.svg
Noa Boisse,noa-boisse,France,FR,Le Mans FC,LIGUE_1,Defender,DEFENDER,2006-01-20,,,true,50,,https://upload.wikimedia.org/wikipedia/en/5/57/Le_Mans_FC_logo.svg
Edwin Quarshie,edwin-quarshie,France,FR,Le Mans FC,LIGUE_1,Midfielder,MIDFIELDER,1995-10-25,,,true,50,,https://upload.wikimedia.org/wikipedia/en/5/57/Le_Mans_FC_logo.svg
Alexandre Lauray,alexandre-lauray,France,FR,Le Mans FC,LIGUE_1,Midfielder,MIDFIELDER,1997-03-18,,,true,50,,https://upload.wikimedia.org/wikipedia/en/5/57/Le_Mans_FC_logo.svg
Jean Vercruysse,jean-vercruysse,France,FR,Le Mans FC,LIGUE_1,Midfielder,MIDFIELDER,2000-07-03,,,true,50,,https://upload.wikimedia.org/wikipedia/en/5/57/Le_Mans_FC_logo.svg
Milan Robin,milan-robin,France,FR,Le Mans FC,LIGUE_1,Midfielder,MIDFIELDER,1999-11-24,,,true,50,,https://upload.wikimedia.org/wikipedia/en/5/57/Le_Mans_FC_logo.svg
Martin Rossignol,martin-rossignol,France,FR,Le Mans FC,LIGUE_1,Midfielder,MIDFIELDER,2003-11-03,,,true,50,,https://upload.wikimedia.org/wikipedia/en/5/57/Le_Mans_FC_logo.svg
Lucas Bretelle,lucas-bretelle,France,FR,Le Mans FC,LIGUE_1,Midfielder,MIDFIELDER,2002-04-17,,,true,50,,https://upload.wikimedia.org/wikipedia/en/5/57/Le_Mans_FC_logo.svg
Adil Bourabaa,adil-bourabaa,Algeria,DZ,Le Mans FC,LIGUE_1,Midfielder,MIDFIELDER,2005-03-09,,,true,50,,https://upload.wikimedia.org/wikipedia/en/5/57/Le_Mans_FC_logo.svg
Antoine Rabillard,antoine-rabillard,France,FR,Le Mans FC,LIGUE_1,Forward,FORWARD,1995-09-22,,,true,50,,https://upload.wikimedia.org/wikipedia/en/5/57/Le_Mans_FC_logo.svg
Dame Guèye,dame-gueye,Senegal,SN,Le Mans FC,LIGUE_1,Forward,FORWARD,1995-08-12,,,true,50,,https://upload.wikimedia.org/wikipedia/en/5/57/Le_Mans_FC_logo.svg
Louis Mafouta,louis-mafouta,Central African Republic,CF,Le Mans FC,LIGUE_1,Forward,FORWARD,1994-07-02,,,true,50,,https://upload.wikimedia.org/wikipedia/en/5/57/Le_Mans_FC_logo.svg
Erwan Colas,erwan-colas,France,FR,Le Mans FC,LIGUE_1,Forward,FORWARD,1997-04-22,,,true,50,,https://upload.wikimedia.org/wikipedia/en/5/57/Le_Mans_FC_logo.svg
Bilal Brahimi,bilal-brahimi,France,FR,Le Mans FC,LIGUE_1,Forward,FORWARD,2000-03-14,,,true,50,,https://upload.wikimedia.org/wikipedia/en/5/57/Le_Mans_FC_logo.svg
Enzo Vagner,enzo-vagner,Brazil,BR,Le Mans FC,LIGUE_1,Forward,FORWARD,2006-07-28,,,true,50,,https://upload.wikimedia.org/wikipedia/en/5/57/Le_Mans_FC_logo.svg
William Harhouz,william-harhouz,France,FR,Le Mans FC,LIGUE_1,Forward,FORWARD,1999-12-30,,,true,50,,https://upload.wikimedia.org/wikipedia/en/5/57/Le_Mans_FC_logo.svg
Hervé Koffi,herve-koffi,Burkina Faso,BF,Racing Club de Lens,LIGUE_1,Goalkeeper,GOALKEEPER,1996-10-16,,,true,50,,https://crests.football-data.org/546.png
Mathieu Gorgelin,mathieu-gorgelin,France,FR,Racing Club de Lens,LIGUE_1,Goalkeeper,GOALKEEPER,1990-08-05,,,true,50,,https://crests.football-data.org/546.png
Régis Gurtner,regis-gurtner,France,FR,Racing Club de Lens,LIGUE_1,Goalkeeper,GOALKEEPER,1986-12-08,,,true,50,,https://crests.football-data.org/546.png
Robin Risser,robin-risser,France,FR,Racing Club de Lens,LIGUE_1,Goalkeeper,GOALKEEPER,2004-12-02,,,true,50,,https://crests.football-data.org/546.png
Ilan Jourdren,ilan-jourdren,France,FR,Racing Club de Lens,LIGUE_1,Goalkeeper,GOALKEEPER,2008-07-17,,,true,50,,https://crests.football-data.org/546.png
Jonathan Gradit,jonathan-gradit,France,FR,Racing Club de Lens,LIGUE_1,Defender,DEFENDER,1992-11-24,,,true,50,,https://crests.football-data.org/546.png
Ruben Aguilar,ruben-aguilar,France,FR,Racing Club de Lens,LIGUE_1,Defender,DEFENDER,1993-04-26,,,true,50,,https://crests.football-data.org/546.png
Matthieu Udol,matthieu-udol,France,FR,Racing Club de Lens,LIGUE_1,Defender,DEFENDER,1996-03-20,,,true,50,,https://crests.football-data.org/546.png
Maik Nawrocki,maik-nawrocki,Poland,PL,Racing Club de Lens,LIGUE_1,Defender,DEFENDER,2001-02-07,,,true,50,,https://crests.football-data.org/546.png
Saud Abdulhamid,saud-abdulhamid,Saudi Arabia,SA,Racing Club de Lens,LIGUE_1,Defender,DEFENDER,1999-07-18,,,true,50,,https://crests.football-data.org/546.png
Jhoanner Chavez,jhoanner-chavez,Ecuador,EC,Racing Club de Lens,LIGUE_1,Defender,DEFENDER,2002-04-25,,,true,50,,https://crests.football-data.org/546.png
Samson Baidoo,samson-baidoo,Austria,AT,Racing Club de Lens,LIGUE_1,Defender,DEFENDER,2004-03-31,,,true,50,,https://crests.football-data.org/546.png
Pierre Ganiou,pierre-ganiou,France,FR,Racing Club de Lens,LIGUE_1,Defender,DEFENDER,2005-03-14,,,true,50,,https://crests.football-data.org/546.png
Nidal Čelik,nidal-celik,Bosnia-Herzegovina,BA,Racing Club de Lens,LIGUE_1,Defender,DEFENDER,2006-07-17,,,true,50,,https://crests.football-data.org/546.png
Kyllian Antonio,kyllian-antonio,France,FR,Racing Club de Lens,LIGUE_1,Defender,DEFENDER,2008-01-04,,,true,50,,https://crests.football-data.org/546.png
Souleymane Sagnan,souleymane-sagnan,Mali,ML,Racing Club de Lens,LIGUE_1,Defender,DEFENDER,2006-05-06,,,true,50,,https://crests.football-data.org/546.png
Thorgan Hazard,thorgan-hazard,Belgium,BE,Racing Club de Lens,LIGUE_1,Midfielder,MIDFIELDER,1993-03-29,,,true,50,,https://crests.football-data.org/546.png
Mickaël Cuisance,mickael-cuisance,France,FR,Racing Club de Lens,LIGUE_1,Midfielder,MIDFIELDER,1999-08-16,,,true,50,,https://crests.football-data.org/546.png
Amadou Haïdara,amadou-haidara,Mali,ML,Racing Club de Lens,LIGUE_1,Midfielder,MIDFIELDER,1998-01-31,,,true,50,,https://crests.football-data.org/546.png
Mamadou Sangare,mamadou-sangare-1,Mali,ML,Racing Club de Lens,LIGUE_1,Midfielder,MIDFIELDER,2002-06-26,,,true,50,,https://crests.football-data.org/546.png
Alpha Diallo,alpha-diallo,France,FR,Racing Club de Lens,LIGUE_1,Midfielder,MIDFIELDER,2006-02-25,,,true,50,,https://crests.football-data.org/546.png
Yacine Titraoui,yacine-titraoui,Algeria,DZ,Racing Club de Lens,LIGUE_1,Midfielder,MIDFIELDER,2003-07-26,,,true,50,,https://crests.football-data.org/546.png
Andrija Bulatović,andrija-bulatovic,Montenegro,ME,Racing Club de Lens,LIGUE_1,Midfielder,MIDFIELDER,2006-12-27,,,true,50,,https://crests.football-data.org/546.png
Mezian Soares,mezian-soares,Portugal,PT,Racing Club de Lens,LIGUE_1,Midfielder,MIDFIELDER,2009-11-08,,,true,50,,https://crests.football-data.org/546.png
Florian Thauvin,florian-thauvin,France,FR,Racing Club de Lens,LIGUE_1,Forward,FORWARD,1993-01-26,,,true,50,,https://crests.football-data.org/546.png
Odsonne Edouard,odsonne-edouard,France,FR,Racing Club de Lens,LIGUE_1,Forward,FORWARD,1998-01-16,,,true,50,,https://crests.football-data.org/546.png
Florian Sotoca,florian-sotoca,France,FR,Racing Club de Lens,LIGUE_1,Forward,FORWARD,1990-10-25,,,true,50,,https://crests.football-data.org/546.png
Michał Skóraś,micha-skoras,Poland,PL,Racing Club de Lens,LIGUE_1,Forward,FORWARD,2000-02-15,,,true,50,,https://crests.football-data.org/546.png
Abdallah Sima,abdallah-sima,Senegal,SN,Racing Club de Lens,LIGUE_1,Forward,FORWARD,2001-06-17,,,true,50,,https://crests.football-data.org/546.png
Franjo Ivanovic,franjo-ivanovic,Austria,AT,Racing Club de Lens,LIGUE_1,Forward,FORWARD,2003-10-01,,,true,50,,https://crests.football-data.org/546.png
Rémy Labeau Lascary,remy-labeau-lascary-1,Guadeloupe,XX,Racing Club de Lens,LIGUE_1,Forward,FORWARD,2003-03-03,,,true,50,,https://crests.football-data.org/546.png
Gabin Capuano,gabin-capuano,France,FR,Racing Club de Lens,LIGUE_1,Forward,FORWARD,2006-04-26,,,true,50,,https://crests.football-data.org/546.png
Rayan Fofana,rayan-fofana,France,FR,Racing Club de Lens,LIGUE_1,Forward,FORWARD,2006-02-12,,,true,50,,https://crests.football-data.org/546.png
Erawan Garnier,erawan-garnier,Thailand,TH,Racing Club de Lens,LIGUE_1,Forward,FORWARD,2006-01-05,,,true,50,,https://crests.football-data.org/546.png
Lukáš Hrádecký,lukas-hradecky,Finland,FI,AS Monaco FC,LIGUE_1,Goalkeeper,GOALKEEPER,1989-11-24,,,true,50,,https://crests.football-data.org/548.png
Philipp Köhn,philipp-kohn,Switzerland,CH,AS Monaco FC,LIGUE_1,Goalkeeper,GOALKEEPER,1998-04-02,,,true,50,,https://crests.football-data.org/548.png
Yann Lienard,yann-lienard,France,FR,AS Monaco FC,LIGUE_1,Goalkeeper,GOALKEEPER,2003-03-16,,,true,50,,https://crests.football-data.org/548.png
Eric Dier,eric-dier,England,GB,AS Monaco FC,LIGUE_1,Defender,DEFENDER,1994-01-15,,,true,50,,https://crests.football-data.org/548.png
Thilo Kehrer,thilo-kehrer,Germany,DE,AS Monaco FC,LIGUE_1,Defender,DEFENDER,1996-09-21,,,true,50,,https://crests.football-data.org/548.png
Jordan Teze,jordan-teze,Netherlands,NL,AS Monaco FC,LIGUE_1,Defender,DEFENDER,1999-09-30,,,true,50,,https://crests.football-data.org/548.png
Mohammed Salisu,mohammed-salisu,Ghana,GH,AS Monaco FC,LIGUE_1,Defender,DEFENDER,1999-04-17,,,true,50,,https://crests.football-data.org/548.png
Vanderson,vanderson,Brazil,BR,AS Monaco FC,LIGUE_1,Defender,DEFENDER,2001-06-21,,,true,50,,https://crests.football-data.org/548.png
Flávio Nazinho,flavio-nazinho,Portugal,PT,AS Monaco FC,LIGUE_1,Defender,DEFENDER,2003-07-20,,,true,50,,https://crests.football-data.org/548.png
Christian Mawissa,christian-mawissa,France,FR,AS Monaco FC,LIGUE_1,Defender,DEFENDER,2005-04-18,,,true,50,,https://crests.football-data.org/548.png
Sadibou Sané,sadibou-sane,Senegal,SN,AS Monaco FC,LIGUE_1,Defender,DEFENDER,2004-06-10,,,true,50,,https://crests.football-data.org/548.png
Samuel Nibombe,samuel-nibombe,Belgium,BE,AS Monaco FC,LIGUE_1,Defender,DEFENDER,2007-08-15,,,true,50,,https://crests.football-data.org/548.png
Paul Pogba,paul-pogba,France,FR,AS Monaco FC,LIGUE_1,Midfielder,MIDFIELDER,1993-03-15,,,true,50,,https://crests.football-data.org/548.png
Aleksandr Golovin,aleksandr-golovin,Russia,RU,AS Monaco FC,LIGUE_1,Midfielder,MIDFIELDER,1996-05-30,,,true,50,,https://crests.football-data.org/548.png
Denis Zakaria,denis-zakaria,Switzerland,CH,AS Monaco FC,LIGUE_1,Midfielder,MIDFIELDER,1996-11-20,,,true,50,,https://crests.football-data.org/548.png
Edan Diop,edan-diop,France,FR,AS Monaco FC,LIGUE_1,Midfielder,MIDFIELDER,2004-08-28,,,true,50,,https://crests.football-data.org/548.png
Lamine Camara,lamine-camara,Senegal,SN,AS Monaco FC,LIGUE_1,Midfielder,MIDFIELDER,2004-01-01,,,true,50,,https://crests.football-data.org/548.png
Stanis Idumbo-Muzambo,stanis-idumbo-muzambo,Belgium,BE,AS Monaco FC,LIGUE_1,Midfielder,MIDFIELDER,2005-06-29,,,true,50,,https://crests.football-data.org/548.png
Mamadou Coulibaly,mamadou-coulibaly,France,FR,AS Monaco FC,LIGUE_1,Midfielder,MIDFIELDER,2004-04-21,,,true,50,,https://crests.football-data.org/548.png
Pape Cabral,pape-cabral,France,FR,AS Monaco FC,LIGUE_1,Midfielder,MIDFIELDER,2007-01-20,,,true,50,,https://crests.football-data.org/548.png
Takumi Minamino,takumi-minamino,Japan,JP,AS Monaco FC,LIGUE_1,Forward,FORWARD,1995-01-16,,,true,50,,https://crests.football-data.org/548.png
Ansu Fati,ansu-fati,Spain,ES,AS Monaco FC,LIGUE_1,Forward,FORWARD,2002-10-31,,,true,50,,https://crests.football-data.org/548.png
Folarin Balogun,folarin-balogun,USA,US,AS Monaco FC,LIGUE_1,Forward,FORWARD,2001-07-03,,,true,50,,https://crests.football-data.org/548.png
Matthis Abline,matthis-abline,France,FR,AS Monaco FC,LIGUE_1,Forward,FORWARD,2003-03-28,,,true,50,,https://crests.football-data.org/548.png
Maghnes Akliouche,maghnes-akliouche-1,France,FR,AS Monaco FC,LIGUE_1,Forward,FORWARD,2002-02-25,,,true,50,,https://crests.football-data.org/548.png
Mika Biereth,mika-biereth,Denmark,DK,AS Monaco FC,LIGUE_1,Forward,FORWARD,2003-02-08,,,true,50,,https://crests.football-data.org/548.png
Paris Brunner,paris-brunner,Germany,DE,AS Monaco FC,LIGUE_1,Forward,FORWARD,2006-02-15,,,true,50,,https://crests.football-data.org/548.png
Lucas Michal,lucas-michal,France,FR,AS Monaco FC,LIGUE_1,Forward,FORWARD,2005-06-22,,,true,50,,https://crests.football-data.org/548.png
Mathys Detourbet,mathys-detourbet,France,FR,AS Monaco FC,LIGUE_1,Forward,FORWARD,2007-04-29,,,true,50,,https://crests.football-data.org/548.png
Filip Jörgensen,filip-jorgensen-1,Denmark,DK,RC Strasbourg Alsace,LIGUE_1,Goalkeeper,GOALKEEPER,2002-04-16,,,true,50,,https://crests.football-data.org/576.png
Miłosz Piekutowski,mi-osz-piekutowski,Poland,PL,RC Strasbourg Alsace,LIGUE_1,Goalkeeper,GOALKEEPER,2006-05-08,,,true,50,,https://crests.football-data.org/576.png
Ben Chilwell,ben-chilwell,England,GB,RC Strasbourg Alsace,LIGUE_1,Defender,DEFENDER,1996-12-21,,,true,50,,https://crests.football-data.org/576.png
Ismaël Doukouré,ismael-doukoure,France,FR,RC Strasbourg Alsace,LIGUE_1,Defender,DEFENDER,2003-07-24,,,true,50,,https://crests.football-data.org/576.png
Saïdou Sow,saidou-sow,Guinea,GN,RC Strasbourg Alsace,LIGUE_1,Defender,DEFENDER,2002-07-04,,,true,50,,https://crests.football-data.org/576.png
Andrew Omobamidele,andrew-omobamidele,Ireland,IE,RC Strasbourg Alsace,LIGUE_1,Defender,DEFENDER,2002-06-23,,,true,50,,https://crests.football-data.org/576.png
Soumaïla Coulibaly,soumaila-coulibaly,France,FR,RC Strasbourg Alsace,LIGUE_1,Defender,DEFENDER,2003-10-14,,,true,50,,https://crests.football-data.org/576.png
Abakar Sylla,abakar-sylla,Ivory Coast,CI,RC Strasbourg Alsace,LIGUE_1,Defender,DEFENDER,2002-12-25,,,true,50,,https://crests.football-data.org/576.png
Mateo Del Blanco,mateo-del-blanco,Argentina,AR,RC Strasbourg Alsace,LIGUE_1,Defender,DEFENDER,2003-10-31,,,true,50,,https://crests.football-data.org/576.png
Guéla Doué,guela-doue,Cote d'Ivoire,XX,RC Strasbourg Alsace,LIGUE_1,Defender,DEFENDER,2002-10-17,,,true,50,,https://crests.football-data.org/576.png
Yoni Gomis,yoni-gomis,France,FR,RC Strasbourg Alsace,LIGUE_1,Defender,DEFENDER,2005-09-23,,,true,50,,https://crests.football-data.org/576.png
Lucas Høgsberg,lucas-h-gsberg,Denmark,DK,RC Strasbourg Alsace,LIGUE_1,Defender,DEFENDER,2006-06-23,,,true,50,,https://crests.football-data.org/576.png
Jeyland Mitchell,jeyland-mitchell,Costa Rica,CR,RC Strasbourg Alsace,LIGUE_1,Defender,DEFENDER,2004-09-29,,,true,50,,https://crests.football-data.org/576.png
Abdoul Ouattara,abdoul-ouattara-1,Ivory Coast,CI,RC Strasbourg Alsace,LIGUE_1,Defender,DEFENDER,2005-10-22,,,true,50,,https://crests.football-data.org/576.png
Karim Coulibaly,karim-coulibaly-1,Germany,DE,RC Strasbourg Alsace,LIGUE_1,Defender,DEFENDER,2007-05-23,,,true,50,,https://crests.football-data.org/576.png
Genesis Antwi,genesis-antwi,England,GB,RC Strasbourg Alsace,LIGUE_1,Defender,DEFENDER,2007-05-11,,,true,50,,https://crests.football-data.org/576.png
Gio Reyna,gio-reyna-1,USA,US,RC Strasbourg Alsace,LIGUE_1,Midfielder,MIDFIELDER,2002-11-13,,,true,50,,https://crests.football-data.org/576.png
Julio Enciso,julio-enciso-1,Paraguay,PY,RC Strasbourg Alsace,LIGUE_1,Midfielder,MIDFIELDER,2004-01-23,,,true,50,,https://crests.football-data.org/576.png
Valentin Barco,valentin-barco-1,Argentina,AR,RC Strasbourg Alsace,LIGUE_1,Midfielder,MIDFIELDER,2004-07-23,,,true,50,,https://crests.football-data.org/576.png
Junior Mwanga,junior-mwanga-1,France,FR,RC Strasbourg Alsace,LIGUE_1,Midfielder,MIDFIELDER,2003-05-11,,,true,50,,https://crests.football-data.org/576.png
Diego Moreira,diego-moreira-1,Belgium,BE,RC Strasbourg Alsace,LIGUE_1,Midfielder,MIDFIELDER,2004-08-06,,,true,50,,https://crests.football-data.org/576.png
Pape Diop,pape-diop,Senegal,SN,RC Strasbourg Alsace,LIGUE_1,Midfielder,MIDFIELDER,2003-09-04,,,true,50,,https://crests.football-data.org/576.png
Maximillian Oyedele,maximillian-oyedele,Poland,PL,RC Strasbourg Alsace,LIGUE_1,Midfielder,MIDFIELDER,2004-11-07,,,true,50,,https://crests.football-data.org/576.png
Mathis Amougou,mathis-amougou,France,FR,RC Strasbourg Alsace,LIGUE_1,Midfielder,MIDFIELDER,2006-01-18,,,true,50,,https://crests.football-data.org/576.png
Samir El Mourabet,samir-el-mourabet,Morocco,MA,RC Strasbourg Alsace,LIGUE_1,Midfielder,MIDFIELDER,2005-10-06,,,true,50,,https://crests.football-data.org/576.png
Rabby Nzingoula,rabby-nzingoula,France,FR,RC Strasbourg Alsace,LIGUE_1,Midfielder,MIDFIELDER,2005-11-25,,,true,50,,https://crests.football-data.org/576.png
Benjamin Brantlind,benjamin-brantlind,Sweden,SE,RC Strasbourg Alsace,LIGUE_1,Midfielder,MIDFIELDER,2008-08-15,,,true,50,,https://crests.football-data.org/576.png
Pape Diong,pape-diong,Senegal,SN,RC Strasbourg Alsace,LIGUE_1,Midfielder,MIDFIELDER,2006-06-15,,,true,50,,https://crests.football-data.org/576.png
Diogo Lobão,diogo-lobao,Portugal,PT,RC Strasbourg Alsace,LIGUE_1,Midfielder,MIDFIELDER,2006-01-20,,,true,50,,https://crests.football-data.org/576.png
Sebastian Nanasi,sebastian-nanasi,Sweden,SE,RC Strasbourg Alsace,LIGUE_1,Forward,FORWARD,2002-05-16,,,true,50,,https://crests.football-data.org/576.png
Sekou Mara,sekou-mara,France,FR,RC Strasbourg Alsace,LIGUE_1,Forward,FORWARD,2002-07-30,,,true,50,,https://crests.football-data.org/576.png
Oscar Perea,oscar-perea,Colombia,CO,RC Strasbourg Alsace,LIGUE_1,Forward,FORWARD,2005-09-27,,,true,50,,https://crests.football-data.org/576.png
Joaquín Panichelli,joaquin-panichelli,Argentina,AR,RC Strasbourg Alsace,LIGUE_1,Forward,FORWARD,2002-10-07,,,true,50,,https://crests.football-data.org/576.png
Martial Godo,martial-godo,England,GB,RC Strasbourg Alsace,LIGUE_1,Forward,FORWARD,2003-03-14,,,true,50,,https://crests.football-data.org/576.png
Samuel Amo-Ameyaw,samuel-amo-ameyaw,England,GB,RC Strasbourg Alsace,LIGUE_1,Forward,FORWARD,2006-07-18,,,true,50,,https://crests.football-data.org/576.png
Fabio Baldé,fabio-balde-1,Germany,DE,RC Strasbourg Alsace,LIGUE_1,Forward,FORWARD,2005-07-20,,,true,50,,https://crests.football-data.org/576.png
Gessime Yassine,gessime-yassine,France,FR,RC Strasbourg Alsace,LIGUE_1,Forward,FORWARD,2005-11-22,,,true,50,,https://crests.football-data.org/576.png
Milos Lukovic,milos-lukovic,Serbia,RS,RC Strasbourg Alsace,LIGUE_1,Forward,FORWARD,2005-11-18,,,true,50,,https://crests.football-data.org/576.png
Rayane Messi,rayane-messi,France,FR,RC Strasbourg Alsace,LIGUE_1,Forward,FORWARD,2007-05-23,,,true,50,,https://crests.football-data.org/576.png
Yaya Diemé,yaya-dieme,Senegal,SN,RC Strasbourg Alsace,LIGUE_1,Forward,FORWARD,2007-10-16,,,true,50,,https://crests.football-data.org/576.png
Jacobo Ortega,jacobo-ortega,Spain,ES,RC Strasbourg Alsace,LIGUE_1,Forward,FORWARD,2006-05-29,,,true,50,,https://crests.football-data.org/576.png
Kevin Trapp,kevin-trapp,Germany,DE,Paris FC,LIGUE_1,Goalkeeper,GOALKEEPER,1990-07-08,,,true,50,,https://crests.football-data.org/1045.png
Obed Nkambadio,obed-nkambadio,France,FR,Paris FC,LIGUE_1,Goalkeeper,GOALKEEPER,2003-02-07,,,true,50,,https://crests.football-data.org/1045.png
Hamari Traoré,hamari-traore,Mali,ML,Paris FC,LIGUE_1,Defender,DEFENDER,1992-01-27,,,true,50,,https://crests.football-data.org/1045.png
Thibault De Smet,thibault-de-smet,Belgium,BE,Paris FC,LIGUE_1,Defender,DEFENDER,1998-06-05,,,true,50,,https://crests.football-data.org/1045.png
Tuomas Ollila,tuomas-ollila,Finland,FI,Paris FC,LIGUE_1,Defender,DEFENDER,2000-04-24,,,true,50,,https://crests.football-data.org/1045.png
Samir Chergui,samir-chergui,Algeria,DZ,Paris FC,LIGUE_1,Defender,DEFENDER,1999-02-06,,,true,50,,https://crests.football-data.org/1045.png
Otavio Ataide,otavio-ataide,Brazil,BR,Paris FC,LIGUE_1,Defender,DEFENDER,2002-04-21,,,true,50,,https://crests.football-data.org/1045.png
Mamadou Mbow,mamadou-mbow,Senegal,SN,Paris FC,LIGUE_1,Defender,DEFENDER,2000-03-08,,,true,50,,https://crests.football-data.org/1045.png
Yoan Kore,yoan-kore,France,FR,Paris FC,LIGUE_1,Defender,DEFENDER,2004-11-16,,,true,50,,https://crests.football-data.org/1045.png
Diego Coppola,diego-coppola-1,Italy,IT,Paris FC,LIGUE_1,Defender,DEFENDER,2003-12-28,,,true,50,,https://crests.football-data.org/1045.png
Mathys Tourraine,mathys-tourraine,Morocco,MA,Paris FC,LIGUE_1,Defender,DEFENDER,2001-01-14,,,true,50,,https://crests.football-data.org/1045.png
Nhoa Sangui,nhoa-sangui,France,FR,Paris FC,LIGUE_1,Defender,DEFENDER,2006-02-27,,,true,50,,https://crests.football-data.org/1045.png
Vincent Marchetti,vincent-marchetti,France,FR,Paris FC,LIGUE_1,Midfielder,MIDFIELDER,1997-07-04,,,true,50,,https://crests.football-data.org/1045.png
Maxime López,maxime-lopez,France,FR,Paris FC,LIGUE_1,Midfielder,MIDFIELDER,1997-12-04,,,true,50,,https://crests.football-data.org/1045.png
Pierre Lees Melou,pierre-lees-melou,France,FR,Paris FC,LIGUE_1,Midfielder,MIDFIELDER,1993-05-25,,,true,50,,https://crests.football-data.org/1045.png
Adama Camara,adama-camara,France,FR,Paris FC,LIGUE_1,Midfielder,MIDFIELDER,1996-10-18,,,true,50,,https://crests.football-data.org/1045.png
Patrick Zabi,patrick-zabi,Ivory Coast,CI,Paris FC,LIGUE_1,Midfielder,MIDFIELDER,2006-09-24,,,true,50,,https://crests.football-data.org/1045.png
Rudy Matondo,rudy-matondo,France,FR,Paris FC,LIGUE_1,Midfielder,MIDFIELDER,2008-03-13,,,true,50,,https://crests.football-data.org/1045.png
Lassine Sinayoko,lassine-sinayoko,Mali,ML,Paris FC,LIGUE_1,Forward,FORWARD,1999-12-08,,,true,50,,https://crests.football-data.org/1045.png
Alimami Gory,alimami-gory,France,FR,Paris FC,LIGUE_1,Forward,FORWARD,1996-08-30,,,true,50,,https://crests.football-data.org/1045.png
Ciro Immobile,ciro-immobile,Italy,IT,Paris FC,LIGUE_1,Forward,FORWARD,1990-02-20,,,true,50,,https://crests.football-data.org/1045.png
Moses Simon,moses-simon,Nigeria,NG,Paris FC,LIGUE_1,Forward,FORWARD,1995-07-12,,,true,50,,https://crests.football-data.org/1045.png
Jonathan Ikoné,jonathan-ikone,France,FR,Paris FC,LIGUE_1,Forward,FORWARD,1998-05-02,,,true,50,,https://crests.football-data.org/1045.png
Willem Geubbels,willem-geubbels-1,France,FR,Paris FC,LIGUE_1,Forward,FORWARD,2001-08-16,,,true,50,,https://crests.football-data.org/1045.png
Jean-Philippe Krasso,jean-philippe-krasso,Ivory Coast,CI,Paris FC,LIGUE_1,Forward,FORWARD,1997-07-17,,,true,50,,https://crests.football-data.org/1045.png
Ilan Kebbal,ilan-kebbal,Algeria,DZ,Paris FC,LIGUE_1,Forward,FORWARD,1998-07-10,,,true,50,,https://crests.football-data.org/1045.png
Pablo Pagis,pablo-pagis,France,FR,Paris FC,LIGUE_1,Forward,FORWARD,2002-12-29,,,true,50,,https://crests.football-data.org/1045.png
Luca Koleosho,luca-koleosho,Italy,IT,Paris FC,LIGUE_1,Forward,FORWARD,2004-09-15,,,true,50,,https://crests.football-data.org/1045.png
Omar Sissoko,omar-sissoko,France,FR,Paris FC,LIGUE_1,Forward,FORWARD,2006-08-18,,,true,50,,https://crests.football-data.org/1045.png
